Customer ID,first_purchase_date,last_purchase_date,number_of_orders,number_of_items,total_revenue,average_order_value,avg_items_per_invoice,avg_unique_stockcodes_per_invoice,customer_type,R,F,M,rfm_score,customer_segment,churn_status,days_since_last_purchase,Country,LTV,CohortMonth
12346,2009-12-14 08:34:00,2011-01-18 10:01:00,12,74285,77556.46,6463.038333333334,6190.416666666667,2.8333333333333335,Wholesale,,,,,,,,,,
12347,2010-10-31 14:20:00,2011-12-07 15:52:00,8,2967,4921.53,615.19125,370.875,27.75,Retail,3,3,3,333,Best Customer,Active,1.0,Iceland,4921.53,2010-10
12348,2010-09-27 14:59:00,2011-09-25 13:13:00,5,2714,2019.4,403.88,542.8,9.4,Wholesale,,,,,,,,,,
12349,2010-04-29 13:20:00,2011-11-21 09:51:00,4,1624,4428.69,1107.1725,406.0,43.75,Retail,3,2,3,323,Loyal Customer,Active,18.0,Italy,4428.69,2010-04
12350,2011-02-02 16:01:00,2011-02-02 16:01:00,1,197,334.4,334.4,197.0,17.0,Retail,1,1,1,111,At Risk / Lost Customer,Churned,309.0,Norway,334.4,2011-02
12351,2010-11-29 15:23:00,2010-11-29 15:23:00,1,261,300.93,300.93,261.0,21.0,Retail,1,1,1,111,At Risk / Lost Customer,Churned,374.0,Unspecified,300.93,2010-11
12352,2010-11-12 10:20:00,2011-11-03 14:37:00,10,724,2849.84,284.98400000000004,72.4,10.1,Retail,3,3,3,333,Best Customer,Active,35.0,Norway,2849.84,2010-11
12353,2010-10-27 12:44:00,2011-05-19 17:47:00,2,212,406.76,203.38,106.0,12.0,Retail,2,1,1,211,At Risk / Lost Customer,Churned,203.0,Bahrain,406.76,2010-10
12354,2011-04-21 13:11:00,2011-04-21 13:11:00,1,530,1079.4,1079.4,530.0,58.0,Wholesale,,,,,,,,,,
12355,2010-05-21 11:59:00,2011-05-09 13:49:00,2,543,947.61,473.805,271.5,17.5,Retail,2,1,2,212,Average Customer,Churned,213.0,Bahrain,947.61,2010-05
12356,2010-10-11 09:42:00,2011-11-17 08:40:00,6,3416,6371.73,1061.955,569.3333333333334,23.5,Wholesale,,,,,,,,,,
12357,2010-11-16 10:05:00,2011-11-06 16:07:00,3,6587,18287.66,6095.886666666666,2195.6666666666665,98.66666666666667,Wholesale,,,,,,,,,,
12358,2009-12-08 07:59:00,2011-12-08 10:26:00,5,1079,3887.07,777.414,215.8,15.2,Retail,3,2,3,323,Loyal Customer,Active,1.0,Austria,3887.07,2009-12
12359,2009-12-05 13:32:00,2011-10-13 12:47:00,10,2739,8873.39,887.3389999999999,273.9,36.0,Retail,2,3,3,233,Loyal Customer,Active,57.0,Cyprus,8873.39,2009-12
12360,2010-02-22 09:32:00,2011-10-18 15:22:00,8,2459,4252.89,531.61125,307.375,27.125,Retail,2,3,3,233,Loyal Customer,Active,51.0,Austria,4252.89,2010-02
12361,2010-01-26 14:37:00,2011-02-25 13:51:00,4,235,511.25,127.8125,58.75,7.25,Retail,1,2,2,122,Average Customer,Churned,286.0,Belgium,511.25,2010-01
12362,2009-12-01 10:10:00,2011-12-06 15:40:00,11,2230,5356.23,486.92999999999995,202.72727272727272,24.272727272727273,Retail,3,3,3,333,Best Customer,Active,2.0,Belgium,5356.23,2009-12
12363,2011-04-11 13:29:00,2011-08-22 10:18:00,2,408,552.0,276.0,204.0,11.5,Retail,2,1,2,212,Average Customer,Active,109.0,Unspecified,552.0,2011-04
12364,2011-08-19 15:24:00,2011-12-02 10:22:00,4,1506,1313.1,328.275,376.5,21.25,Retail,3,2,2,322,Loyal Customer,Active,7.0,Belgium,1313.1,2011-08
12365,2011-02-21 13:51:00,2011-02-21 14:04:00,2,174,641.38,320.69,87.0,11.0,Retail,1,1,2,112,At Risk / Lost Customer,Churned,290.0,Cyprus,641.38,2011-02
12366,2010-03-16 10:28:00,2010-03-16 10:28:00,1,296,500.24,500.24,296.0,3.0,Retail,1,1,2,112,At Risk / Lost Customer,Churned,633.0,Cyprus,500.24,2010-03
12367,2011-12-05 16:48:00,2011-12-05 16:48:00,1,173,168.9,168.9,173.0,11.0,Retail,3,1,1,311,Average Customer,Active,3.0,Denmark,168.9,2011-12
12368,2010-03-21 15:56:00,2010-03-21 15:56:00,1,330,917.6999999999999,917.6999999999999,330.0,18.0,Retail,1,1,2,112,At Risk / Lost Customer,Churned,627.0,Cyprus,917.6999999999999,2010-03
12369,2010-03-08 08:09:00,2010-10-22 13:13:00,3,1241,1791.15,597.0500000000001,413.6666666666667,31.0,Retail,1,2,3,123,Average Customer,Churned,412.0,Austria,1791.15,2010-03
12370,2010-02-09 09:41:00,2011-10-19 14:51:00,7,2604,4316.56,616.6514285714286,372.0,28.714285714285715,Retail,2,3,3,233,Loyal Customer,Active,50.0,Cyprus,4316.56,2010-02
12371,2010-03-04 18:23:00,2011-10-26 10:16:00,5,1436,4067.38,813.476,287.2,33.4,Retail,2,2,3,223,Loyal Customer,Active,44.0,Switzerland,4067.38,2010-03
12372,2011-02-16 12:46:00,2011-09-29 12:12:00,3,794,1298.04,432.68,264.6666666666667,17.333333333333332,Retail,2,2,2,222,Average Customer,Active,71.0,Denmark,1298.04,2011-02
12373,2010-02-04 12:08:00,2011-02-01 13:10:00,3,516,1127.65,375.8833333333334,172.0,17.0,Retail,1,2,2,122,Average Customer,Churned,310.0,Austria,1127.65,2010-02
12374,2010-04-30 14:01:00,2011-11-14 15:37:00,4,1362,2989.2200000000003,747.3050000000001,340.5,20.75,Retail,3,2,3,323,Loyal Customer,Active,24.0,Austria,2989.2200000000003,2010-04
12375,2011-09-02 14:23:00,2011-11-29 10:36:00,2,178,457.5,228.75,89.0,8.5,Retail,3,1,2,312,Average Customer,Active,10.0,Finland,457.5,2011-09
12376,2010-10-18 08:42:00,2010-11-15 12:15:00,2,240,503.15,251.575,120.0,6.5,Retail,1,1,2,112,At Risk / Lost Customer,Churned,389.0,Switzerland,503.15,2010-10
12377,2010-04-29 15:34:00,2011-01-28 15:45:00,4,2105,3426.32,856.58,526.25,38.0,Wholesale,,,,,,,,,,
12378,2010-05-26 14:07:00,2011-08-02 10:34:00,2,3316,5416.32,2708.16,1658.0,150.5,Wholesale,,,,,,,,,,
12379,2010-06-23 12:49:00,2011-09-19 10:09:00,4,815,1620.22,405.055,203.75,20.25,Retail,2,2,3,223,Loyal Customer,Active,81.0,Belgium,1620.22,2010-06
12380,2010-02-15 12:05:00,2011-11-18 11:27:00,11,3355,9676.300000000001,879.6636363636364,305.0,25.181818181818183,Retail,3,3,3,333,Best Customer,Active,21.0,Belgium,9676.300000000001,2010-02
12381,2011-08-12 09:57:00,2011-12-05 12:44:00,5,808,1845.31,369.062,161.6,17.4,Retail,3,2,3,323,Loyal Customer,Active,4.0,Norway,1845.31,2011-08
12383,2010-12-22 14:28:00,2011-06-08 08:02:00,5,1532,1850.56,370.11199999999997,306.4,19.8,Retail,2,2,3,223,Loyal Customer,Churned,184.0,Belgium,1850.56,2010-12
12384,2011-08-10 11:23:00,2011-11-11 08:39:00,2,126,585.27,292.635,63.0,13.5,Retail,3,1,2,312,Average Customer,Active,28.0,Switzerland,585.27,2011-08
12385,2010-11-25 15:14:00,2010-11-25 15:14:00,1,612,1938.4,1938.4,612.0,65.0,Wholesale,,,,,,,,,,
12386,2010-12-08 09:53:00,2011-01-06 12:37:00,2,354,401.9,200.95,177.0,5.0,Retail,1,1,1,111,At Risk / Lost Customer,Churned,337.0,Australia,401.9,2010-12
12387,2010-10-20 16:27:00,2010-10-20 16:27:00,1,134,143.94,143.94,134.0,9.0,Retail,1,1,1,111,At Risk / Lost Customer,Churned,414.0,Australia,143.94,2010-10
12388,2010-05-06 12:54:00,2011-11-24 12:30:00,8,2001,3901.11,487.63875,250.125,18.25,Retail,3,3,3,333,Best Customer,Active,15.0,Australia,3901.11,2010-05
12389,2010-02-22 10:15:00,2010-11-02 11:52:00,3,614,1433.33,477.77666666666664,204.66666666666666,16.333333333333332,Retail,1,2,3,123,Average Customer,Churned,402.0,Australia,1433.33,2010-02
12390,2011-09-21 09:33:00,2011-09-21 09:33:00,1,353,549.84,549.84,353.0,32.0,Retail,2,1,2,212,Average Customer,Active,79.0,Belgium,549.84,2011-09
12391,2010-02-15 10:12:00,2011-11-18 12:07:00,6,1204,2724.84,454.14000000000004,200.66666666666666,43.166666666666664,Retail,3,3,3,333,Best Customer,Active,21.0,Cyprus,2724.84,2010-02
12392,2010-04-27 14:04:00,2010-04-27 14:04:00,1,73,234.75000000000003,234.75000000000003,73.0,7.0,Retail,1,1,1,111,At Risk / Lost Customer,Churned,590.0,Australia,234.75000000000003,2010-04
12393,2010-10-07 13:49:00,2011-09-28 15:41:00,6,1311,2399.4500000000003,399.90833333333336,218.5,17.666666666666668,Retail,2,3,3,233,Loyal Customer,Active,71.0,Australia,2399.4500000000003,2010-10
12394,2011-05-06 14:01:00,2011-10-07 08:08:00,2,819,1272.48,636.24,409.5,13.5,Retail,2,1,2,212,Average Customer,Active,63.0,Denmark,1272.48,2011-05
12395,2010-04-16 10:16:00,2011-11-20 15:21:00,15,3205,4721.17,314.74466666666666,213.66666666666666,16.133333333333333,Retail,3,3,3,333,Best Customer,Active,18.0,Belgium,4721.17,2010-04
12396,2010-02-03 13:22:00,2010-02-03 13:22:00,1,591,931.43,931.43,591.0,65.0,Wholesale,,,,,,,,,,
12397,2011-07-27 14:21:00,2011-11-04 09:52:00,2,1263,2409.9,1204.95,631.5,63.0,Wholesale,,,,,,,,,,
12398,2011-10-25 10:27:00,2011-10-25 10:27:00,1,1394,1635.6599999999999,1635.6599999999999,1394.0,85.0,Wholesale,,,,,,,,,,
12399,2010-03-05 08:45:00,2011-08-12 13:15:00,7,2198,1962.3,280.3285714285714,314.0,15.714285714285714,Retail,2,3,3,233,Loyal Customer,Active,118.0,Belgium,1962.3,2010-03
12400,2010-10-21 13:45:00,2010-10-21 13:45:00,1,91,205.25,205.25,91.0,11.0,Retail,1,1,1,111,At Risk / Lost Customer,Churned,413.0,Australia,205.25,2010-10
12401,2011-02-09 13:50:00,2011-02-09 13:50:00,1,11,84.3,84.3,11.0,5.0,Retail,1,1,1,111,At Risk / Lost Customer,Churned,302.0,Belgium,84.3,2011-02
12402,2010-02-07 12:41:00,2011-01-20 13:49:00,6,584,1256.9,209.48333333333335,97.33333333333333,11.666666666666666,Retail,1,3,2,132,Average Customer,Churned,322.0,Belgium,1256.9,2010-02
12403,2010-07-06 11:39:00,2011-10-21 10:51:00,2,260,1019.36,509.68,130.0,4.5,Retail,2,1,2,212,Average Customer,Active,49.0,Denmark,1019.36,2010-07
12404,2010-01-26 16:25:00,2010-01-26 16:25:00,1,1,63.24,63.24,1.0,1.0,Retail,1,1,1,111,At Risk / Lost Customer,Churned,681.0,Finland,63.24,2010-01
12405,2011-07-14 08:52:00,2011-07-14 08:52:00,1,857,1710.39,1710.39,857.0,54.0,Wholesale,,,,,,,,,,
12406,2010-01-11 14:04:00,2011-11-17 19:22:00,5,3416,6390.36,1278.072,683.2,33.0,Wholesale,,,,,,,,,,
12407,2011-03-20 13:21:00,2011-10-21 10:11:00,5,1416,1708.1200000000001,341.624,283.2,15.4,Retail,2,2,3,223,Loyal Customer,Active,49.0,Belgium,1708.1200000000001,2011-03
12408,2010-07-29 13:27:00,2011-11-07 12:27:00,8,2229,4340.7699999999995,542.5962499999999,278.625,19.875,Retail,3,3,3,333,Best Customer,Active,32.0,Belgium,4340.7699999999995,2010-07
12409,2010-05-23 15:21:00,2011-09-22 10:38:00,7,13143,23419.29,3345.612857142857,1877.5714285714287,37.714285714285715,Wholesale,,,,,,,,,,
12410,2010-07-25 13:26:00,2011-02-04 10:39:00,3,341,1013.71,337.90333333333336,113.66666666666667,13.333333333333334,Retail,1,2,2,122,Average Customer,Churned,308.0,Switzerland,1013.71,2010-07
12411,2010-10-26 09:25:00,2010-10-26 09:25:00,1,138,346.9,346.9,138.0,22.0,Retail,1,1,1,111,At Risk / Lost Customer,Churned,409.0,Australia,346.9,2010-10
12412,2010-06-18 13:22:00,2011-09-26 10:16:00,6,1997,2596.93,432.82166666666666,332.8333333333333,21.166666666666668,Retail,2,3,3,233,Loyal Customer,Active,74.0,Denmark,2596.93,2010-06
12413,2010-11-02 13:26:00,2011-10-04 09:00:00,4,319,999.45,249.8625,79.75,12.75,Retail,2,2,2,222,Average Customer,Active,66.0,France,999.45,2010-11
12414,2010-09-02 12:22:00,2011-05-06 14:51:00,6,495,952.41,158.73499999999999,82.5,4.666666666666667,Retail,2,3,2,232,Loyal Customer,Churned,216.0,Austria,952.41,2010-09
12415,2010-06-30 08:30:00,2011-11-15 14:22:00,28,91743,144458.37,5159.2275,3276.535714285714,33.142857142857146,Wholesale,,,,,,,,,,
12416,2010-02-21 10:19:00,2010-02-21 10:19:00,1,132,202.56,202.56,132.0,11.0,Retail,1,1,1,111,At Risk / Lost Customer,Churned,656.0,Australia,202.56,2010-02
12417,2009-12-06 10:30:00,2011-12-06 14:52:00,20,2894,6797.41,339.8705,144.7,18.5,Retail,3,3,3,333,Best Customer,Active,2.0,Belgium,6797.41,2009-12
12418,2010-03-19 14:47:00,2011-08-19 11:08:00,4,1088,2021.2,505.3,272.0,25.5,Retail,2,2,3,223,Loyal Customer,Active,112.0,Switzerland,2021.2,2010-03
12419,2010-10-22 10:40:00,2010-11-19 10:04:00,2,231,503.01,251.505,115.5,12.5,Retail,1,1,2,112,At Risk / Lost Customer,Churned,385.0,Spain,503.01,2010-10
12420,2011-10-07 08:55:00,2011-10-07 08:55:00,1,345,600.39,600.39,345.0,29.0,Retail,2,1,2,212,Average Customer,Active,63.0,Cyprus,600.39,2011-10
12421,2010-07-22 13:57:00,2011-11-24 09:07:00,6,652,1098.6,183.1,108.66666666666667,10.833333333333334,Retail,3,3,2,332,Loyal Customer,Active,15.0,Spain,1098.6,2010-07
12422,2009-12-18 12:44:00,2011-09-05 09:48:00,17,2596,5231.8,307.7529411764706,152.7058823529412,10.117647058823529,Retail,2,3,3,233,Loyal Customer,Active,95.0,Australia,5231.8,2009-12
12423,2010-08-31 09:31:00,2011-12-09 10:10:00,10,1793,2622.39,262.239,179.3,16.5,Retail,3,3,3,333,Best Customer,Active,0.0,Belgium,2622.39,2010-08
12424,2010-06-09 15:15:00,2011-06-30 12:06:00,4,2025,3340.03,835.0075,506.25,23.0,Wholesale,,,,,,,,,,
12425,2010-09-17 14:10:00,2011-09-22 17:31:00,2,1147,1741.41,870.705,573.5,45.5,Wholesale,,,,,,,,,,
12426,2010-02-15 08:41:00,2011-05-29 12:26:00,2,584,1345.21,672.605,292.0,38.5,Retail,2,1,2,212,Average Customer,Churned,194.0,Germany,1345.21,2010-02
12427,2010-12-03 10:44:00,2011-11-18 08:56:00,3,533,825.8,275.26666666666665,177.66666666666666,10.333333333333334,Retail,3,2,2,322,Loyal Customer,Active,21.0,Germany,825.8,2010-12
12428,2011-03-01 09:33:00,2011-11-14 08:22:00,9,3536,7956.46,884.0511111111111,392.8888888888889,32.666666666666664,Retail,3,3,3,333,Best Customer,Active,25.0,Finland,7956.46,2011-03
12429,2010-06-11 13:28:00,2011-11-30 17:22:00,8,2890,6204.41,775.55125,361.25,19.125,Retail,3,3,3,333,Best Customer,Active,8.0,Denmark,6204.41,2010-06
12430,2011-10-27 15:09:00,2011-10-27 15:09:00,1,117,256.4,256.4,117.0,11.0,Retail,3,1,1,311,Average Customer,Active,42.0,Norway,256.4,2011-10
12431,2010-01-15 09:04:00,2011-11-04 11:55:00,27,4612,10432.22,386.3785185185185,170.8148148148148,14.481481481481481,Retail,3,3,3,333,Best Customer,Active,35.0,Australia,10432.22,2010-01
12432,2011-06-20 13:27:00,2011-10-28 11:43:00,5,1801,5059.32,1011.8639999999999,360.2,21.6,Retail,3,2,3,323,Loyal Customer,Active,42.0,Norway,5059.32,2011-06
12433,2010-08-20 09:23:00,2011-12-09 10:02:00,10,13534,16794.14,1679.414,1353.4,55.9,Wholesale,,,,,,,,,,
12434,2010-11-23 13:38:00,2011-09-16 12:38:00,3,532,1103.43,367.81,177.33333333333334,23.333333333333332,Retail,2,2,2,222,Average Customer,Active,84.0,Australia,1103.43,2010-11
12435,2009-12-02 13:58:00,2011-09-21 09:06:00,6,4958,13925.93,2320.9883333333332,826.3333333333334,18.666666666666668,Wholesale,,,,,,,,,,
12436,2011-09-01 12:09:00,2011-09-01 12:09:00,1,211,509.01,509.01,211.0,16.0,Retail,2,1,2,212,Average Customer,Active,99.0,Norway,509.01,2011-09
12437,2009-12-02 16:24:00,2011-12-08 11:35:00,39,8001,12683.4,325.2153846153846,205.15384615384616,14.461538461538462,Retail,3,3,3,333,Best Customer,Active,1.0,France,12683.4,2009-12
12438,2011-07-22 13:29:00,2011-11-25 13:28:00,2,1180,2906.85,1453.425,590.0,49.0,Wholesale,,,,,,,,,,
12439,2009-12-14 08:40:00,2010-01-26 12:11:00,2,478,1142.88,571.44,239.0,35.5,Retail,1,1,2,112,At Risk / Lost Customer,Churned,682.0,Cyprus,1142.88,2009-12
12440,2009-12-22 12:03:00,2010-09-03 13:11:00,2,331,859.2,429.6,165.5,16.0,Retail,1,1,2,112,At Risk / Lost Customer,Churned,461.0,Austria,859.2,2009-12
12441,2010-12-08 10:45:00,2010-12-08 10:45:00,1,121,173.55,173.55,121.0,11.0,Retail,1,1,1,111,At Risk / Lost Customer,Churned,366.0,France,173.55,2010-12
12442,2011-12-06 14:22:00,2011-12-06 14:22:00,1,182,172.06,172.06,182.0,12.0,Retail,3,1,1,311,Average Customer,Active,2.0,Spain,172.06,2011-12
12443,2009-12-07 15:42:00,2009-12-07 15:42:00,1,182,485.31,485.31,182.0,21.0,Retail,1,1,2,112,At Risk / Lost Customer,Churned,731.0,Norway,485.31,2009-12
12444,2011-06-21 14:00:00,2011-11-18 13:23:00,5,1155,5005.46,1001.092,231.0,35.2,Retail,3,2,3,323,Loyal Customer,Active,20.0,Norway,5005.46,2011-06
12445,2010-10-15 12:28:00,2011-11-17 18:43:00,2,206,434.98,217.49,103.0,12.0,Retail,3,1,2,312,Average Customer,Active,21.0,Spain,434.98,2010-10
12446,2011-10-13 12:50:00,2011-10-13 12:50:00,1,352,1002.3100000000001,1002.3100000000001,352.0,58.0,Wholesale,,,,,,,,,,
12447,2011-04-10 13:25:00,2011-04-10 13:25:00,1,190,476.49,476.49,190.0,26.0,Retail,2,1,2,212,Average Customer,Churned,242.0,Belgium,476.49,2011-04
12448,2011-10-26 13:46:00,2011-10-26 13:46:00,1,243,449.45,449.45,243.0,22.0,Retail,2,1,2,212,Average Customer,Active,43.0,Spain,449.45,2011-10
12449,2010-09-27 09:37:00,2011-11-17 13:46:00,6,2282,4835.89,805.9816666666667,380.3333333333333,33.5,Retail,3,3,3,333,Best Customer,Active,21.0,Belgium,4835.89,2010-09
12450,2010-08-22 13:11:00,2011-07-06 14:41:00,5,442,688.2,137.64000000000001,88.4,7.4,Retail,2,2,2,222,Average Customer,Churned,155.0,Spain,688.2,2010-08
12451,2010-06-28 12:58:00,2011-11-29 08:40:00,8,9359,12669.88,1583.735,1169.875,63.875,Wholesale,,,,,,,,,,
12452,2011-11-23 08:05:00,2011-11-23 10:28:00,2,185,430.57,215.285,92.5,11.0,Retail,3,1,2,312,Average Customer,Active,16.0,Switzerland,430.57,2011-11
12453,2011-07-28 14:08:00,2011-07-28 14:08:00,1,473,707.09,707.09,473.0,43.0,Retail,2,1,2,212,Average Customer,Active,133.0,Austria,707.09,2011-07
12454,2010-10-14 17:33:00,2011-10-14 17:13:00,5,7703,16679.78,3335.9559999999997,1540.6,8.0,Wholesale,,,,,,,,,,
12455,2009-12-18 12:33:00,2011-09-27 15:31:00,10,3302,5879.95,587.995,330.2,22.7,Retail,2,3,3,233,Loyal Customer,Active,72.0,Spain,5879.95,2009-12
12456,2011-03-30 09:12:00,2011-10-26 14:41:00,3,1633,3181.04,1060.3466666666666,544.3333333333334,41.666666666666664,Wholesale,,,,,,,,,,
12457,2010-09-30 17:59:00,2011-10-04 13:13:00,8,1095,2995.91,374.48875,136.875,10.5,Retail,2,3,3,233,Loyal Customer,Active,65.0,Cyprus,2995.91,2010-09
12458,2010-08-09 10:33:00,2011-09-29 15:25:00,4,986,1777.49,444.3725,246.5,21.0,Retail,2,2,3,223,Loyal Customer,Active,70.0,Switzerland,1777.49,2010-08
12459,2010-04-13 14:53:00,2010-04-13 14:53:00,1,258,454.36,454.36,258.0,23.0,Retail,1,1,2,112,At Risk / Lost Customer,Churned,604.0,Spain,454.36,2010-04
12460,2010-09-09 13:51:00,2010-09-09 13:51:00,1,170,326.65,326.65,170.0,18.0,Retail,1,1,1,111,At Risk / Lost Customer,Churned,455.0,Belgium,326.65,2010-09
12461,2011-07-08 10:23:00,2011-09-06 16:57:00,2,287,826.88,413.44,143.5,17.5,Retail,2,1,2,212,Average Customer,Active,93.0,Switzerland,826.88,2011-07
12462,2011-02-09 14:44:00,2011-11-21 09:11:00,2,536,1189.59,594.795,268.0,31.0,Retail,3,1,2,312,Average Customer,Active,18.0,Spain,1189.59,2011-02
12463,2011-04-12 12:47:00,2011-10-17 13:44:00,4,776,1344.78,336.195,194.0,20.75,Retail,2,2,2,222,Average Customer,Active,52.0,Belgium,1344.78,2011-04
12464,2011-02-03 13:30:00,2011-11-29 13:33:00,8,112,1212.05,151.50625,14.0,3.625,Retail,3,3,2,332,Loyal Customer,Active,9.0,Belgium,1212.05,2011-02
12465,2011-06-23 13:37:00,2011-11-22 16:34:00,2,479,742.1899999999999,371.09499999999997,239.5,23.5,Retail,3,1,2,312,Average Customer,Active,16.0,Belgium,742.1899999999999,2011-06
12466,2010-01-26 16:26:00,2010-01-26 16:26:00,1,1,56.73,56.73,1.0,1.0,Retail,1,1,1,111,At Risk / Lost Customer,Churned,681.0,France,56.73,2010-01
12467,2010-10-12 15:41:00,2010-10-12 15:41:00,1,129,132.8,132.8,129.0,9.0,Retail,1,1,1,111,At Risk / Lost Customer,Churned,422.0,USA,132.8,2010-10
12468,2010-01-26 10:09:00,2011-06-05 11:36:00,5,2201,3670.74,734.1479999999999,440.2,30.0,Retail,2,2,3,223,Loyal Customer,Churned,187.0,Germany,3670.74,2010-01
12469,2010-06-21 10:30:00,2010-07-05 12:40:00,2,2552,3070.54,1535.27,1276.0,38.0,Wholesale,,,,,,,,,,
12470,2010-01-19 11:01:00,2010-01-19 11:01:00,1,95,211.95,211.95,95.0,23.0,Retail,1,1,1,111,At Risk / Lost Customer,Churned,689.0,Unspecified,211.95,2010-01
12471,2009-12-07 10:41:00,2011-12-07 15:43:00,79,16867,39918.19,505.2935443037975,213.50632911392404,14.379746835443038,Retail,3,3,3,333,Best Customer,Active,1.0,Germany,39918.19,2009-12
12472,2009-12-14 10:49:00,2011-11-07 14:01:00,19,10378,16249.289999999999,855.2257894736841,546.2105263157895,44.26315789473684,Wholesale,,,,,,,,,,
12473,2011-06-01 10:15:00,2011-11-10 13:46:00,5,2414,3928.0499999999997,785.6099999999999,482.8,33.0,Retail,3,2,3,323,Loyal Customer,Active,28.0,Germany,3928.0499999999997,2011-06
12474,2010-02-11 09:41:00,2011-11-22 14:39:00,31,7940,12372.75,399.1209677419355,256.1290322580645,22.838709677419356,Retail,3,3,3,333,Best Customer,Active,16.0,Germany,12372.75,2010-02
12475,2010-10-26 08:49:00,2011-10-17 10:10:00,2,771,1149.64,574.82,385.5,30.5,Retail,2,1,2,212,Average Customer,Active,53.0,Germany,1149.64,2010-10
12476,2010-07-26 09:04:00,2011-11-24 12:40:00,23,5631,14083.91,612.3439130434782,244.82608695652175,22.304347826086957,Retail,3,3,3,333,Best Customer,Active,15.0,Germany,14083.91,2010-07
12477,2010-03-26 14:01:00,2011-11-17 09:51:00,9,6119,20276.37,2252.93,679.8888888888889,62.666666666666664,Wholesale,,,,,,,,,,
12478,2011-12-06 09:56:00,2011-12-06 09:56:00,1,236,680.99,680.99,236.0,36.0,Retail,3,1,2,312,Average Customer,Active,3.0,Greece,680.99,2011-12
12479,2011-11-28 13:26:00,2011-11-28 13:26:00,1,385,527.2,527.2,385.0,31.0,Retail,3,1,2,312,Average Customer,Active,10.0,Germany,527.2,2011-11
12480,2010-07-20 13:21:00,2011-11-11 14:52:00,7,2952,5464.85,780.6928571428572,421.7142857142857,34.57142857142857,Retail,3,3,3,333,Best Customer,Active,27.0,Germany,5464.85,2010-07
12481,2010-04-11 13:10:00,2011-11-17 08:29:00,15,7158,12185.51,812.3673333333334,477.2,25.333333333333332,Retail,3,3,3,333,Best Customer,Active,22.0,Germany,12185.51,2010-04
12482,2010-02-24 10:24:00,2010-05-12 16:51:00,29,27042,23691.4,816.944827586207,932.4827586206897,7.0344827586206895,Wholesale,,,,,,,,,,
12483,2010-01-31 13:28:00,2011-11-22 17:02:00,19,2160,5097.18,268.27263157894737,113.6842105263158,7.2631578947368425,Retail,3,3,3,333,Best Customer,Active,16.0,Sweden,5097.18,2010-01
12484,2010-01-27 16:41:00,2011-11-07 11:37:00,12,3266,6354.1,529.5083333333333,272.1666666666667,37.583333333333336,Retail,3,3,3,333,Best Customer,Active,32.0,Spain,6354.1,2010-01
12485,2010-06-28 15:22:00,2010-06-28 15:22:00,1,414,708.1,708.1,414.0,34.0,Retail,1,1,2,112,At Risk / Lost Customer,Churned,528.0,Sweden,708.1,2010-06
12486,2010-10-04 12:14:00,2010-10-04 12:14:00,1,523,1037.28,1037.28,523.0,49.0,Wholesale,,,,,,,,,,
12487,2009-12-09 11:36:00,2009-12-09 11:36:00,1,174,285.29999999999995,285.29999999999995,174.0,2.0,Retail,1,1,1,111,At Risk / Lost Customer,Churned,730.0,Sweden,285.29999999999995,2009-12
12488,2011-09-25 10:34:00,2011-11-30 08:50:00,3,529,1298.66,432.8866666666667,176.33333333333334,18.333333333333332,Retail,3,2,2,322,Loyal Customer,Active,9.0,France,1298.66,2011-09
12489,2011-01-07 13:13:00,2011-01-07 13:13:00,1,105,334.93,334.93,105.0,15.0,Retail,1,1,1,111,At Risk / Lost Customer,Churned,335.0,France,334.93,2011-01
12490,2009-12-01 12:52:00,2011-12-04 16:07:00,21,5906,9823.64,467.79238095238094,281.23809523809524,22.0,Retail,3,3,3,333,Best Customer,Active,4.0,France,9823.64,2009-12
12491,2011-11-01 12:18:00,2011-11-01 12:18:00,1,260,460.40000000000003,460.40000000000003,260.0,25.0,Retail,3,1,2,312,Average Customer,Active,38.0,France,460.40000000000003,2011-11
12492,2010-11-01 14:58:00,2011-10-07 15:15:00,3,444,715.21,238.40333333333334,148.0,14.0,Retail,2,2,2,222,Average Customer,Active,62.0,Germany,715.21,2010-11
12493,2011-05-26 14:53:00,2011-06-27 10:17:00,2,207,433.74,216.87,103.5,11.0,Retail,2,1,2,212,Average Customer,Churned,165.0,France,433.74,2011-05
12494,2010-05-12 13:52:00,2011-11-24 09:34:00,9,979,1815.27,201.69666666666666,108.77777777777777,12.0,Retail,3,3,3,333,Best Customer,Active,15.0,France,1815.27,2010-05
12495,2010-03-09 10:53:00,2010-03-09 10:53:00,1,130,357.4,357.4,130.0,17.0,Retail,1,1,1,111,At Risk / Lost Customer,Churned,640.0,Sweden,357.4,2010-03
12496,2010-03-29 13:57:00,2010-03-29 14:06:00,2,30,45.34,22.67,15.0,5.0,Retail,1,1,1,111,At Risk / Lost Customer,Churned,619.0,Spain,45.34,2010-03
12497,2010-03-05 09:39:00,2011-09-19 12:29:00,3,5685,6248.5,2082.8333333333335,1895.0,19.0,Wholesale,,,,,,,,,,
12498,2011-10-13 09:30:00,2011-11-18 12:53:00,3,159,403.70000000000005,134.5666666666667,53.0,7.666666666666667,Retail,3,2,1,321,Average Customer,Active,20.0,Germany,403.70000000000005,2011-10
12499,2010-05-28 15:12:00,2010-05-28 15:12:00,1,302,393.72,393.72,302.0,27.0,Retail,1,1,1,111,At Risk / Lost Customer,Churned,559.0,Germany,393.72,2010-05
12500,2010-02-04 15:05:00,2011-11-16 16:20:00,19,3377,5955.21,313.4321052631579,177.73684210526315,7.684210526315789,Retail,3,3,3,333,Best Customer,Active,22.0,Germany,5955.21,2010-02
12501,2011-01-07 12:28:00,2011-01-07 12:28:00,1,1783,2169.39,2169.39,1783.0,149.0,Wholesale,,,,,,,,,,
12502,2011-02-03 10:41:00,2011-09-05 11:52:00,5,820,3723.87,744.774,164.0,29.4,Retail,2,2,3,223,Loyal Customer,Active,95.0,Spain,3723.87,2011-02
12503,2010-05-04 13:59:00,2010-05-04 13:59:00,1,561,1126.0,1126.0,561.0,2.0,Wholesale,,,,,,,,,,
12504,2010-04-22 10:24:00,2011-11-21 16:02:00,4,458,779.05,194.7625,114.5,5.0,Retail,3,2,2,322,Loyal Customer,Active,17.0,Germany,779.05,2010-04
12505,2010-10-27 09:18:00,2010-10-27 09:18:00,1,324,955.2,955.2,324.0,42.0,Retail,1,1,2,112,At Risk / Lost Customer,Churned,408.0,Italy,955.2,2010-10
12506,2011-04-21 08:54:00,2011-04-21 08:54:00,1,23,73.5,73.5,23.0,23.0,Retail,2,1,1,211,At Risk / Lost Customer,Churned,232.0,France,73.5,2011-04
12507,2010-05-04 09:23:00,2011-07-28 17:09:00,4,1267,1844.06,461.015,316.75,12.5,Retail,2,2,3,223,Loyal Customer,Active,133.0,Spain,1844.06,2010-05
12508,2011-11-10 16:27:00,2011-11-13 15:37:00,2,271,397.88,198.94,135.5,32.0,Retail,3,1,1,311,Average Customer,Active,25.0,France,397.88,2011-11
12509,2011-02-28 14:45:00,2011-02-28 14:45:00,1,55,176.5,176.5,55.0,7.0,Retail,1,1,1,111,At Risk / Lost Customer,Churned,283.0,France,176.5,2011-02
12510,2009-12-04 13:47:00,2011-07-20 10:15:00,9,2049,5178.02,575.3355555555556,227.66666666666666,16.11111111111111,Retail,2,3,3,233,Loyal Customer,Churned,142.0,Spain,5178.02,2009-12
12511,2010-10-07 10:39:00,2010-10-07 10:39:00,1,1753,3084.02,3084.02,1753.0,190.0,Wholesale,,,,,,,,,,
12512,2011-10-04 14:53:00,2011-10-04 14:55:00,2,96,132.18,66.09,48.0,15.5,Retail,2,1,1,211,At Risk / Lost Customer,Active,65.0,Israel,132.18,2011-10
12513,2011-08-19 10:51:00,2011-08-19 10:51:00,1,462,612.29,612.29,462.0,35.0,Retail,2,1,2,212,Average Customer,Active,112.0,France,612.29,2011-08
12514,2010-03-08 12:18:00,2011-03-17 16:38:00,2,840,1597.76,798.88,420.0,42.0,Retail,2,1,3,213,Average Customer,Churned,266.0,Italy,1597.76,2010-03
12515,2010-12-21 15:43:00,2010-12-21 15:43:00,1,131,383.7,383.7,131.0,16.0,Retail,1,1,1,111,At Risk / Lost Customer,Churned,352.0,Italy,383.7,2010-12
12516,2010-04-19 14:14:00,2011-09-23 09:13:00,4,1952,2648.62,662.155,488.0,18.5,Retail,2,2,3,223,Loyal Customer,Active,77.0,Germany,2648.62,2010-04
12517,2011-06-02 15:13:00,2011-11-11 14:04:00,5,1361,2481.6,496.32,272.2,54.2,Wholesale,,,,,,,,,,
12518,2011-08-21 13:18:00,2011-12-09 10:13:00,5,1318,2056.89,411.378,263.6,24.8,Retail,3,2,3,323,Loyal Customer,Active,0.0,Germany,2056.89,2011-08
12519,2010-08-20 08:21:00,2011-10-07 09:26:00,2,387,716.54,358.27,193.5,19.5,Retail,2,1,2,212,Average Customer,Active,63.0,Germany,716.54,2010-08
12520,2011-03-11 11:35:00,2011-09-21 15:23:00,5,1439,2634.26,526.8520000000001,287.8,30.4,Retail,2,2,3,223,Loyal Customer,Active,78.0,Germany,2634.26,2011-03
12521,2011-07-20 10:51:00,2011-07-20 10:51:00,1,309,599.68,599.68,309.0,38.0,Retail,2,1,2,212,Average Customer,Churned,142.0,Germany,599.68,2011-07
12522,2011-10-19 14:41:00,2011-10-31 15:30:00,2,194,192.72,96.36,97.0,6.0,Retail,3,1,1,311,Average Customer,Active,38.0,Germany,192.72,2011-10
12523,2009-12-07 13:46:00,2011-11-20 12:55:00,23,2263,4352.35,189.2326086956522,98.3913043478261,10.826086956521738,Retail,3,3,3,333,Best Customer,Active,18.0,France,4352.35,2009-12
12524,2010-02-08 14:41:00,2011-11-30 15:31:00,17,7178,11126.11,654.4770588235294,422.2352941176471,14.117647058823529,Retail,3,3,3,333,Best Customer,Active,8.0,Germany,11126.11,2010-02
12525,2010-03-02 14:01:00,2010-07-29 16:08:00,3,509,973.73,324.57666666666665,169.66666666666666,20.0,Retail,1,2,2,122,Average Customer,Churned,497.0,France,973.73,2010-03
12526,2011-09-06 14:19:00,2011-12-09 12:09:00,3,632,1316.66,438.8866666666667,210.66666666666666,23.666666666666668,Retail,3,2,2,322,Loyal Customer,Active,0.0,Germany,1316.66,2011-09
12527,2010-06-28 15:37:00,2011-09-19 11:55:00,5,526,735.51,147.102,105.2,6.4,Retail,2,2,2,222,Average Customer,Active,81.0,Germany,735.51,2010-06
12528,2011-01-31 09:05:00,2011-11-30 14:40:00,6,756,1933.48,322.24666666666667,126.0,15.333333333333334,Retail,3,3,3,333,Best Customer,Active,8.0,Germany,1933.48,2011-01
12529,2010-06-29 13:10:00,2010-06-29 13:10:00,1,192,316.48,316.48,192.0,21.0,Retail,1,1,1,111,At Risk / Lost Customer,Churned,527.0,France,316.48,2010-06
12530,2010-03-07 14:37:00,2011-10-11 12:34:00,9,2713,3759.26,417.6955555555556,301.44444444444446,17.555555555555557,Retail,2,3,3,233,Loyal Customer,Active,59.0,Germany,3759.26,2010-03
12531,2010-01-22 14:17:00,2011-11-25 11:12:00,2,1119,1933.2,966.6,559.5,63.5,Wholesale,,,,,,,,,,
12532,2011-11-09 13:47:00,2011-11-09 13:47:00,1,153,349.83000000000004,349.83000000000004,153.0,16.0,Retail,3,1,1,311,Average Customer,Active,29.0,France,349.83000000000004,2011-11
12533,2009-12-01 11:50:00,2010-03-22 10:56:00,2,704,1367.89,683.945,352.0,36.0,Retail,1,1,2,112,At Risk / Lost Customer,Churned,627.0,Germany,1367.89,2009-12
12534,2011-08-01 10:26:00,2011-08-01 10:26:00,1,651,1089.18,1089.18,651.0,63.0,Wholesale,,,,,,,,,,
12535,2011-06-06 12:47:00,2011-09-09 08:48:00,2,219,716.35,358.175,109.5,17.0,Retail,2,1,2,212,Average Customer,Active,91.0,France,716.35,2011-06
12536,2011-10-11 14:52:00,2011-10-27 14:20:00,3,2803,12601.830000000002,4200.610000000001,934.3333333333334,87.0,Wholesale,,,,,,,,,,
12537,2010-10-27 08:36:00,2010-10-27 08:36:00,1,449,732.94,732.94,449.0,43.0,Retail,1,1,2,112,At Risk / Lost Customer,Churned,408.0,Sweden,732.94,2010-10
12538,2010-11-26 13:02:00,2011-11-10 17:16:00,2,336,640.45,320.225,168.0,17.0,Retail,3,1,2,312,Average Customer,Active,28.0,Spain,640.45,2010-11
12539,2009-12-23 13:00:00,2011-11-17 13:30:00,7,4535,11214.75,1602.107142857143,647.8571428571429,72.0,Wholesale,,,,,,,,,,
12540,2009-12-07 16:56:00,2011-11-20 11:31:00,33,11019,22254.49,674.3784848484848,333.90909090909093,23.363636363636363,Retail,3,3,3,333,Best Customer,Active,19.0,Spain,22254.49,2009-12
12541,2011-03-04 09:32:00,2011-11-10 10:40:00,3,680,981.18,327.06,226.66666666666666,17.333333333333332,Retail,3,2,2,322,Loyal Customer,Active,29.0,Spain,981.18,2011-03
12542,2010-03-09 16:26:00,2010-08-12 19:12:00,2,522,481.88,240.94,261.0,19.5,Retail,1,1,2,112,At Risk / Lost Customer,Churned,483.0,Spain,481.88,2010-03
12543,2010-09-17 15:51:00,2010-09-17 15:51:00,1,688,980.25,980.25,688.0,43.0,Wholesale,,,,,,,,,,
12544,2011-11-03 16:15:00,2011-11-03 16:15:00,1,136,372.7,372.7,136.0,19.0,Retail,3,1,1,311,Average Customer,Active,35.0,Spain,372.7,2011-11
12545,2011-03-25 12:04:00,2011-09-25 13:39:00,2,523,1000.39,500.195,261.5,25.0,Retail,2,1,2,212,Average Customer,Active,74.0,Spain,1000.39,2011-03
12546,2011-09-23 09:44:00,2011-10-24 12:09:00,2,633,1161.5,580.75,316.5,34.5,Retail,2,1,2,212,Average Customer,Active,46.0,Spain,1161.5,2011-09
12547,2010-07-27 13:55:00,2011-05-26 12:38:00,3,309,383.58,127.86,103.0,7.0,Retail,2,2,1,221,Average Customer,Churned,197.0,Spain,383.58,2010-07
12548,2011-06-26 15:35:00,2011-06-26 15:35:00,1,49,95.19999999999999,95.19999999999999,49.0,5.0,Retail,2,1,1,211,At Risk / Lost Customer,Churned,165.0,Spain,95.19999999999999,2011-06
12549,2010-01-11 12:29:00,2010-05-13 12:05:00,6,1366,1575.68,262.61333333333334,227.66666666666666,8.166666666666666,Retail,1,3,3,133,Loyal Customer,Churned,575.0,USA,1575.68,2010-01
12550,2011-09-21 14:35:00,2011-09-21 14:35:00,1,569,964.83,964.83,569.0,57.0,Wholesale,,,,,,,,,,
12551,2010-12-17 11:23:00,2010-12-17 11:23:00,1,100,168.0,168.0,100.0,10.0,Retail,1,1,1,111,At Risk / Lost Customer,Churned,357.0,Spain,168.0,2010-12
12552,2011-10-31 12:11:00,2011-11-01 10:02:00,2,88,437.82,218.91,44.0,10.0,Retail,3,1,2,312,Average Customer,Active,38.0,Italy,437.82,2011-10
12553,2010-10-12 13:35:00,2011-12-01 16:38:00,12,2325,4608.75,384.0625,193.75,19.833333333333332,Retail,3,3,3,333,Best Customer,Active,7.0,France,4608.75,2010-10
12554,2010-09-17 12:29:00,2010-09-17 12:29:00,1,240,468.5,468.5,240.0,26.0,Retail,1,1,2,112,At Risk / Lost Customer,Churned,448.0,Spain,468.5,2010-09
12555,2010-01-26 16:26:00,2010-01-26 16:26:00,1,1,129.23,129.23,1.0,1.0,Retail,1,1,1,111,At Risk / Lost Customer,Churned,681.0,Spain,129.23,2010-01
12556,2011-07-11 13:35:00,2011-10-20 13:06:00,2,355,599.56,299.78,177.5,57.0,Wholesale,,,,,,,,,,
12557,2009-12-17 10:39:00,2011-11-23 16:59:00,8,6382,18096.14,2262.0175,797.75,6.625,Wholesale,,,,,,,,,,
12558,2011-12-02 10:41:00,2011-12-02 10:41:00,1,196,269.96,269.96,196.0,11.0,Retail,3,1,1,311,Average Customer,Active,7.0,USA,269.96,2011-12
12559,2011-01-24 10:12:00,2011-02-02 09:49:00,2,283,561.71,280.855,141.5,10.5,Retail,1,1,2,112,At Risk / Lost Customer,Churned,310.0,Germany,561.71,2011-01
12560,2011-07-19 15:55:00,2011-12-04 13:54:00,3,1110,2134.01,711.3366666666667,370.0,35.0,Retail,3,2,3,323,Loyal Customer,Active,4.0,Germany,2134.01,2011-07
12561,2011-02-10 11:39:00,2011-02-10 11:39:00,1,177,238.85,238.85,177.0,16.0,Retail,1,1,1,111,At Risk / Lost Customer,Churned,302.0,Germany,238.85,2011-02
12562,2010-09-30 13:13:00,2011-12-01 17:20:00,9,2327,4966.92,551.88,258.55555555555554,23.0,Retail,3,3,3,333,Best Customer,Active,7.0,France,4966.92,2010-09
12563,2010-10-27 09:52:00,2010-10-27 09:52:00,1,113,249.24,249.24,113.0,13.0,Retail,1,1,1,111,At Risk / Lost Customer,Churned,408.0,Italy,249.24,2010-10
12564,2011-03-23 14:55:00,2011-03-23 14:55:00,1,133,456.9,456.9,133.0,21.0,Retail,2,1,2,212,Average Customer,Churned,260.0,France,456.9,2011-03
12565,2011-02-24 10:34:00,2011-02-24 10:34:00,1,80,145.92,145.92,80.0,9.0,Retail,1,1,1,111,At Risk / Lost Customer,Churned,288.0,Saudi Arabia,145.92,2011-02
12566,2011-09-14 14:30:00,2011-09-14 14:30:00,1,265,351.65,351.65,265.0,19.0,Retail,2,1,1,211,At Risk / Lost Customer,Active,85.0,Germany,351.65,2011-09
12567,2010-02-11 10:30:00,2011-11-17 11:02:00,15,5308,11767.48,784.4986666666666,353.8666666666667,37.06666666666667,Retail,3,3,3,333,Best Customer,Active,22.0,France,11767.48,2010-02
12568,2010-03-05 09:15:00,2010-03-05 09:15:00,1,48,70.0,70.0,48.0,5.0,Retail,1,1,1,111,At Risk / Lost Customer,Churned,644.0,Germany,70.0,2010-03
12569,2011-04-01 13:47:00,2011-12-07 16:24:00,32,1801,4124.69,128.8965625,56.28125,5.875,Retail,3,3,3,333,Best Customer,Active,1.0,Germany,4124.69,2011-04
12570,2010-01-26 17:28:00,2010-01-26 17:28:00,1,1,77.52,77.52,1.0,1.0,Retail,1,1,1,111,At Risk / Lost Customer,Churned,681.0,Spain,77.52,2010-01
12571,2011-08-10 12:35:00,2011-10-31 10:19:00,2,523,519.61,259.805,261.5,17.0,Retail,3,1,2,312,Average Customer,Active,39.0,France,519.61,2011-08
12572,2011-10-19 08:20:00,2011-12-01 09:20:00,2,452,1020.42,510.21,226.0,30.0,Retail,3,1,2,312,Average Customer,Active,8.0,Germany,1020.42,2011-10
12573,2010-08-31 17:25:00,2011-04-26 15:52:00,5,479,717.41,143.482,95.8,23.4,Retail,2,2,2,222,Average Customer,Churned,226.0,France,717.41,2010-08
12574,2011-01-28 09:20:00,2011-01-28 09:20:00,1,61,218.45,218.45,61.0,11.0,Retail,1,1,1,111,At Risk / Lost Customer,Churned,315.0,France,218.45,2011-01
12575,2010-07-01 09:15:00,2010-09-08 13:09:00,2,315,622.8199999999999,311.40999999999997,157.5,19.0,Retail,1,1,2,112,At Risk / Lost Customer,Churned,456.0,France,622.8199999999999,2010-07
12576,2010-07-01 13:46:00,2011-11-04 10:11:00,8,1494,2142.72,267.84,186.75,17.75,Retail,3,3,3,333,Best Customer,Active,35.0,Poland,2142.72,2010-07
12577,2009-12-03 19:31:00,2011-11-04 13:24:00,8,1191,1617.1,202.1375,148.875,36.875,Retail,3,3,3,333,Best Customer,Active,34.0,France,1617.1,2009-12
12578,2010-09-22 11:19:00,2011-11-18 13:30:00,4,2380,4642.45,1160.6125,595.0,43.0,Wholesale,,,,,,,,,,
12579,2011-09-22 17:15:00,2011-09-22 17:15:00,1,285,440.42,440.42,285.0,29.0,Retail,2,1,2,212,Average Customer,Active,77.0,France,440.42,2011-09
12580,2010-05-12 11:45:00,2011-04-07 10:24:00,2,569,1052.9,526.45,284.5,29.0,Retail,2,1,2,212,Average Customer,Churned,246.0,Germany,1052.9,2010-05
12581,2011-10-31 08:56:00,2011-10-31 08:56:00,1,161,197.71,197.71,161.0,15.0,Retail,3,1,1,311,Average Customer,Active,39.0,Germany,197.71,2011-10
12582,2010-05-11 09:55:00,2011-04-15 08:45:00,4,985,1980.4,495.1,246.25,25.75,Retail,2,2,3,223,Loyal Customer,Churned,238.0,Finland,1980.4,2010-05
12583,2009-12-06 11:57:00,2011-12-07 08:07:00,27,8535,13591.58,503.39185185185187,316.1111111111111,16.51851851851852,Retail,3,3,3,333,Best Customer,Active,2.0,France,13591.58,2009-12
12584,2011-03-04 15:15:00,2011-12-06 09:35:00,9,416,2338.15,259.7944444444445,46.22222222222222,10.666666666666666,Retail,3,3,3,333,Best Customer,Active,3.0,Italy,2338.15,2011-03
12585,2010-12-23 12:58:00,2011-04-19 13:39:00,2,1279,2040.1,1020.05,639.5,43.5,Wholesale,,,,,,,,,,
12586,2009-12-16 13:15:00,2011-11-22 16:24:00,4,687,2062.67,515.6675,171.75,23.5,Retail,3,2,3,323,Loyal Customer,Active,16.0,Italy,2062.67,2009-12
12587,2011-12-02 12:47:00,2011-12-02 12:47:00,1,51,144.0,144.0,51.0,4.0,Retail,3,1,1,311,Average Customer,Active,7.0,Finland,144.0,2011-12
12588,2010-04-21 12:22:00,2011-10-31 15:01:00,4,438,958.78,239.695,109.5,11.5,Retail,3,2,2,322,Loyal Customer,Active,38.0,Finland,958.78,2010-04
12589,2010-01-19 12:26:00,2011-11-11 10:19:00,8,1764,4695.66,586.9575,220.5,22.5,Retail,3,3,3,333,Best Customer,Active,28.0,France,4695.66,2010-01
12590,2011-05-12 14:46:00,2011-05-12 14:52:00,2,4283,9864.26,4932.13,2141.5,34.0,Wholesale,,,,,,,,,,
12591,2010-10-27 10:42:00,2011-01-26 14:35:00,3,653,1338.95,446.31666666666666,217.66666666666666,22.666666666666668,Retail,1,2,2,122,Average Customer,Churned,316.0,Italy,1338.95,2010-10
12592,2010-07-08 14:06:00,2011-09-08 15:04:00,5,1875,2582.66,516.5319999999999,375.0,16.2,Retail,2,2,3,223,Loyal Customer,Active,91.0,Germany,2582.66,2010-07
12593,2011-05-05 09:29:00,2011-08-23 12:43:00,3,206,418.09999999999997,139.36666666666665,68.66666666666667,7.0,Retail,2,2,1,221,Average Customer,Active,108.0,France,418.09999999999997,2011-05
12594,2010-03-03 13:51:00,2011-11-02 12:20:00,15,2768,5090.110000000001,339.3406666666667,184.53333333333333,13.266666666666667,Retail,3,3,3,333,Best Customer,Active,37.0,Italy,5090.110000000001,2010-03
12595,2010-07-23 09:10:00,2010-07-23 09:10:00,1,271,299.02,299.02,271.0,19.0,Retail,1,1,1,111,At Risk / Lost Customer,Churned,504.0,Germany,299.02,2010-07
12596,2011-04-11 13:22:00,2011-10-19 13:02:00,2,474,618.27,309.135,237.0,13.5,Retail,2,1,2,212,Average Customer,Active,50.0,Spain,618.27,2011-04
12597,2011-03-16 14:00:00,2011-11-20 13:33:00,4,2236,3811.22,952.805,559.0,51.5,Wholesale,,,,,,,,,,
12598,2010-03-01 09:58:00,2011-11-30 12:18:00,11,2906,4534.09,412.19,264.1818181818182,18.727272727272727,Retail,3,3,3,333,Best Customer,Active,9.0,France,4534.09,2010-03
12599,2010-05-11 10:42:00,2011-11-10 13:34:00,13,2189,2296.72,176.67076923076922,168.3846153846154,10.23076923076923,Retail,3,3,3,333,Best Customer,Active,28.0,France,2296.72,2010-05
12600,2009-12-07 13:37:00,2011-11-11 10:29:00,21,1383,4967.42,236.54380952380953,65.85714285714286,6.190476190476191,Retail,3,3,3,333,Best Customer,Active,28.0,Germany,4967.42,2009-12
12601,2010-10-31 10:57:00,2011-06-03 10:17:00,6,290,681.26,113.54333333333334,48.333333333333336,5.666666666666667,Retail,2,3,2,232,Loyal Customer,Churned,189.0,Germany,681.26,2010-10
12602,2011-10-12 11:22:00,2011-10-12 11:22:00,1,162,153.12,153.12,162.0,12.0,Retail,2,1,1,211,At Risk / Lost Customer,Active,58.0,France,153.12,2011-10
12603,2011-11-18 10:42:00,2011-11-18 10:42:00,1,64,739.1999999999999,739.1999999999999,64.0,3.0,Retail,3,1,2,312,Average Customer,Active,21.0,Germany,739.1999999999999,2011-11
12604,2011-03-23 12:06:00,2011-09-21 14:08:00,2,201,254.18,127.09,100.5,8.0,Retail,2,1,1,211,At Risk / Lost Customer,Active,78.0,France,254.18,2011-03
12605,2010-09-07 14:21:00,2010-11-28 14:18:00,4,929,1232.95,308.2375,232.25,19.0,Retail,1,2,2,122,Average Customer,Churned,375.0,Germany,1232.95,2010-09
12606,2010-01-26 16:23:00,2010-01-26 16:23:00,1,1,21.0,21.0,1.0,1.0,Retail,1,1,1,111,At Risk / Lost Customer,Churned,681.0,Spain,21.0,2010-01
12607,2011-10-10 16:06:00,2011-10-10 16:06:00,1,1228,1579.51,1579.51,1228.0,101.0,Wholesale,,,,,,,,,,
12608,2010-10-31 10:49:00,2010-10-31 10:49:00,1,323,415.79,415.79,323.0,16.0,Retail,1,1,1,111,At Risk / Lost Customer,Churned,404.0,United Kingdom,415.79,2010-10
12609,2009-12-20 13:30:00,2011-09-22 16:34:00,9,1553,3435.86,381.76222222222225,172.55555555555554,19.444444444444443,Retail,2,3,3,233,Loyal Customer,Active,77.0,Germany,3435.86,2009-12
12610,2011-08-05 13:52:00,2011-11-17 09:34:00,5,1049,2099.54,419.908,209.8,21.2,Retail,3,2,3,323,Loyal Customer,Active,22.0,Italy,2099.54,2011-08
12611,2011-10-18 13:12:00,2011-10-18 13:12:00,1,846,1193.32,1193.32,846.0,65.0,Wholesale,,,,,,,,,,
12612,2011-09-26 15:35:00,2011-09-26 15:35:00,1,262,704.0400000000001,704.0400000000001,262.0,19.0,Retail,2,1,2,212,Average Customer,Active,73.0,Germany,704.0400000000001,2011-09
12613,2009-12-14 13:10:00,2011-10-13 14:59:00,10,4157,6817.37,681.737,415.7,32.4,Retail,2,3,3,233,Loyal Customer,Active,56.0,Germany,6817.37,2009-12
12614,2011-03-07 10:22:00,2011-03-07 10:22:00,1,76,315.6,315.6,76.0,20.0,Retail,1,1,1,111,At Risk / Lost Customer,Churned,277.0,Germany,315.6,2011-03
12615,2010-03-18 14:09:00,2011-12-07 15:02:00,8,3317,5740.98,717.6225,414.625,33.75,Retail,3,3,3,333,Best Customer,Active,1.0,France,5740.98,2010-03
12616,2010-11-16 11:38:00,2011-09-05 15:17:00,3,498,1131.1,377.0333333333333,166.0,18.0,Retail,2,2,2,222,Average Customer,Active,94.0,France,1131.1,2010-11
12617,2011-11-10 14:39:00,2011-11-10 14:39:00,1,210,352.98,352.98,210.0,39.0,Retail,3,1,1,311,Average Customer,Active,28.0,France,352.98,2011-11
12618,2011-11-18 11:10:00,2011-11-18 11:10:00,1,96,177.31,177.31,96.0,11.0,Retail,3,1,1,311,Average Customer,Active,21.0,Italy,177.31,2011-11
12619,2010-05-28 12:52:00,2011-11-23 14:52:00,10,3518,3781.38,378.13800000000003,351.8,10.0,Retail,3,3,3,333,Best Customer,Active,15.0,Germany,3781.38,2010-05
12620,2011-05-19 12:10:00,2011-11-25 10:20:00,3,1181,1339.41,446.47,393.6666666666667,30.666666666666668,Retail,3,2,2,322,Loyal Customer,Active,14.0,France,1339.41,2011-05
12621,2010-02-09 12:01:00,2011-12-08 11:25:00,35,13706,24311.2,694.6057142857143,391.6,21.6,Retail,3,3,3,333,Best Customer,Active,1.0,Germany,24311.2,2010-02
12622,2011-04-21 16:39:00,2011-04-21 16:39:00,1,69,180.1,180.1,69.0,11.0,Retail,2,1,1,211,At Risk / Lost Customer,Churned,231.0,Germany,180.1,2011-04
12623,2010-01-12 11:45:00,2011-03-08 13:50:00,7,1972,3747.84,535.4057142857143,281.7142857142857,24.857142857142858,Retail,1,3,3,133,Loyal Customer,Churned,275.0,Germany,3747.84,2010-01
12624,2011-06-15 12:34:00,2011-08-25 15:04:00,2,355,641.13,320.565,177.5,19.0,Retail,2,1,2,212,Average Customer,Active,105.0,France,641.13,2011-06
12625,2010-04-22 11:33:00,2011-05-12 09:54:00,4,3309,5164.88,1291.22,827.25,45.75,Wholesale,,,,,,,,,,
12626,2011-01-17 11:01:00,2011-11-16 16:06:00,9,3453,6620.48,735.6088888888888,383.6666666666667,32.666666666666664,Retail,3,3,3,333,Best Customer,Active,22.0,Germany,6620.48,2011-01
12627,2011-07-22 13:59:00,2011-11-29 12:07:00,7,2752,4478.53,639.79,393.14285714285717,32.857142857142854,Retail,3,3,3,333,Best Customer,Active,10.0,Germany,4478.53,2011-07
12628,2011-10-06 09:28:00,2011-12-05 13:15:00,3,448,786.46,262.15333333333336,149.33333333333334,13.666666666666666,Retail,3,2,2,322,Loyal Customer,Active,3.0,Germany,786.46,2011-10
12629,2010-10-12 16:40:00,2010-11-19 09:18:00,2,722,1558.22,779.11,361.0,22.5,Retail,1,1,3,113,Average Customer,Churned,385.0,Sweden,1558.22,2010-10
12630,2011-10-27 10:41:00,2011-11-30 10:48:00,2,548,1270.88,635.44,274.0,32.0,Retail,3,1,2,312,Average Customer,Active,9.0,Finland,1270.88,2011-10
12631,2010-01-15 14:50:00,2011-10-13 13:53:00,6,1607,3481.57,580.2616666666667,267.8333333333333,30.5,Retail,2,3,3,233,Loyal Customer,Active,56.0,Finland,3481.57,2010-01
12632,2010-05-24 09:07:00,2010-07-07 09:39:00,2,694,804.88,402.44,347.0,17.5,Retail,1,1,2,112,At Risk / Lost Customer,Churned,520.0,Germany,804.88,2010-05
12633,2010-07-02 11:44:00,2011-10-12 11:40:00,7,3238,5678.16,811.1657142857142,462.57142857142856,43.714285714285715,Retail,2,3,3,233,Loyal Customer,Active,58.0,Germany,5678.16,2010-07
12634,2010-06-09 15:41:00,2010-06-22 10:05:00,2,337,490.0,245.0,168.5,10.0,Retail,1,1,2,112,At Risk / Lost Customer,Churned,535.0,USA,490.0,2010-06
12635,2010-09-09 10:50:00,2011-09-11 11:04:00,4,1949,2930.41,732.6025,487.25,44.75,Retail,2,2,3,223,Loyal Customer,Active,89.0,Germany,2930.41,2010-09
12636,2009-12-01 09:55:00,2009-12-01 09:55:00,1,1,141.0,141.0,1.0,1.0,Retail,1,1,1,111,At Risk / Lost Customer,Churned,738.0,USA,141.0,2009-12
12637,2010-06-14 13:36:00,2011-10-03 13:46:00,12,4257,8283.81,690.3175,354.75,49.416666666666664,Retail,2,3,3,233,Loyal Customer,Active,66.0,France,8283.81,2010-06
12638,2010-03-10 10:30:00,2011-11-06 13:11:00,2,663,921.49,460.745,331.5,24.0,Retail,3,1,2,312,Average Customer,Active,32.0,Sweden,921.49,2010-03
12639,2010-03-22 09:05:00,2011-04-15 12:48:00,3,631,1312.37,437.45666666666665,210.33333333333334,21.333333333333332,Retail,2,2,2,222,Average Customer,Churned,238.0,Sweden,1312.37,2010-03
12640,2011-09-19 12:01:00,2011-11-16 11:52:00,3,311,1174.58,391.52666666666664,103.66666666666667,17.666666666666668,Retail,3,2,2,322,Loyal Customer,Active,23.0,France,1174.58,2011-09
12641,2011-08-16 13:26:00,2011-08-16 13:26:00,1,72,185.9,185.9,72.0,10.0,Retail,2,1,1,211,At Risk / Lost Customer,Active,114.0,Sweden,185.9,2011-08
12642,2011-08-24 09:23:00,2011-11-14 15:03:00,3,552,1013.26,337.75333333333333,184.0,15.666666666666666,Retail,3,2,2,322,Loyal Customer,Active,24.0,Germany,1013.26,2011-08
12643,2010-04-07 14:16:00,2011-08-03 12:56:00,12,4665,8304.82,692.0683333333333,388.75,4.25,Retail,2,3,3,233,Loyal Customer,Active,127.0,France,8304.82,2010-04
12644,2010-01-14 13:02:00,2011-08-02 10:33:00,4,1032,1918.49,479.6225,258.0,27.75,Retail,2,2,3,223,Loyal Customer,Active,129.0,Germany,1918.49,2010-01
12645,2010-02-09 10:49:00,2011-11-06 12:38:00,8,2125,3539.3,442.4125,265.625,20.0,Retail,3,3,3,333,Best Customer,Active,33.0,Germany,3539.3,2010-02
12646,2011-10-21 12:52:00,2011-12-05 10:14:00,2,897,1346.97,673.485,448.5,22.5,Retail,3,1,2,312,Average Customer,Active,4.0,USA,1346.97,2011-10
12647,2010-01-13 15:06:00,2011-11-17 12:56:00,36,6641,16955.55,470.98749999999995,184.47222222222223,14.416666666666666,Retail,3,3,3,333,Best Customer,Active,21.0,Germany,16955.55,2010-01
12648,2010-01-07 18:38:00,2011-07-08 11:55:00,4,518,1112.0,278.0,129.5,16.25,Retail,2,2,2,222,Average Customer,Churned,154.0,Germany,1112.0,2010-01
12649,2010-01-12 17:24:00,2011-08-24 14:41:00,8,1959,2294.65,286.83125,244.875,14.75,Retail,2,3,3,233,Loyal Customer,Active,106.0,Germany,2294.65,2010-01
12650,2011-12-06 16:34:00,2011-12-06 16:34:00,1,254,314.44,314.44,254.0,20.0,Retail,3,1,1,311,Average Customer,Active,2.0,France,314.44,2011-12
12651,2010-08-31 15:21:00,2011-01-09 12:46:00,4,265,377.75,94.4375,66.25,7.5,Retail,1,2,1,121,At Risk / Lost Customer,Churned,334.0,France,377.75,2010-08
12652,2010-10-01 15:16:00,2011-01-12 15:00:00,2,536,1017.03,508.515,268.0,25.5,Retail,1,1,2,112,At Risk / Lost Customer,Churned,330.0,France,1017.03,2010-10
12653,2010-07-01 09:56:00,2011-07-14 10:41:00,3,1681,4160.83,1386.9433333333334,560.3333333333334,28.666666666666668,Wholesale,,,,,,,,,,
12654,2011-02-17 13:16:00,2011-11-29 10:10:00,5,264,601.98,120.396,52.8,7.6,Retail,3,2,2,322,Loyal Customer,Active,10.0,Germany,601.98,2011-02
12655,2010-10-12 09:17:00,2010-10-12 09:17:00,1,80,261.35,261.35,80.0,16.0,Retail,1,1,1,111,At Risk / Lost Customer,Churned,423.0,France,261.35,2010-10
12656,2010-05-26 09:00:00,2011-11-22 13:42:00,8,2860,6407.83,800.97875,357.5,30.875,Retail,3,3,3,333,Best Customer,Active,16.0,France,6407.83,2010-05
12657,2011-09-22 11:40:00,2011-11-28 15:47:00,4,1044,1643.18,410.795,261.0,11.75,Retail,3,2,3,323,Loyal Customer,Active,10.0,France,1643.18,2011-09
12658,2011-11-21 10:22:00,2011-11-21 10:22:00,1,320,686.05,686.05,320.0,36.0,Retail,3,1,2,312,Average Customer,Active,18.0,Germany,686.05,2011-11
12659,2011-11-10 11:53:00,2011-11-10 11:53:00,1,105,91.68,91.68,105.0,5.0,Retail,3,1,1,311,Average Customer,Active,29.0,France,91.68,2011-11
12660,2011-11-28 13:26:00,2011-11-28 13:26:00,1,127,245.1,245.1,127.0,13.0,Retail,3,1,1,311,Average Customer,Active,10.0,France,245.1,2011-11
12661,2010-09-29 16:46:00,2010-09-29 16:46:00,1,216,162.0,162.0,216.0,11.0,Retail,1,1,1,111,At Risk / Lost Customer,Churned,435.0,Sweden,162.0,2010-09
12662,2010-04-01 09:50:00,2011-12-09 11:59:00,20,3424,6726.54,336.327,171.2,19.55,Retail,3,3,3,333,Best Customer,Active,0.0,Germany,6726.54,2010-04
12663,2010-02-09 14:28:00,2010-03-25 09:40:00,2,181,239.4,119.7,90.5,5.0,Retail,1,1,1,111,At Risk / Lost Customer,Churned,624.0,Germany,239.4,2010-02
12664,2009-12-13 10:28:00,2011-12-01 17:07:00,11,1495,6070.04,551.8218181818182,135.9090909090909,4.090909090909091,Retail,3,3,3,333,Best Customer,Active,7.0,Finland,6070.04,2009-12
12665,2010-02-08 15:11:00,2011-01-19 08:34:00,3,165,313.6,104.53333333333335,55.0,5.666666666666667,Retail,1,2,1,121,At Risk / Lost Customer,Churned,324.0,Germany,313.6,2010-02
12666,2010-11-10 16:40:00,2010-11-10 16:40:00,1,370,1248.42,1248.42,370.0,31.0,Retail,1,1,2,112,At Risk / Lost Customer,Churned,393.0,Israel,1248.42,2010-11
12667,2011-10-12 17:00:00,2011-10-12 17:00:00,1,395,620.13,620.13,395.0,33.0,Retail,2,1,2,212,Average Customer,Active,57.0,Finland,620.13,2011-10
12668,2010-01-31 15:45:00,2011-11-28 10:56:00,10,5049,11383.03,1138.303,504.9,53.5,Wholesale,,,,,,,,,,
12669,2011-03-28 10:15:00,2011-07-12 09:54:00,3,1115,2744.0299999999997,914.6766666666666,371.6666666666667,33.666666666666664,Retail,2,2,3,223,Loyal Customer,Churned,150.0,France,2744.0299999999997,2011-03
12670,2010-02-11 10:13:00,2011-11-29 15:23:00,7,1627,3760.29,537.1842857142857,232.42857142857142,16.428571428571427,Retail,3,3,3,333,Best Customer,Active,9.0,France,3760.29,2010-02
12671,2010-04-12 16:30:00,2010-04-12 16:30:00,1,1460,2622.481,2622.481,1460.0,45.0,Wholesale,,,,,,,,,,
12672,2010-04-23 09:57:00,2011-01-14 09:20:00,2,138,437.05,218.525,69.0,11.0,Retail,1,1,2,112,At Risk / Lost Customer,Churned,329.0,France,437.05,2010-04
12673,2010-11-03 10:46:00,2011-12-04 13:55:00,3,700,1230.02,410.00666666666666,233.33333333333334,24.666666666666668,Retail,3,2,2,322,Loyal Customer,Active,4.0,Germany,1230.02,2010-11
12674,2011-05-16 09:10:00,2011-11-01 12:12:00,4,1133,1970.6,492.65,283.25,20.75,Retail,3,2,3,323,Loyal Customer,Active,38.0,France,1970.6,2011-05
12675,2010-05-10 16:44:00,2010-06-04 09:49:00,2,336,957.25,478.625,168.0,56.0,Wholesale,,,,,,,,,,
12676,2010-08-13 13:29:00,2011-11-15 12:25:00,11,1867,2843.09,258.4627272727273,169.72727272727272,9.727272727272727,Retail,3,3,3,333,Best Customer,Active,24.0,Sweden,2843.09,2010-08
12677,2010-02-11 13:55:00,2010-06-02 14:30:00,2,176,395.1,197.55,88.0,10.5,Retail,1,1,1,111,At Risk / Lost Customer,Churned,554.0,France,395.1,2010-02
12678,2010-01-07 16:46:00,2011-10-28 13:04:00,21,22372,34281.18,1632.4371428571428,1065.3333333333333,17.904761904761905,Wholesale,,,,,,,,,,
12679,2011-03-01 12:26:00,2011-10-12 12:30:00,4,554,1113.02,278.255,138.5,12.0,Retail,2,2,2,222,Average Customer,Active,58.0,France,1113.02,2011-03
12680,2011-08-18 15:44:00,2011-12-09 12:50:00,4,444,880.81,220.2025,111.0,13.25,Retail,3,2,2,322,Loyal Customer,Active,0.0,France,880.81,2011-08
12681,2009-12-13 13:31:00,2011-11-25 11:33:00,45,17011,29834.76,662.9946666666666,378.02222222222224,31.644444444444446,Retail,3,3,3,333,Best Customer,Active,14.0,France,29834.76,2009-12
12682,2009-12-01 09:28:00,2011-12-06 10:00:00,52,10522,22950.22,441.35038461538466,202.34615384615384,19.01923076923077,Retail,3,3,3,333,Best Customer,Active,3.0,France,22950.22,2009-12
12683,2009-12-13 15:01:00,2011-12-05 16:31:00,21,7019,11633.7,553.9857142857143,334.23809523809524,23.19047619047619,Retail,3,3,3,333,Best Customer,Active,3.0,France,11633.7,2009-12
12684,2011-05-10 12:55:00,2011-12-02 09:53:00,7,1985,2283.63,326.23285714285714,283.57142857142856,15.0,Retail,3,3,3,333,Best Customer,Active,7.0,France,2283.63,2011-05
12685,2011-09-07 10:28:00,2011-11-11 13:46:00,6,1523,2863.08,477.18,253.83333333333334,26.166666666666668,Retail,3,3,3,333,Best Customer,Active,27.0,France,2863.08,2011-09
12686,2010-12-03 09:51:00,2010-12-03 09:51:00,1,107,89.14,89.14,107.0,7.0,Retail,1,1,1,111,At Risk / Lost Customer,Churned,371.0,France,89.14,2010-12
12687,2010-08-16 12:10:00,2010-08-16 12:12:00,2,1403,2138.91,1069.455,701.5,63.0,Wholesale,,,,,,,,,,
12688,2011-08-18 08:49:00,2011-08-18 08:49:00,1,3028,4873.8099999999995,4873.8099999999995,3028.0,171.0,Wholesale,,,,,,,,,,
12689,2011-08-04 10:04:00,2011-11-14 08:31:00,2,628,1247.61,623.805,314.0,36.0,Retail,3,1,2,312,Average Customer,Active,25.0,France,1247.61,2011-08
12690,2011-05-18 09:09:00,2011-05-18 09:09:00,1,106,389.01,389.01,106.0,16.0,Retail,2,1,1,211,At Risk / Lost Customer,Churned,205.0,France,389.01,2011-05
12691,2010-10-15 12:00:00,2011-11-11 16:49:00,7,445,1170.4,167.20000000000002,63.57142857142857,5.571428571428571,Retail,3,3,2,332,Loyal Customer,Active,27.0,France,1170.4,2010-10
12692,2010-03-12 14:02:00,2010-03-12 14:02:00,1,36,110.95,110.95,36.0,13.0,Retail,1,1,1,111,At Risk / Lost Customer,Churned,636.0,France,110.95,2010-03
12693,2010-07-05 13:56:00,2011-08-04 17:51:00,7,536,1703.02,243.28857142857143,76.57142857142857,11.285714285714286,Retail,2,3,3,233,Loyal Customer,Active,126.0,Germany,1703.02,2010-07
12694,2010-10-14 19:39:00,2011-09-30 13:06:00,3,1355,1843.35,614.4499999999999,451.6666666666667,27.666666666666668,Retail,2,2,3,223,Loyal Customer,Active,69.0,France,1843.35,2010-10
12695,2010-02-12 13:22:00,2011-12-02 13:22:00,7,454,1407.1200000000001,201.0171428571429,64.85714285714286,8.428571428571429,Retail,3,3,2,332,Loyal Customer,Active,6.0,France,1407.1200000000001,2010-02
12696,2010-07-19 10:02:00,2010-10-01 10:43:00,2,564,851.91,425.955,282.0,24.5,Retail,1,1,2,112,At Risk / Lost Customer,Churned,434.0,Finland,851.91,2010-07
12697,2011-06-23 15:44:00,2011-11-11 08:47:00,3,508,957.59,319.19666666666666,169.33333333333334,13.666666666666666,Retail,3,2,2,322,Loyal Customer,Active,28.0,Sweden,957.59,2011-06
12698,2010-04-28 15:51:00,2010-04-28 15:51:00,1,111,339.75,339.75,111.0,16.0,Retail,1,1,1,111,At Risk / Lost Customer,Churned,589.0,Germany,339.75,2010-04
12699,2010-10-18 12:07:00,2010-10-18 12:07:00,1,373,638.11,638.11,373.0,41.0,Retail,1,1,2,112,At Risk / Lost Customer,Churned,417.0,Germany,638.11,2010-10
12700,2011-05-08 16:10:00,2011-12-02 10:47:00,4,2967,4939.99,1234.9975,741.75,67.0,Wholesale,,,,,,,,,,
12701,2010-03-16 13:23:00,2011-09-21 10:47:00,6,1727,2446.41,407.73499999999996,287.8333333333333,24.5,Retail,2,3,3,233,Loyal Customer,Active,79.0,Germany,2446.41,2010-03
12702,2011-11-20 10:36:00,2011-11-20 10:36:00,1,53,219.0,219.0,53.0,12.0,Retail,3,1,1,311,Average Customer,Active,19.0,Germany,219.0,2011-11
12703,2010-01-24 12:05:00,2011-09-29 17:52:00,4,595,1006.53,251.6325,148.75,18.5,Retail,2,2,2,222,Average Customer,Active,70.0,Germany,1006.53,2010-01
12704,2011-06-23 10:20:00,2011-12-02 13:15:00,8,1006,2340.84,292.605,125.75,11.0,Retail,3,3,3,333,Best Customer,Active,6.0,Finland,2340.84,2011-06
12705,2010-06-24 09:51:00,2011-11-24 13:17:00,14,7188,11762.1,840.15,513.4285714285714,42.785714285714285,Wholesale,,,,,,,,,,
12707,2011-02-21 08:38:00,2011-02-21 08:38:00,1,256,603.42,603.42,256.0,33.0,Retail,1,1,2,112,At Risk / Lost Customer,Churned,291.0,France,603.42,2011-02
12708,2009-12-18 10:25:00,2011-11-10 09:52:00,18,2432,5117.66,284.31444444444446,135.11111111111111,16.444444444444443,Retail,3,3,3,333,Best Customer,Active,29.0,Germany,5117.66,2009-12
12709,2009-12-09 13:49:00,2011-11-24 15:38:00,34,13772,30291.76,890.9341176470588,405.05882352941177,14.411764705882353,Retail,3,3,3,333,Best Customer,Active,14.0,Germany,30291.76,2009-12
12710,2011-05-22 14:05:00,2011-09-04 12:00:00,3,851,1149.02,383.00666666666666,283.6666666666667,25.666666666666668,Retail,2,2,2,222,Average Customer,Active,96.0,Germany,1149.02,2011-05
12711,2010-02-01 11:30:00,2010-04-07 11:59:00,2,770,1339.05,669.525,385.0,30.0,Retail,1,1,2,112,At Risk / Lost Customer,Churned,611.0,Germany,1339.05,2010-02
12712,2009-12-09 10:46:00,2011-11-11 08:19:00,21,2205,6723.03,320.14428571428573,105.0,12.19047619047619,Retail,3,3,3,333,Best Customer,Active,28.0,Germany,6723.03,2009-12
12713,2011-12-09 12:16:00,2011-12-09 12:16:00,1,508,848.55,848.55,508.0,38.0,Wholesale,,,,,,,,,,
12714,2009-12-04 10:00:00,2011-11-30 15:43:00,12,8774,14093.71,1174.4758333333332,731.1666666666666,58.0,Wholesale,,,,,,,,,,
12715,2011-08-25 15:22:00,2011-08-25 15:22:00,1,192,343.36,343.36,192.0,20.0,Retail,2,1,1,211,At Risk / Lost Customer,Active,105.0,Sweden,343.36,2011-08
12716,2011-07-29 13:28:00,2011-12-06 08:55:00,2,708,1053.49,526.745,354.0,34.5,Retail,3,1,2,312,Average Customer,Active,3.0,France,1053.49,2011-07
12717,2010-04-28 14:34:00,2011-07-11 14:47:00,3,600,1308.91,436.30333333333334,200.0,23.666666666666668,Retail,2,2,2,222,Average Customer,Churned,150.0,Greece,1308.91,2010-04
12718,2011-09-29 16:38:00,2011-09-29 16:38:00,1,203,238.25,238.25,203.0,19.0,Retail,2,1,1,211,At Risk / Lost Customer,Active,70.0,France,238.25,2011-09
12719,2011-10-05 14:50:00,2011-12-04 13:45:00,2,374,644.95,322.475,187.0,19.5,Retail,3,1,2,312,Average Customer,Active,4.0,France,644.95,2011-10
12720,2010-07-21 09:46:00,2011-12-07 08:03:00,30,6018,7787.28,259.57599999999996,200.6,15.966666666666667,Retail,3,3,3,333,Best Customer,Active,2.0,Germany,7787.28,2010-07
12721,2010-08-25 11:07:00,2011-11-08 12:13:00,8,2655,4013.08,501.635,331.875,29.875,Retail,3,3,3,333,Best Customer,Active,31.0,France,4013.08,2010-08
12722,2011-07-12 11:55:00,2011-09-15 14:50:00,4,566,997.63,249.4075,141.5,13.25,Retail,2,2,2,222,Average Customer,Active,84.0,France,997.63,2011-07
12723,2011-10-05 15:52:00,2011-12-06 10:19:00,5,434,725.07,145.014,86.8,13.8,Retail,3,2,2,322,Loyal Customer,Active,3.0,France,725.07,2011-10
12724,2010-06-22 14:00:00,2011-12-04 16:02:00,7,1379,2317.52,331.07428571428574,197.0,18.428571428571427,Retail,3,3,3,333,Best Customer,Active,4.0,France,2317.52,2010-06
12725,2010-05-04 13:59:00,2010-12-03 15:45:00,4,1142,2266.76,566.69,285.5,26.5,Retail,1,2,3,123,Average Customer,Churned,370.0,Italy,2266.76,2010-05
12726,2010-03-25 16:25:00,2011-11-11 13:35:00,11,4618,4014.6,364.96363636363634,419.8181818181818,16.272727272727273,Retail,3,3,3,333,Best Customer,Active,27.0,France,4014.6,2010-03
12727,2010-02-23 09:54:00,2011-11-29 11:46:00,10,2832,5679.53,567.953,283.2,20.3,Retail,3,3,3,333,Best Customer,Active,10.0,France,5679.53,2010-02
12728,2010-11-21 11:34:00,2011-09-29 15:31:00,5,543,1070.17,214.03400000000002,108.6,12.2,Retail,2,2,2,222,Average Customer,Active,70.0,France,1070.17,2010-11
12729,2011-08-18 11:40:00,2011-08-18 11:40:00,1,233,453.01,453.01,233.0,26.0,Retail,2,1,2,212,Average Customer,Active,113.0,France,453.01,2011-08
12730,2010-07-06 12:19:00,2010-07-06 12:19:00,1,234,829.25,829.25,234.0,47.0,Retail,1,1,2,112,At Risk / Lost Customer,Churned,521.0,Germany,829.25,2010-07
12731,2010-03-02 09:23:00,2011-11-16 11:59:00,17,11641,25775.71,1516.2182352941177,684.7647058823529,23.11764705882353,Wholesale,,,,,,,,,,
12732,2011-06-13 11:33:00,2011-06-13 11:33:00,1,111,236.26000000000002,236.26000000000002,111.0,12.0,Retail,2,1,1,211,At Risk / Lost Customer,Churned,179.0,France,236.26000000000002,2011-06
12733,2010-01-19 13:23:00,2011-04-19 16:19:00,4,896,2424.87,606.2175,224.0,37.5,Retail,2,2,3,223,Loyal Customer,Churned,233.0,USA,2424.87,2010-01
12734,2010-11-12 13:26:00,2010-12-22 12:47:00,3,265,639.65,213.21666666666667,88.33333333333333,6.333333333333333,Retail,1,2,2,122,Average Customer,Churned,352.0,France,639.65,2010-11
12735,2011-01-06 14:26:00,2011-01-28 13:37:00,2,368,779.5699999999999,389.78499999999997,184.0,21.5,Retail,1,1,2,112,At Risk / Lost Customer,Churned,314.0,France,779.5699999999999,2011-01
12736,2011-01-11 07:57:00,2011-01-11 07:57:00,1,173,234.0,234.0,173.0,4.0,Retail,1,1,1,111,At Risk / Lost Customer,Churned,332.0,France,234.0,2011-01
12737,2010-07-29 12:27:00,2010-07-29 12:29:00,2,2,3710.5,1855.25,1.0,1.0,Retail,1,1,3,113,Average Customer,Churned,498.0,France,3710.5,2010-07
12738,2010-12-02 18:27:00,2010-12-02 18:27:00,1,148,155.35,155.35,148.0,11.0,Retail,1,1,1,111,At Risk / Lost Customer,Churned,371.0,Germany,155.35,2010-12
12739,2010-11-10 14:27:00,2011-09-22 13:00:00,4,951,2726.73,681.6825,237.75,22.25,Retail,2,2,3,223,Loyal Customer,Active,77.0,United Arab Emirates,2726.73,2010-11
12740,2011-10-07 10:44:00,2011-10-07 10:44:00,1,342,427.6,427.6,342.0,27.0,Retail,2,1,2,212,Average Customer,Active,63.0,France,427.6,2011-10
12741,2010-06-24 16:24:00,2010-06-28 14:36:00,2,214,406.07,203.035,107.0,8.0,Retail,1,1,1,111,At Risk / Lost Customer,Churned,528.0,USA,406.07,2010-06
12742,2010-03-24 12:43:00,2010-03-24 12:43:00,1,1359,1201.52,1201.52,1359.0,67.0,Wholesale,,,,,,,,,,
12743,2011-07-28 16:06:00,2011-07-28 16:21:00,2,315,540.13,270.065,157.5,64.5,Wholesale,,,,,,,,,,
12744,2010-04-27 16:19:00,2011-10-19 11:18:00,11,6994,25317.06,2301.550909090909,635.8181818181819,30.454545454545453,Wholesale,,,,,,,,,,
12745,2010-01-26 16:22:00,2010-08-10 10:14:00,3,468,925.41,308.46999999999997,156.0,7.666666666666667,Retail,1,2,2,122,Average Customer,Churned,486.0,United Kingdom,925.41,2010-01
12746,2010-06-17 10:41:00,2010-06-17 10:41:00,1,97,254.55,254.55,97.0,17.0,Retail,1,1,1,111,At Risk / Lost Customer,Churned,540.0,United Kingdom,254.55,2010-06
12747,2009-12-07 13:23:00,2011-12-07 14:34:00,26,2640,8898.48,342.24923076923073,101.53846153846153,9.5,Retail,3,3,3,333,Best Customer,Active,1.0,United Kingdom,8898.48,2009-12
12748,2009-12-04 17:31:00,2011-12-09 12:20:00,337,37111,53539.64,158.8713353115727,110.12166172106825,19.002967359050444,Retail,3,3,3,333,Best Customer,Active,0.0,United Kingdom,53539.64,2009-12
12749,2010-07-06 15:05:00,2011-12-06 09:56:00,9,2360,6897.36,766.3733333333333,262.22222222222223,37.55555555555556,Retail,3,3,3,333,Best Customer,Active,3.0,United Kingdom,6897.36,2010-07
12750,2011-08-03 09:13:00,2011-08-03 09:13:00,1,137,275.88,275.88,137.0,15.0,Retail,2,1,1,211,At Risk / Lost Customer,Active,128.0,Poland,275.88,2011-08
12751,2010-09-21 12:49:00,2010-09-21 12:49:00,1,189,268.27,268.27,189.0,61.0,Wholesale,,,,,,,,,,
12752,2011-09-19 13:32:00,2011-09-19 13:32:00,1,2262,4366.78,4366.78,2262.0,53.0,Wholesale,,,,,,,,,,
12753,2010-12-12 11:44:00,2011-11-17 10:52:00,6,11421,21429.39,3571.565,1903.5,32.833333333333336,Wholesale,,,,,,,,,,
12754,2011-02-04 10:31:00,2011-04-18 09:00:00,3,6481,3010.74,1003.5799999999999,2160.3333333333335,21.0,Wholesale,,,,,,,,,,
12755,2010-01-15 11:57:00,2011-03-04 12:42:00,11,2293,5236.259999999999,476.0236363636363,208.45454545454547,5.7272727272727275,Retail,1,3,3,133,Loyal Customer,Churned,280.0,Japan,5236.259999999999,2010-01
12756,2011-09-14 09:31:00,2011-09-14 09:31:00,1,144,112.07999999999998,112.07999999999998,144.0,4.0,Retail,2,1,1,211,At Risk / Lost Customer,Active,86.0,Japan,112.07999999999998,2011-09
12757,2011-05-12 19:01:00,2011-11-24 12:30:00,13,2395,7834.650000000001,602.6653846153847,184.23076923076923,27.076923076923077,Retail,3,3,3,333,Best Customer,Active,15.0,Portugal,7834.650000000001,2011-05
12758,2009-12-01 14:40:00,2011-08-15 10:22:00,7,6155,9903.24,1414.7485714285715,879.2857142857143,44.714285714285715,Wholesale,,,,,,,,,,
12759,2009-12-04 10:47:00,2011-10-18 14:49:00,8,3202,5020.74,627.5925,400.25,37.75,Retail,2,3,3,233,Loyal Customer,Active,51.0,Netherlands,5020.74,2009-12
12760,2010-09-10 08:50:00,2010-09-10 08:50:00,1,198,347.8,347.8,198.0,21.0,Retail,1,1,1,111,At Risk / Lost Customer,Churned,455.0,Netherlands,347.8,2010-09
12761,2010-09-01 10:47:00,2010-09-08 12:17:00,2,281,782.95,391.475,140.5,13.5,Retail,1,1,2,112,At Risk / Lost Customer,Churned,457.0,Netherlands,782.95,2010-09
12762,2011-11-14 14:23:00,2011-12-02 10:23:00,2,1227,1898.52,949.26,613.5,34.5,Wholesale,,,,,,,,,,
12763,2010-12-05 15:46:00,2011-07-24 14:12:00,2,316,494.08,247.04,158.0,9.0,Retail,2,1,2,212,Average Customer,Active,137.0,Japan,494.08,2010-12
12764,2011-01-27 10:19:00,2011-01-27 10:19:00,1,386,1693.88,1693.88,386.0,45.0,Retail,1,1,3,113,Average Customer,Churned,316.0,Lebanon,1693.88,2011-01
12765,2010-03-08 09:43:00,2010-08-24 13:51:00,6,1009,1404.58,234.09666666666666,168.16666666666666,11.333333333333334,Retail,1,3,2,132,Average Customer,Churned,471.0,Netherlands,1404.58,2010-03
12766,2010-10-28 09:29:00,2011-12-06 08:46:00,9,5022,8918.99,990.9988888888888,558.0,44.666666666666664,Wholesale,,,,,,,,,,
12767,2010-11-29 09:38:00,2010-11-29 09:38:00,1,598,949.82,949.82,598.0,43.0,Wholesale,,,,,,,,,,
12768,2010-09-15 12:08:00,2010-09-15 12:08:00,1,102,168.69000000000003,168.69000000000003,102.0,10.0,Retail,1,1,1,111,At Risk / Lost Customer,Churned,450.0,Korea,168.69000000000003,2010-09
12769,2011-04-15 10:25:00,2011-04-15 10:25:00,1,356,1143.6,1143.6,356.0,32.0,Retail,2,1,2,212,Average Customer,Churned,238.0,Brazil,1143.6,2011-04
12770,2010-09-09 11:43:00,2011-05-13 09:33:00,2,1843,3246.45,1623.225,921.5,14.0,Wholesale,,,,,,,,,,
12771,2010-08-11 11:51:00,2010-08-11 11:51:00,1,104,282.3,282.3,104.0,15.0,Retail,1,1,1,111,At Risk / Lost Customer,Churned,485.0,Portugal,282.3,2010-08
12772,2011-10-11 09:19:00,2011-10-11 09:19:00,1,556,892.47,892.47,556.0,55.0,Wholesale,,,,,,,,,,
12773,2010-05-24 17:30:00,2010-05-24 17:30:00,1,109,124.25,124.25,109.0,6.0,Retail,1,1,1,111,At Risk / Lost Customer,Churned,563.0,Portugal,124.25,2010-05
12774,2010-06-22 10:38:00,2010-06-22 10:38:00,1,53,98.7,98.7,53.0,6.0,Retail,1,1,1,111,At Risk / Lost Customer,Churned,535.0,Netherlands,98.7,2010-06
12775,2010-10-26 14:24:00,2011-11-22 16:33:00,7,1083,1686.12,240.8742857142857,154.71428571428572,11.571428571428571,Retail,3,3,3,333,Best Customer,Active,16.0,Netherlands,1686.12,2010-10
12776,2010-02-10 12:11:00,2010-02-10 12:11:00,1,46,55.5,55.5,46.0,4.0,Retail,1,1,1,111,At Risk / Lost Customer,Churned,667.0,Portugal,55.5,2010-02
12777,2010-09-08 11:35:00,2010-09-08 11:35:00,1,458,519.45,519.45,458.0,26.0,Retail,1,1,2,112,At Risk / Lost Customer,Churned,457.0,United Kingdom,519.45,2010-09
12778,2010-04-16 09:57:00,2011-11-20 11:30:00,9,1735,1775.68,197.29777777777778,192.77777777777777,12.666666666666666,Retail,3,3,3,333,Best Customer,Active,19.0,Netherlands,1775.68,2010-04
12779,2009-12-03 07:25:00,2011-11-02 11:43:00,14,3501,6474.11,462.43642857142856,250.07142857142858,19.214285714285715,Retail,3,3,3,333,Best Customer,Active,37.0,Poland,6474.11,2009-12
12780,2010-04-20 09:40:00,2010-04-20 09:40:00,1,285,337.4,337.4,285.0,20.0,Retail,1,1,1,111,At Risk / Lost Customer,Churned,598.0,Netherlands,337.4,2010-04
12781,2011-02-28 08:43:00,2011-10-07 10:37:00,2,671,826.74,413.37,335.5,12.5,Retail,2,1,2,212,Average Customer,Active,63.0,Czech Republic,826.74,2011-02
12782,2010-07-08 13:31:00,2011-12-05 09:16:00,11,2017,4618.24,419.84,183.36363636363637,20.636363636363637,Retail,3,3,3,333,Best Customer,Active,4.0,Portugal,4618.24,2010-07
12783,2011-09-25 15:35:00,2011-12-07 15:56:00,6,624,2225.91,370.98499999999996,104.0,14.0,Retail,3,3,3,333,Best Customer,Active,1.0,Portugal,2225.91,2011-09
12784,2010-06-28 13:06:00,2011-11-30 15:38:00,3,862,1763.15,587.7166666666667,287.3333333333333,42.0,Retail,3,2,3,323,Loyal Customer,Active,8.0,Portugal,1763.15,2010-06
12785,2009-12-08 13:56:00,2010-12-10 13:48:00,3,453,1100.4,366.8,151.0,18.666666666666668,Retail,1,2,2,122,Average Customer,Churned,363.0,Portugal,1100.4,2009-12
12786,2010-04-09 12:12:00,2010-04-09 12:12:00,1,324,728.5,728.5,324.0,18.0,Retail,1,1,2,112,At Risk / Lost Customer,Churned,609.0,Netherlands,728.5,2010-04
12787,2010-10-22 14:57:00,2011-11-30 08:44:00,4,510,862.18,215.545,127.5,11.0,Retail,3,2,2,322,Loyal Customer,Active,9.0,Netherlands,862.18,2010-10
12788,2010-06-29 13:05:00,2010-09-02 14:21:00,4,194,444.9,111.225,48.5,6.5,Retail,1,2,2,122,Average Customer,Churned,462.0,Netherlands,444.9,2010-06
12789,2010-01-15 12:06:00,2011-10-05 13:34:00,3,36,273.35,91.11666666666667,12.0,2.6666666666666665,Retail,2,2,1,221,Average Customer,Active,64.0,Netherlands,273.35,2010-01
12790,2010-10-25 13:04:00,2011-05-31 14:14:00,2,306,591.85,295.925,153.0,18.5,Retail,2,1,2,212,Average Customer,Churned,191.0,Netherlands,591.85,2010-10
12791,2010-03-25 17:29:00,2010-12-01 11:27:00,6,353,863.51,143.91833333333332,58.833333333333336,4.666666666666667,Retail,1,3,2,132,Average Customer,Churned,373.0,Netherlands,863.51,2010-03
12792,2010-06-23 10:49:00,2011-03-28 11:36:00,2,394,827.01,413.505,197.0,23.5,Retail,2,1,2,212,Average Customer,Churned,256.0,Portugal,827.01,2010-06
12793,2010-11-03 13:05:00,2011-01-09 12:12:00,3,461,885.53,295.1766666666667,153.66666666666666,14.666666666666666,Retail,1,2,2,122,Average Customer,Churned,334.0,Portugal,885.53,2010-11
12794,2011-09-02 12:01:00,2011-10-17 14:54:00,2,592,860.41,430.205,296.0,22.5,Retail,2,1,2,212,Average Customer,Active,52.0,Portugal,860.41,2011-09
12795,2011-11-21 10:27:00,2011-11-21 10:27:00,1,68,430.48,430.48,68.0,14.0,Retail,3,1,2,312,Average Customer,Active,18.0,Portugal,430.48,2011-11
12796,2010-03-21 15:49:00,2010-03-21 15:49:00,1,182,381.0,381.0,182.0,7.0,Retail,1,1,1,111,At Risk / Lost Customer,Churned,627.0,Netherlands,381.0,2010-03
12797,2010-10-11 12:53:00,2010-12-09 10:55:00,2,215,552.08,276.04,107.5,15.0,Retail,1,1,2,112,At Risk / Lost Customer,Churned,365.0,Portugal,552.08,2010-10
12798,2010-10-14 12:27:00,2011-11-29 15:52:00,4,8455,8510.93,2127.7325,2113.75,8.25,Wholesale,,,,,,,,,,
12799,2010-06-28 15:57:00,2010-06-28 15:57:00,1,137,219.35,219.35,137.0,15.0,Retail,1,1,1,111,At Risk / Lost Customer,Churned,528.0,Japan,219.35,2010-06
12800,2010-02-01 11:02:00,2010-08-26 14:11:00,3,284,584.25,194.75,94.66666666666667,11.333333333333334,Retail,1,2,2,122,Average Customer,Churned,469.0,Portugal,584.25,2010-02
12801,2010-07-27 09:38:00,2010-07-27 09:38:00,1,505,1071.82,1071.82,505.0,50.0,Retail,1,1,2,112,At Risk / Lost Customer,Churned,500.0,Sweden,1071.82,2010-07
12802,2010-05-25 09:34:00,2011-06-06 09:36:00,7,1972,2416.42,345.20285714285717,281.7142857142857,19.714285714285715,Retail,2,3,3,233,Loyal Customer,Churned,186.0,Netherlands,2416.42,2010-05
12803,2010-11-11 14:57:00,2010-11-11 14:57:00,1,872,1092.81,1092.81,872.0,55.0,Wholesale,,,,,,,,,,
12804,2010-07-27 13:52:00,2010-08-31 11:58:00,2,270,325.37,162.685,135.0,31.5,Retail,1,1,1,111,At Risk / Lost Customer,Churned,465.0,Netherlands,325.37,2010-07
12805,2010-02-03 09:06:00,2010-11-23 12:27:00,4,593,1434.95,358.7375,148.25,14.5,Retail,1,2,3,123,Average Customer,Churned,381.0,Netherlands,1434.95,2010-02
12806,2010-04-30 10:44:00,2010-09-30 13:34:00,4,2087,2878.96,719.74,521.75,16.75,Wholesale,,,,,,,,,,
12807,2010-11-21 14:21:00,2010-11-21 14:21:00,1,145,330.35,330.35,145.0,16.0,Retail,1,1,1,111,At Risk / Lost Customer,Churned,382.0,Sweden,330.35,2010-11
12808,2010-09-03 10:24:00,2011-11-03 10:05:00,5,322,776.7,155.34,64.4,9.4,Retail,3,2,2,322,Loyal Customer,Active,36.0,Portugal,776.7,2010-09
12809,2010-03-02 14:19:00,2011-06-15 10:51:00,3,518,1755.94,585.3133333333334,172.66666666666666,27.0,Retail,2,2,3,223,Loyal Customer,Churned,177.0,Portugal,1755.94,2010-03
12810,2010-02-01 09:52:00,2010-06-23 10:53:00,2,389,534.99,267.495,194.5,16.0,Retail,1,1,2,112,At Risk / Lost Customer,Churned,534.0,Japan,534.99,2010-02
12811,2010-10-08 12:20:00,2011-03-24 09:42:00,5,435,1033.9,206.78000000000003,87.0,11.2,Retail,2,2,2,222,Average Customer,Churned,260.0,Portugal,1033.9,2010-10
12812,2011-10-26 09:54:00,2011-10-26 09:54:00,1,164,229.64000000000001,229.64000000000001,164.0,15.0,Retail,2,1,1,211,At Risk / Lost Customer,Active,44.0,Japan,229.64000000000001,2011-10
12813,2010-01-15 16:52:00,2010-07-26 09:50:00,3,1141,1687.8,562.6,380.3333333333333,15.0,Retail,1,2,3,123,Average Customer,Churned,501.0,Netherlands,1687.8,2010-01
12814,2011-08-30 12:11:00,2011-08-30 12:11:00,1,49,125.92,125.92,49.0,2.0,Retail,2,1,1,211,At Risk / Lost Customer,Active,101.0,Poland,125.92,2011-08
12815,2011-05-25 13:34:00,2011-07-15 10:21:00,2,379,1063.46,531.73,189.5,23.5,Retail,2,1,2,212,Average Customer,Churned,147.0,Poland,1063.46,2011-05
12816,2011-06-16 13:24:00,2011-09-05 12:41:00,2,128,572.2,286.1,64.0,14.5,Retail,2,1,2,212,Average Customer,Active,95.0,Poland,572.2,2011-06
12817,2010-10-01 08:57:00,2011-03-03 16:28:00,3,219,690.98,230.32666666666668,73.0,8.333333333333334,Retail,1,2,2,122,Average Customer,Churned,280.0,Austria,690.98,2010-10
12818,2011-03-23 12:06:00,2011-03-23 12:06:00,1,929,1542.08,1542.08,929.0,14.0,Wholesale,,,,,,,,,,
12819,2010-09-07 15:20:00,2010-09-07 15:20:00,1,344,540.52,540.52,344.0,19.0,Retail,1,1,2,112,At Risk / Lost Customer,Churned,457.0,United Kingdom,540.52,2010-09
12820,2009-12-05 13:37:00,2011-12-06 15:12:00,11,1966,2689.52,244.50181818181818,178.72727272727272,14.545454545454545,Retail,3,3,3,333,Best Customer,Active,2.0,United Kingdom,2689.52,2009-12
12821,2010-04-07 15:14:00,2011-05-09 15:51:00,2,162,220.8,110.4,81.0,6.5,Retail,2,1,1,211,At Risk / Lost Customer,Churned,213.0,United Kingdom,220.8,2010-04
12822,2011-09-13 13:46:00,2011-09-30 10:04:00,2,550,948.88,474.44,275.0,23.0,Retail,2,1,2,212,Average Customer,Active,70.0,United Kingdom,948.88,2011-09
12823,2010-01-29 12:52:00,2011-09-26 07:35:00,18,930,6501.5,361.19444444444446,51.666666666666664,1.0,Retail,2,3,3,233,Loyal Customer,Active,74.0,United Kingdom,6501.5,2010-01
12824,2011-10-11 12:49:00,2011-10-11 12:49:00,1,232,397.12,397.12,232.0,25.0,Retail,2,1,1,211,At Risk / Lost Customer,Active,59.0,United Kingdom,397.12,2011-10
12825,2010-03-08 10:17:00,2010-07-06 13:56:00,2,139,518.63,259.315,69.5,12.0,Retail,1,1,2,112,At Risk / Lost Customer,Churned,520.0,United Kingdom,518.63,2010-03
12826,2009-12-18 10:43:00,2011-12-07 10:25:00,12,1915,2800.75,233.39583333333334,159.58333333333334,13.083333333333334,Retail,3,3,3,333,Best Customer,Active,2.0,United Kingdom,2800.75,2009-12
12827,2011-10-26 15:44:00,2011-12-04 12:17:00,3,197,430.15000000000003,143.38333333333335,65.66666666666667,8.333333333333334,Retail,3,2,2,322,Loyal Customer,Active,5.0,United Kingdom,430.15000000000003,2011-10
12828,2011-08-01 16:16:00,2011-12-07 08:45:00,6,494,1018.71,169.785,82.33333333333333,9.333333333333334,Retail,3,3,2,332,Loyal Customer,Active,2.0,United Kingdom,1018.71,2011-08
12829,2010-06-07 15:04:00,2011-01-07 11:13:00,3,550,385.3,128.43333333333334,183.33333333333334,6.333333333333333,Retail,1,2,1,121,At Risk / Lost Customer,Churned,336.0,United Kingdom,385.3,2010-06
12830,2011-06-21 10:53:00,2011-11-02 11:54:00,6,9848,6814.64,1135.7733333333333,1641.3333333333333,6.333333333333333,Wholesale,,,,,,,,,,
12831,2010-09-02 15:58:00,2011-03-22 13:02:00,3,303,451.11,150.37,101.0,7.333333333333333,Retail,2,2,2,222,Average Customer,Churned,261.0,United Kingdom,451.11,2010-09
12832,2011-09-02 13:48:00,2011-11-07 13:30:00,2,195,383.03,191.515,97.5,13.5,Retail,3,1,1,311,Average Customer,Active,31.0,United Kingdom,383.03,2011-09
12833,2011-07-17 13:46:00,2011-07-17 13:46:00,1,156,417.38,417.38,156.0,24.0,Retail,2,1,1,211,At Risk / Lost Customer,Churned,144.0,United Kingdom,417.38,2011-07
12834,2011-03-02 09:49:00,2011-03-02 09:49:00,1,110,312.38,312.38,110.0,18.0,Retail,1,1,1,111,At Risk / Lost Customer,Churned,282.0,United Kingdom,312.38,2011-03
12835,2009-12-03 12:13:00,2010-10-08 10:59:00,41,2349,5996.83,146.2641463414634,57.292682926829265,14.804878048780488,Retail,1,3,3,133,Loyal Customer,Churned,427.0,United Kingdom,5996.83,2009-12
12836,2009-12-01 14:19:00,2011-10-11 15:10:00,15,2231,6559.7300000000005,437.31533333333334,148.73333333333332,27.066666666666666,Retail,2,3,3,233,Loyal Customer,Active,58.0,United Kingdom,6559.7300000000005,2009-12
12837,2010-05-19 15:10:00,2011-06-19 16:07:00,2,194,662.66,331.33,97.0,42.5,Retail,2,1,2,212,Average Customer,Churned,172.0,United Kingdom,662.66,2010-05
12838,2010-04-26 09:59:00,2011-11-06 12:20:00,10,1606,2975.91,297.591,160.6,34.4,Retail,3,3,3,333,Best Customer,Active,33.0,United Kingdom,2975.91,2010-04
12839,2009-12-07 09:18:00,2011-12-07 12:33:00,26,6578,9669.12,371.8892307692308,253.0,21.26923076923077,Retail,3,3,3,333,Best Customer,Active,2.0,United Kingdom,9669.12,2009-12
12840,2010-02-03 14:51:00,2011-07-19 09:29:00,7,2258,4041.97,577.4242857142857,322.57142857142856,25.142857142857142,Retail,2,3,3,233,Loyal Customer,Churned,143.0,United Kingdom,4041.97,2010-02
12841,2010-07-08 15:38:00,2011-12-05 11:13:00,40,5008,6958.2,173.95499999999998,125.2,16.025,Retail,3,3,3,333,Best Customer,Active,4.0,United Kingdom,6958.2,2010-07
12842,2009-12-02 08:15:00,2011-09-30 15:33:00,4,887,1917.99,479.4975,221.75,12.0,Retail,2,2,3,223,Loyal Customer,Active,69.0,United Kingdom,1917.99,2009-12
12843,2009-12-13 11:41:00,2011-10-05 12:09:00,30,3028,6583.36,219.4453333333333,100.93333333333334,7.2,Retail,2,3,3,233,Loyal Customer,Active,65.0,United Kingdom,6583.36,2009-12
12844,2010-04-25 11:51:00,2011-11-10 13:31:00,4,223,648.6,162.15,55.75,25.25,Retail,3,2,2,322,Loyal Customer,Active,28.0,United Kingdom,648.6,2010-04
12845,2011-02-22 14:10:00,2011-03-17 13:34:00,4,204,354.09,88.5225,51.0,6.75,Retail,2,2,1,221,Average Customer,Churned,266.0,United Kingdom,354.09,2011-02
12846,2010-01-26 16:29:00,2010-01-26 16:29:00,1,1,15.58,15.58,1.0,1.0,Retail,1,1,1,111,At Risk / Lost Customer,Churned,681.0,United Kingdom,15.58,2010-01
12847,2010-11-17 12:44:00,2011-11-17 13:16:00,2,1497,1609.0,804.5,748.5,53.0,Wholesale,,,,,,,,,,
12848,2010-02-02 12:45:00,2010-02-02 12:45:00,1,58,208.0,208.0,58.0,16.0,Retail,1,1,1,111,At Risk / Lost Customer,Churned,675.0,United Kingdom,208.0,2010-02
12849,2010-04-27 13:44:00,2011-11-08 13:41:00,6,1855,3042.47,507.0783333333333,309.1666666666667,23.5,Retail,3,3,3,333,Best Customer,Active,30.0,United Kingdom,3042.47,2010-04
12850,2010-09-20 12:26:00,2010-09-20 12:26:00,1,200,330.0,330.0,200.0,2.0,Retail,1,1,1,111,At Risk / Lost Customer,Churned,445.0,United Kingdom,330.0,2010-09
12851,2010-08-19 15:13:00,2011-09-04 12:41:00,2,157,280.76,140.38,78.5,36.5,Retail,2,1,1,211,At Risk / Lost Customer,Active,96.0,United Kingdom,280.76,2010-08
12852,2011-02-18 08:47:00,2011-02-18 08:47:00,1,149,311.55,311.55,149.0,17.0,Retail,1,1,1,111,At Risk / Lost Customer,Churned,294.0,United Kingdom,311.55,2011-02
12853,2010-02-05 11:57:00,2011-07-28 11:29:00,11,1668,3907.5,355.22727272727275,151.63636363636363,13.454545454545455,Retail,2,3,3,233,Loyal Customer,Active,134.0,United Kingdom,3907.5,2010-02
12854,2009-12-11 12:55:00,2011-09-22 12:15:00,7,1630,2970.9700000000003,424.42428571428576,232.85714285714286,37.0,Retail,2,3,3,233,Loyal Customer,Active,78.0,United Kingdom,2970.9700000000003,2009-12
12855,2010-11-02 18:16:00,2010-12-02 09:37:00,4,240,612.84,153.21,60.0,16.5,Retail,1,2,2,122,Average Customer,Churned,372.0,United Kingdom,612.84,2010-11
12856,2011-10-07 12:38:00,2011-12-02 10:52:00,6,1076,2170.78,361.7966666666667,179.33333333333334,51.0,Retail,3,3,3,333,Best Customer,Active,7.0,United Kingdom,2170.78,2011-10
12857,2010-01-25 15:37:00,2011-05-13 10:20:00,6,1420,3688.0,614.6666666666666,236.66666666666666,20.166666666666668,Retail,2,3,3,233,Loyal Customer,Churned,210.0,United Kingdom,3688.0,2010-01
12858,2010-11-21 12:55:00,2010-11-21 12:55:00,1,51,147.27,147.27,51.0,36.0,Retail,1,1,1,111,At Risk / Lost Customer,Churned,382.0,United Kingdom,147.27,2010-11
12859,2010-09-07 12:20:00,2010-09-07 12:20:00,1,292,575.1,575.1,292.0,21.0,Retail,1,1,2,112,At Risk / Lost Customer,Churned,458.0,United Kingdom,575.1,2010-09
12860,2010-01-15 15:22:00,2010-01-15 15:22:00,1,26,54.22,54.22,26.0,16.0,Retail,1,1,1,111,At Risk / Lost Customer,Churned,692.0,United Kingdom,54.22,2010-01
12861,2010-03-30 11:39:00,2010-03-30 11:39:00,1,27,68.25,68.25,27.0,4.0,Retail,1,1,1,111,At Risk / Lost Customer,Churned,619.0,United Kingdom,68.25,2010-03
12862,2010-08-01 15:20:00,2010-10-10 11:47:00,2,611,984.62,492.31,305.5,65.0,Wholesale,,,,,,,,,,
12863,2010-04-29 13:54:00,2011-10-18 14:15:00,6,895,2792.5499999999997,465.42499999999995,149.16666666666666,7.833333333333333,Retail,2,3,3,233,Loyal Customer,Active,51.0,United Kingdom,2792.5499999999997,2010-04
12864,2010-07-19 17:22:00,2011-07-24 13:03:00,2,447,299.57,149.785,223.5,3.5,Retail,2,1,1,211,At Risk / Lost Customer,Active,137.0,United Kingdom,299.57,2010-07
12865,2010-08-20 12:20:00,2011-11-13 14:31:00,4,1973,3323.47,830.8675,493.25,48.75,Retail,3,2,3,323,Loyal Customer,Active,25.0,Austria,3323.47,2010-08
12866,2010-07-25 11:37:00,2011-03-01 14:11:00,3,553,1227.35,409.1166666666666,184.33333333333334,21.0,Retail,1,2,2,122,Average Customer,Churned,282.0,Belgium,1227.35,2010-07
12867,2009-12-16 16:25:00,2011-11-13 15:30:00,13,7876,7829.26,602.2507692307693,605.8461538461538,79.61538461538461,Wholesale,,,,,,,,,,
12868,2010-11-12 10:05:00,2011-06-07 10:42:00,8,1170,2043.76,255.47,146.25,16.75,Retail,2,3,3,233,Loyal Customer,Churned,185.0,United Kingdom,2043.76,2010-11
12869,2010-01-27 12:10:00,2010-01-27 12:10:00,1,144,337.66999999999996,337.66999999999996,144.0,35.0,Retail,1,1,1,111,At Risk / Lost Customer,Churned,681.0,United Kingdom,337.66999999999996,2010-01
12870,2010-03-25 14:32:00,2010-11-29 13:42:00,3,906,1676.95,558.9833333333333,302.0,31.0,Retail,1,2,3,123,Average Customer,Churned,374.0,United Kingdom,1676.95,2010-03
12871,2010-09-26 10:34:00,2011-09-16 15:07:00,3,484,744.02,248.00666666666666,161.33333333333334,6.0,Retail,2,2,2,222,Average Customer,Active,83.0,United Kingdom,744.02,2010-09
12872,2009-12-03 20:03:00,2011-01-17 10:52:00,12,1642,3283.96,273.66333333333336,136.83333333333334,32.166666666666664,Retail,1,3,3,133,Loyal Customer,Churned,326.0,United Kingdom,3283.96,2009-12
12873,2010-01-27 09:50:00,2011-03-02 14:58:00,3,786,2027.3,675.7666666666667,262.0,11.666666666666666,Retail,1,2,3,123,Average Customer,Churned,281.0,United Kingdom,2027.3,2010-01
12874,2010-06-03 12:51:00,2010-11-19 15:23:00,2,623,948.42,474.21,311.5,24.0,Retail,1,1,2,112,At Risk / Lost Customer,Churned,384.0,Belgium,948.42,2010-06
12875,2010-01-11 12:37:00,2011-07-19 15:30:00,5,5187,1356.99,271.398,1037.4,1.6,Wholesale,,,,,,,,,,
12876,2010-04-28 13:26:00,2011-10-13 12:26:00,4,3047,4081.79,1020.4475,761.75,42.5,Wholesale,,,,,,,,,,
12877,2010-01-18 10:23:00,2011-12-06 10:30:00,20,2237,2942.14,147.107,111.85,13.6,Retail,3,3,3,333,Best Customer,Active,3.0,United Kingdom,2942.14,2010-01
12878,2011-03-18 14:02:00,2011-04-17 13:07:00,2,547,854.99,427.495,273.5,23.5,Retail,2,1,2,212,Average Customer,Churned,235.0,United Kingdom,854.99,2011-03
12879,2011-09-09 12:11:00,2011-10-26 12:24:00,3,370,573.22,191.07333333333335,123.33333333333333,3.3333333333333335,Retail,2,2,2,222,Average Customer,Active,44.0,United Kingdom,573.22,2011-09
12880,2010-05-14 11:57:00,2010-11-23 10:50:00,2,279,640.13,320.065,139.5,18.0,Retail,1,1,2,112,At Risk / Lost Customer,Churned,381.0,United Kingdom,640.13,2010-05
12881,2011-03-09 11:44:00,2011-03-09 11:44:00,1,21,298.0,298.0,21.0,7.0,Retail,1,1,1,111,At Risk / Lost Customer,Churned,275.0,United Kingdom,298.0,2011-03
12882,2011-11-06 11:22:00,2011-11-30 16:18:00,2,246,1463.04,731.52,123.0,6.5,Retail,3,1,3,313,Loyal Customer,Active,8.0,United Kingdom,1463.04,2011-11
12883,2011-09-11 15:18:00,2011-11-15 09:32:00,4,196,703.47,175.8675,49.0,10.5,Retail,3,2,2,322,Loyal Customer,Active,24.0,United Kingdom,703.47,2011-09
12884,2011-09-12 13:10:00,2011-09-12 13:10:00,1,43,309.05,309.05,43.0,7.0,Retail,2,1,1,211,At Risk / Lost Customer,Active,87.0,United Kingdom,309.05,2011-09
12885,2011-08-08 11:45:00,2011-10-07 13:40:00,3,655,1175.22,391.74,218.33333333333334,23.666666666666668,Retail,2,2,2,222,Average Customer,Active,62.0,United Kingdom,1175.22,2011-08
12886,2011-05-04 11:21:00,2011-10-03 10:09:00,2,770,1378.4,689.2,385.0,41.0,Retail,2,1,2,212,Average Customer,Active,67.0,United Kingdom,1378.4,2011-05
12887,2010-11-21 11:18:00,2010-11-21 11:18:00,1,100,222.4,222.4,100.0,13.0,Retail,1,1,1,111,At Risk / Lost Customer,Churned,383.0,United Kingdom,222.4,2010-11
12888,2011-03-29 14:31:00,2011-05-09 16:02:00,2,76,354.12,177.06,38.0,2.5,Retail,2,1,1,211,At Risk / Lost Customer,Churned,213.0,United Kingdom,354.12,2011-03
12889,2010-07-25 14:32:00,2010-11-23 16:08:00,4,124,385.46000000000004,96.36500000000001,31.0,6.25,Retail,1,2,1,121,At Risk / Lost Customer,Churned,380.0,United Kingdom,385.46000000000004,2010-07
12890,2010-11-17 14:05:00,2011-11-15 17:26:00,2,457,706.02,353.01,228.5,67.0,Wholesale,,,,,,,,,,
12891,2010-02-18 14:32:00,2011-06-07 12:31:00,11,2325,840.5,76.4090909090909,211.36363636363637,1.0,Retail,2,3,2,232,Loyal Customer,Churned,185.0,United Kingdom,840.5,2010-02
12892,2010-11-08 09:51:00,2010-11-08 09:51:00,1,140,263.38,263.38,140.0,18.0,Retail,1,1,1,111,At Risk / Lost Customer,Churned,396.0,United Kingdom,263.38,2010-11
12893,2011-11-09 12:34:00,2011-11-09 12:34:00,1,90,176.55,176.55,90.0,27.0,Retail,3,1,1,311,Average Customer,Active,30.0,United Kingdom,176.55,2011-11
12894,2010-05-13 14:47:00,2010-05-13 14:47:00,1,33,157.35,157.35,33.0,21.0,Retail,1,1,1,111,At Risk / Lost Customer,Churned,574.0,United Kingdom,157.35,2010-05
12895,2011-09-14 08:35:00,2011-10-28 13:51:00,2,210,372.8,186.4,105.0,11.0,Retail,3,1,1,311,Average Customer,Active,41.0,United Kingdom,372.8,2011-09
12897,2010-06-14 11:58:00,2011-05-19 12:13:00,4,249,514.25,128.5625,62.25,3.5,Retail,2,2,2,222,Average Customer,Churned,204.0,United Kingdom,514.25,2010-06
12898,2010-02-18 12:36:00,2010-09-02 08:08:00,2,235,296.21000000000004,148.10500000000002,117.5,13.5,Retail,1,1,1,111,At Risk / Lost Customer,Churned,463.0,United Kingdom,296.21000000000004,2010-02
12899,2010-10-22 09:53:00,2010-10-22 09:53:00,1,108,366.4,366.4,108.0,17.0,Retail,1,1,1,111,At Risk / Lost Customer,Churned,413.0,United Kingdom,366.4,2010-10
12900,2010-10-13 15:17:00,2010-10-13 15:17:00,1,139,340.33,340.33,139.0,13.0,Retail,1,1,1,111,At Risk / Lost Customer,Churned,421.0,United Kingdom,340.33,2010-10
12901,2011-03-14 10:41:00,2011-12-01 10:07:00,28,23075,17654.54,630.5192857142857,824.1071428571429,4.142857142857143,Wholesale,,,,,,,,,,
12902,2011-03-20 12:06:00,2011-03-20 12:06:00,1,66,138.68,138.68,66.0,10.0,Retail,2,1,1,211,At Risk / Lost Customer,Churned,264.0,United Kingdom,138.68,2011-03
12903,2010-10-07 12:39:00,2010-10-07 12:39:00,1,493,833.53,833.53,493.0,41.0,Retail,1,1,2,112,At Risk / Lost Customer,Churned,428.0,United Kingdom,833.53,2010-10
12904,2011-06-20 13:18:00,2011-11-21 14:34:00,2,294,496.06,248.03,147.0,33.5,Retail,3,1,2,312,Average Customer,Active,17.0,United Kingdom,496.06,2011-06
12905,2010-01-26 14:06:00,2010-05-12 10:05:00,2,532,1018.42,509.21,266.0,27.0,Retail,1,1,2,112,At Risk / Lost Customer,Churned,576.0,United Kingdom,1018.42,2010-01
12906,2011-09-22 15:03:00,2011-11-28 09:55:00,5,1749,2919.81,583.962,349.8,12.6,Retail,3,2,3,323,Loyal Customer,Active,11.0,United Kingdom,2919.81,2011-09
12907,2010-08-02 14:33:00,2010-11-09 12:08:00,2,177,508.91,254.455,88.5,12.5,Retail,1,1,2,112,At Risk / Lost Customer,Churned,395.0,United Kingdom,508.91,2010-08
12908,2010-03-19 15:59:00,2011-06-16 15:39:00,5,3000,1776.0,355.2,600.0,1.0,Wholesale,,,,,,,,,,
12909,2010-02-24 12:14:00,2011-10-31 12:43:00,8,1948,3103.19,387.89875,243.5,19.625,Retail,3,3,3,333,Best Customer,Active,39.0,United Kingdom,3103.19,2010-02
12910,2010-03-28 13:10:00,2011-11-16 14:28:00,13,3632,5796.52,445.8861538461539,279.38461538461536,10.538461538461538,Retail,3,3,3,333,Best Customer,Active,22.0,United Kingdom,5796.52,2010-03
12911,2010-06-06 12:13:00,2010-06-06 12:13:00,1,807,1651.72,1651.72,807.0,220.0,Wholesale,,,,,,,,,,
12912,2011-10-30 11:35:00,2011-12-07 08:55:00,5,670,1662.3,332.46,134.0,4.8,Retail,3,2,3,323,Loyal Customer,Active,2.0,United Kingdom,1662.3,2011-10
12913,2009-12-01 12:18:00,2011-12-05 12:11:00,13,3086,6283.24,483.32615384615383,237.3846153846154,7.076923076923077,Retail,3,3,3,333,Best Customer,Active,4.0,United Kingdom,6283.24,2009-12
12914,2010-11-04 12:28:00,2010-11-04 12:28:00,1,336,223.98,223.98,336.0,9.0,Retail,1,1,1,111,At Risk / Lost Customer,Churned,400.0,United Kingdom,223.98,2010-11
12915,2010-04-29 19:36:00,2011-07-14 11:34:00,4,411,975.1,243.775,102.75,15.0,Retail,2,2,2,222,Average Customer,Churned,148.0,United Kingdom,975.1,2010-04
12916,2010-01-24 11:26:00,2011-07-24 10:35:00,7,1681,4479.73,639.9614285714285,240.14285714285714,23.428571428571427,Retail,2,3,3,233,Loyal Customer,Active,138.0,United Kingdom,4479.73,2010-01
12917,2009-12-09 14:22:00,2011-08-03 16:42:00,6,1104,4359.2,726.5333333333333,184.0,8.333333333333334,Retail,2,3,3,233,Loyal Customer,Active,127.0,United Kingdom,4359.2,2009-12
12918,2010-03-23 15:22:00,2010-03-23 15:22:00,1,1,10953.5,10953.5,1.0,1.0,Retail,1,1,3,113,Average Customer,Churned,625.0,United Kingdom,10953.5,2010-03
12919,2011-06-23 09:22:00,2011-12-01 13:47:00,6,673,1335.19,222.53166666666667,112.16666666666667,8.333333333333334,Retail,3,3,2,332,Loyal Customer,Active,7.0,United Kingdom,1335.19,2011-06
12920,2009-12-14 15:58:00,2011-11-22 15:05:00,4,420,486.64,121.66,105.0,14.75,Retail,3,2,2,322,Loyal Customer,Active,16.0,United Kingdom,486.64,2009-12
12921,2009-12-01 13:43:00,2011-11-30 16:22:00,74,21328,35233.24,476.12486486486483,288.2162162162162,20.256756756756758,Retail,3,3,3,333,Best Customer,Active,8.0,United Kingdom,35233.24,2009-12
12922,2011-07-01 15:35:00,2011-07-01 15:35:00,1,370,405.38,405.38,370.0,28.0,Retail,2,1,1,211,At Risk / Lost Customer,Churned,160.0,United Kingdom,405.38,2011-07
12923,2010-05-13 14:55:00,2011-10-06 16:20:00,3,230,770.42,256.8066666666667,76.66666666666667,20.0,Retail,2,2,2,222,Average Customer,Active,63.0,United Kingdom,770.42,2010-05
12924,2009-12-09 12:40:00,2011-09-12 13:55:00,12,1423,2469.4,205.78333333333333,118.58333333333333,5.833333333333333,Retail,2,3,3,233,Loyal Customer,Active,87.0,United Kingdom,2469.4,2009-12
12925,2010-04-26 10:32:00,2011-12-05 11:11:00,3,649,729.3299999999999,243.10999999999999,216.33333333333334,16.666666666666668,Retail,3,2,2,322,Loyal Customer,Active,4.0,United Kingdom,729.3299999999999,2010-04
12926,2009-12-14 14:35:00,2010-10-24 15:57:00,4,754,1523.97,380.9925,188.5,63.5,Wholesale,,,,,,,,,,
12927,2010-11-10 10:02:00,2010-11-10 10:02:00,1,145,197.31,197.31,145.0,11.0,Retail,1,1,1,111,At Risk / Lost Customer,Churned,394.0,United Kingdom,197.31,2010-11
12928,2010-06-08 10:16:00,2011-11-04 14:24:00,12,2899,4304.89,358.74083333333334,241.58333333333334,14.916666666666666,Retail,3,3,3,333,Best Customer,Active,34.0,United Kingdom,4304.89,2010-06
12929,2011-02-01 12:08:00,2011-02-01 12:08:00,1,37,117.85,117.85,37.0,8.0,Retail,1,1,1,111,At Risk / Lost Customer,Churned,311.0,United Kingdom,117.85,2011-02
12930,2011-06-21 13:25:00,2011-09-22 15:18:00,2,252,415.8,207.9,126.0,12.5,Retail,2,1,1,211,At Risk / Lost Customer,Active,77.0,United Kingdom,415.8,2011-06
12931,2009-12-01 11:46:00,2011-11-18 12:39:00,57,62906,92347.34,1620.1287719298246,1103.6140350877192,3.7719298245614037,Wholesale,,,,,,,,,,
12932,2010-02-10 08:46:00,2010-06-18 14:22:00,8,1609,1698.56,212.32,201.125,11.875,Retail,1,3,3,133,Loyal Customer,Churned,538.0,United Kingdom,1698.56,2010-02
12933,2009-12-10 16:39:00,2011-11-15 16:38:00,8,949,1636.6299999999999,204.57874999999999,118.625,35.625,Retail,3,3,3,333,Best Customer,Active,23.0,United Kingdom,1636.6299999999999,2009-12
12934,2009-12-03 10:51:00,2009-12-03 10:51:00,1,31,181.65,181.65,31.0,2.0,Retail,1,1,1,111,At Risk / Lost Customer,Churned,736.0,United Kingdom,181.65,2009-12
12935,2010-04-11 15:59:00,2011-12-07 17:25:00,15,3201,4243.86,282.924,213.4,16.933333333333334,Retail,3,3,3,333,Best Customer,Active,1.0,United Kingdom,4243.86,2010-04
12936,2011-09-22 13:51:00,2011-11-22 17:32:00,4,559,1063.9,265.975,139.75,15.5,Retail,3,2,2,322,Loyal Customer,Active,16.0,United Kingdom,1063.9,2011-09
12937,2009-12-03 15:43:00,2011-11-24 15:05:00,9,1983,3097.61,344.1788888888889,220.33333333333334,24.11111111111111,Retail,3,3,3,333,Best Customer,Active,14.0,United Kingdom,3097.61,2009-12
12938,2011-11-14 11:21:00,2011-11-14 11:21:00,1,140,114.14,114.14,140.0,9.0,Retail,3,1,1,311,Average Customer,Active,25.0,United Kingdom,114.14,2011-11
12939,2010-01-12 11:27:00,2011-10-06 14:33:00,20,10328,25264.8,1263.24,516.4,4.3,Wholesale,,,,,,,,,,
12940,2011-09-13 10:16:00,2011-10-16 12:09:00,2,404,899.69,449.845,202.0,46.0,Retail,2,1,2,212,Average Customer,Active,54.0,United Kingdom,899.69,2011-09
12941,2009-12-15 13:12:00,2009-12-15 13:12:00,1,381,377.49,377.49,381.0,27.0,Retail,1,1,1,111,At Risk / Lost Customer,Churned,723.0,United Kingdom,377.49,2009-12
12942,2010-12-09 09:34:00,2011-07-31 14:39:00,3,198,675.6,225.20000000000002,66.0,23.333333333333332,Retail,2,2,2,222,Average Customer,Active,130.0,United Kingdom,675.6,2010-12
12943,2010-04-13 11:03:00,2010-05-30 13:52:00,2,222,496.5,248.25,111.0,12.5,Retail,1,1,2,112,At Risk / Lost Customer,Churned,557.0,United Kingdom,496.5,2010-04
12944,2010-12-20 10:41:00,2011-11-04 11:04:00,2,289,604.51,302.255,144.5,15.0,Retail,3,1,2,312,Average Customer,Active,35.0,United Kingdom,604.51,2010-12
12945,2010-02-21 15:18:00,2011-02-24 14:15:00,2,446,900.11,450.055,223.0,25.5,Retail,1,1,2,112,At Risk / Lost Customer,Churned,287.0,United Kingdom,900.11,2010-02
12946,2010-09-29 10:14:00,2010-09-29 10:14:00,1,149,324.45,324.45,149.0,20.0,Retail,1,1,1,111,At Risk / Lost Customer,Churned,436.0,United Kingdom,324.45,2010-09
12947,2010-12-01 16:21:00,2011-07-19 10:06:00,6,1165,1603.99,267.33166666666665,194.16666666666666,16.166666666666668,Retail,2,3,3,233,Loyal Customer,Churned,143.0,United Kingdom,1603.99,2010-12
12948,2009-12-02 12:28:00,2011-11-23 17:10:00,9,1304,2317.43,257.4922222222222,144.88888888888889,13.88888888888889,Retail,3,3,3,333,Best Customer,Active,15.0,United Kingdom,2317.43,2009-12
12949,2009-12-03 15:56:00,2011-11-09 11:25:00,22,8233,15526.7,705.7590909090909,374.22727272727275,32.5,Retail,3,3,3,333,Best Customer,Active,30.0,United Kingdom,15526.7,2009-12
12950,2011-11-15 13:48:00,2011-12-07 13:17:00,3,1380,1843.0,614.3333333333334,460.0,7.666666666666667,Retail,3,2,3,323,Loyal Customer,Active,1.0,United Kingdom,1843.0,2011-11
12951,2010-01-10 12:43:00,2011-12-01 12:14:00,15,1662,3213.7200000000003,214.24800000000002,110.8,12.933333333333334,Retail,3,3,3,333,Best Customer,Active,8.0,United Kingdom,3213.7200000000003,2010-01
12952,2011-09-22 16:37:00,2011-12-04 10:35:00,4,653,1387.79,346.9475,163.25,19.75,Retail,3,2,2,322,Loyal Customer,Active,5.0,United Kingdom,1387.79,2011-09
12953,2010-07-05 13:37:00,2011-11-30 09:24:00,2,364,828.8100000000001,414.40500000000003,182.0,24.0,Retail,3,1,2,312,Average Customer,Active,9.0,United Kingdom,828.8100000000001,2010-07
12954,2010-03-11 10:16:00,2010-03-11 10:16:00,1,83,162.45,162.45,83.0,10.0,Retail,1,1,1,111,At Risk / Lost Customer,Churned,638.0,United Kingdom,162.45,2010-03
12955,2011-03-17 09:03:00,2011-12-08 16:29:00,11,3664,4757.16,432.4690909090909,333.09090909090907,16.363636363636363,Retail,3,3,3,333,Best Customer,Active,0.0,United Kingdom,4757.16,2011-03
12956,2009-12-15 19:03:00,2011-02-06 16:08:00,4,340,521.89,130.4725,85.0,10.5,Retail,1,2,2,122,Average Customer,Churned,305.0,United Kingdom,521.89,2009-12
12957,2009-12-11 12:01:00,2011-11-30 09:53:00,13,4686,8706.97,669.766923076923,360.46153846153845,37.69230769230769,Retail,3,3,3,333,Best Customer,Active,9.0,United Kingdom,8706.97,2009-12
12958,2010-05-05 16:22:00,2010-11-04 16:16:00,2,118,467.34,233.67,59.0,22.5,Retail,1,1,2,112,At Risk / Lost Customer,Churned,399.0,United Kingdom,467.34,2010-05
12959,2010-08-12 17:20:00,2010-08-12 17:20:00,1,109,150.95,150.95,109.0,8.0,Retail,1,1,1,111,At Risk / Lost Customer,Churned,483.0,United Kingdom,150.95,2010-08
12960,2010-02-16 13:32:00,2010-10-22 09:31:00,4,1379,1322.07,330.5175,344.75,17.5,Retail,1,2,2,122,Average Customer,Churned,413.0,United Kingdom,1322.07,2010-02
12961,2010-11-25 16:44:00,2010-11-25 16:44:00,1,180,211.99,211.99,180.0,37.0,Retail,1,1,1,111,At Risk / Lost Customer,Churned,378.0,United Kingdom,211.99,2010-11
12962,2011-08-18 13:38:00,2011-12-02 15:55:00,2,129,266.39,133.195,64.5,8.0,Retail,3,1,1,311,Average Customer,Active,6.0,United Kingdom,266.39,2011-08
12963,2010-07-08 14:45:00,2011-12-01 12:55:00,12,1637,3235.79,269.64916666666664,136.41666666666666,14.5,Retail,3,3,3,333,Best Customer,Active,7.0,United Kingdom,3235.79,2010-07
12964,2010-09-28 17:47:00,2010-09-28 17:47:00,1,56,132.24,132.24,56.0,26.0,Retail,1,1,1,111,At Risk / Lost Customer,Churned,436.0,United Kingdom,132.24,2010-09
12965,2011-09-11 15:31:00,2011-09-11 15:31:00,1,282,769.8100000000001,769.8100000000001,282.0,108.0,Wholesale,,,,,,,,,,
12966,2011-11-30 12:38:00,2011-11-30 12:38:00,1,75,160.18,160.18,75.0,10.0,Retail,3,1,1,311,Average Customer,Active,9.0,United Kingdom,160.18,2011-11
12967,2010-11-21 11:03:00,2010-12-16 19:10:00,3,912,2938.52,979.5066666666667,304.0,21.666666666666668,Retail,1,2,3,123,Average Customer,Churned,357.0,United Kingdom,2938.52,2010-11
12968,2011-08-19 15:44:00,2011-08-19 15:44:00,1,73,135.95,135.95,73.0,5.0,Retail,2,1,1,211,At Risk / Lost Customer,Active,111.0,United Kingdom,135.95,2011-08
12969,2010-04-16 10:50:00,2010-04-16 10:50:00,1,55,122.45,122.45,55.0,5.0,Retail,1,1,1,111,At Risk / Lost Customer,Churned,602.0,United Kingdom,122.45,2010-04
12970,2009-12-04 14:19:00,2011-12-02 14:30:00,10,954,1453.6,145.35999999999999,95.4,32.1,Retail,3,3,3,333,Best Customer,Active,6.0,United Kingdom,1453.6,2009-12
12971,2009-12-15 19:04:00,2011-12-06 12:20:00,116,14306,15704.6,135.3844827586207,123.32758620689656,3.5086206896551726,Retail,3,3,3,333,Best Customer,Active,3.0,United Kingdom,15704.6,2009-12
12972,2010-02-16 14:30:00,2010-10-22 08:41:00,4,844,1161.2,290.3,211.0,19.25,Retail,1,2,2,122,Average Customer,Churned,413.0,United Kingdom,1161.2,2010-02
12973,2010-10-22 10:14:00,2010-10-22 10:14:00,1,31,385.55,385.55,31.0,6.0,Retail,1,1,1,111,At Risk / Lost Customer,Churned,413.0,United Kingdom,385.55,2010-10
12974,2010-05-23 11:45:00,2011-05-26 09:33:00,2,104,408.95,204.475,52.0,16.0,Retail,2,1,1,211,At Risk / Lost Customer,Churned,197.0,United Kingdom,408.95,2010-05
12975,2009-12-06 10:38:00,2010-09-29 09:46:00,6,911,2100.09,350.01500000000004,151.83333333333334,18.666666666666668,Retail,1,3,3,133,Loyal Customer,Churned,436.0,United Kingdom,2100.09,2009-12
12976,2010-02-12 15:46:00,2011-05-12 09:55:00,8,2684,3156.38,394.5475,335.5,19.25,Retail,2,3,3,233,Loyal Customer,Churned,211.0,United Kingdom,3156.38,2010-02
12977,2010-07-16 16:25:00,2011-07-06 16:40:00,4,128,513.88,128.47,32.0,14.0,Retail,2,2,2,222,Average Customer,Churned,155.0,United Kingdom,513.88,2010-07
12978,2009-12-10 12:10:00,2010-11-19 14:29:00,5,1394,2502.82,500.564,278.8,32.4,Retail,1,2,3,123,Average Customer,Churned,384.0,United Kingdom,2502.82,2009-12
12979,2009-12-10 15:45:00,2009-12-10 15:45:00,1,520,517.7,517.7,520.0,56.0,Wholesale,,,,,,,,,,
12980,2009-12-02 11:26:00,2011-07-05 09:34:00,21,1910,16245.78,773.6085714285715,90.95238095238095,2.4761904761904763,Retail,2,3,3,233,Loyal Customer,Churned,157.0,United Kingdom,16245.78,2009-12
12981,2011-07-29 14:14:00,2011-11-10 12:00:00,2,242,372.21999999999997,186.10999999999999,121.0,10.0,Retail,3,1,1,311,Average Customer,Active,29.0,United Kingdom,372.21999999999997,2011-07
12982,2010-04-12 13:50:00,2011-04-11 11:51:00,8,1729,2744.81,343.10125,216.125,22.25,Retail,2,3,3,233,Loyal Customer,Churned,242.0,United Kingdom,2744.81,2010-04
12983,2010-04-20 12:58:00,2010-04-20 12:58:00,1,638,490.08000000000004,490.08000000000004,638.0,30.0,Wholesale,,,,,,,,,,
12984,2011-11-21 12:37:00,2011-11-21 12:37:00,1,26,97.5,97.5,26.0,4.0,Retail,3,1,1,311,Average Customer,Active,18.0,United Kingdom,97.5,2011-11
12985,2011-11-11 12:44:00,2011-12-09 10:46:00,2,1533,1239.38,619.69,766.5,38.0,Wholesale,,,,,,,,,,
12986,2010-01-21 10:45:00,2010-10-07 11:57:00,10,1164,2729.84,272.98400000000004,116.4,10.2,Retail,1,3,3,133,Loyal Customer,Churned,428.0,United Kingdom,2729.84,2010-01
12987,2010-01-20 09:57:00,2011-09-27 12:03:00,5,585,1312.21,262.442,117.0,13.2,Retail,2,2,2,222,Average Customer,Active,73.0,United Kingdom,1312.21,2010-01
12988,2011-02-20 14:31:00,2011-02-20 14:31:00,1,126,505.82,505.82,126.0,75.0,Wholesale,,,,,,,,,,
12989,2009-12-10 13:27:00,2011-12-06 15:28:00,33,6935,13551.75,410.65909090909093,210.15151515151516,2.9393939393939394,Retail,3,3,3,333,Best Customer,Active,2.0,United Kingdom,13551.75,2009-12
12990,2010-03-30 11:36:00,2011-11-08 13:01:00,7,480,955.5,136.5,68.57142857142857,3.857142857142857,Retail,3,3,2,332,Loyal Customer,Active,30.0,United Kingdom,955.5,2010-03
12991,2010-11-15 13:43:00,2011-11-16 15:34:00,3,483,764.82,254.94000000000003,161.0,15.0,Retail,3,2,2,322,Loyal Customer,Active,22.0,United Kingdom,764.82,2010-11
12992,2009-12-14 16:46:00,2009-12-14 16:46:00,1,21,93.35000000000001,93.35000000000001,21.0,6.0,Retail,1,1,1,111,At Risk / Lost Customer,Churned,724.0,United Kingdom,93.35000000000001,2009-12
12993,2010-02-18 10:35:00,2011-11-16 15:49:00,8,751,1259.6299999999999,157.45374999999999,93.875,9.5,Retail,3,3,2,332,Loyal Customer,Active,22.0,United Kingdom,1259.6299999999999,2010-02
12994,2011-03-16 08:31:00,2011-12-05 15:43:00,3,459,974.4200000000001,324.8066666666667,153.0,20.333333333333332,Retail,3,2,2,322,Loyal Customer,Active,3.0,United Kingdom,974.4200000000001,2011-03
12995,2011-09-15 15:44:00,2011-09-15 15:44:00,1,108,211.32,211.32,108.0,3.0,Retail,2,1,1,211,At Risk / Lost Customer,Active,84.0,United Kingdom,211.32,2011-09
12996,2010-11-29 09:27:00,2010-11-29 09:27:00,1,122,355.5,355.5,122.0,22.0,Retail,1,1,1,111,At Risk / Lost Customer,Churned,375.0,United Kingdom,355.5,2010-11
12997,2010-04-06 11:06:00,2011-11-17 15:47:00,8,1186,2110.91,263.86375,148.25,13.375,Retail,3,3,3,333,Best Customer,Active,21.0,United Kingdom,2110.91,2010-04
12998,2010-02-24 11:55:00,2010-08-04 08:05:00,3,1124,920.08,306.6933333333333,374.6666666666667,19.333333333333332,Retail,1,2,2,122,Average Customer,Churned,492.0,United Kingdom,920.08,2010-02
12999,2011-04-08 10:26:00,2011-05-27 13:24:00,3,342,455.88,151.96,114.0,9.333333333333334,Retail,2,2,2,222,Average Customer,Churned,195.0,United Kingdom,455.88,2011-04
13000,2009-12-14 17:03:00,2011-08-25 10:43:00,4,548,1032.5,258.125,137.0,15.5,Retail,2,2,2,222,Average Customer,Active,106.0,United Kingdom,1032.5,2009-12
13001,2009-12-03 16:21:00,2011-12-05 14:51:00,33,13448,24042.65,728.5651515151516,407.5151515151515,30.272727272727273,Retail,3,3,3,333,Best Customer,Active,3.0,United Kingdom,24042.65,2009-12
13002,2010-10-01 11:58:00,2011-01-25 15:18:00,3,201,414.13,138.04333333333332,67.0,7.666666666666667,Retail,1,2,1,121,At Risk / Lost Customer,Churned,317.0,United Kingdom,414.13,2010-10
13003,2011-05-09 08:23:00,2011-08-26 10:50:00,3,103,149.05,49.68333333333334,34.333333333333336,2.0,Retail,2,2,1,221,Average Customer,Active,105.0,United Kingdom,149.05,2011-05
13004,2009-12-15 09:44:00,2011-11-28 11:27:00,36,8768,11650.85,323.63472222222225,243.55555555555554,22.63888888888889,Retail,3,3,3,333,Best Customer,Active,11.0,United Kingdom,11650.85,2009-12
13005,2010-09-08 12:52:00,2011-06-19 10:53:00,4,462,999.68,249.92,115.5,14.0,Retail,2,2,2,222,Average Customer,Churned,173.0,United Kingdom,999.68,2010-09
13006,2011-10-14 13:49:00,2011-10-14 13:49:00,1,55,81.57,81.57,55.0,4.0,Retail,2,1,1,211,At Risk / Lost Customer,Active,55.0,United Kingdom,81.57,2011-10
13007,2010-05-09 10:38:00,2010-05-09 10:38:00,1,59,175.25,175.25,59.0,11.0,Retail,1,1,1,111,At Risk / Lost Customer,Churned,579.0,United Kingdom,175.25,2010-05
13008,2009-12-16 16:07:00,2011-01-20 14:24:00,3,379,612.13,204.04333333333332,126.33333333333333,11.666666666666666,Retail,1,2,2,122,Average Customer,Churned,322.0,United Kingdom,612.13,2009-12
13009,2010-02-05 12:22:00,2010-02-05 12:22:00,1,120,234.0,234.0,120.0,4.0,Retail,1,1,1,111,At Risk / Lost Customer,Churned,672.0,United Kingdom,234.0,2010-02
13010,2010-03-01 11:28:00,2010-11-30 15:09:00,2,323,330.12,165.06,161.5,6.0,Retail,1,1,1,111,At Risk / Lost Customer,Churned,373.0,United Kingdom,330.12,2010-03
13011,2010-12-02 17:22:00,2010-12-02 17:22:00,1,13,50.550000000000004,50.550000000000004,13.0,3.0,Retail,1,1,1,111,At Risk / Lost Customer,Churned,371.0,United Kingdom,50.550000000000004,2010-12
13012,2010-04-26 14:14:00,2011-11-30 13:05:00,11,1559,2957.83,268.89363636363635,141.72727272727272,13.909090909090908,Retail,3,3,3,333,Best Customer,Active,8.0,United Kingdom,2957.83,2010-04
13013,2009-12-14 10:34:00,2011-12-08 15:01:00,29,5661,11097.43,382.67,195.20689655172413,16.79310344827586,Retail,3,3,3,333,Best Customer,Active,0.0,United Kingdom,11097.43,2009-12
13014,2010-10-03 11:35:00,2011-11-29 12:27:00,11,1981,5381.08,489.1890909090909,180.0909090909091,20.454545454545453,Retail,3,3,3,333,Best Customer,Active,10.0,United Kingdom,5381.08,2010-10
13015,2010-04-15 16:35:00,2011-10-17 13:19:00,11,3527,6579.78,598.1618181818181,320.6363636363636,31.636363636363637,Retail,2,3,3,233,Loyal Customer,Active,52.0,United Kingdom,6579.78,2010-04
13016,2011-08-08 15:00:00,2011-09-27 14:08:00,3,527,789.89,263.2966666666667,175.66666666666666,15.666666666666666,Retail,2,2,2,222,Average Customer,Active,72.0,United Kingdom,789.89,2011-08
13017,2011-12-02 15:53:00,2011-12-02 15:53:00,1,48,204.0,204.0,48.0,1.0,Retail,3,1,1,311,Average Customer,Active,6.0,United Kingdom,204.0,2011-12
13018,2010-03-01 12:34:00,2011-11-23 13:28:00,35,6746,9763.16,278.9474285714286,192.74285714285713,17.228571428571428,Retail,3,3,3,333,Best Customer,Active,15.0,United Kingdom,9763.16,2010-03
13019,2009-12-06 15:40:00,2010-11-25 14:56:00,6,397,1229.95,204.99166666666667,66.16666666666667,9.166666666666666,Retail,1,3,2,132,Average Customer,Churned,378.0,United Kingdom,1229.95,2009-12
13020,2010-02-18 10:35:00,2010-05-26 11:12:00,2,278,618.96,309.48,139.0,19.5,Retail,1,1,2,112,At Risk / Lost Customer,Churned,562.0,United Kingdom,618.96,2010-02
13021,2009-12-05 12:02:00,2011-12-05 16:37:00,17,2546,4887.24,287.48470588235296,149.76470588235293,15.117647058823529,Retail,3,3,3,333,Best Customer,Active,3.0,United Kingdom,4887.24,2009-12
13022,2010-10-06 10:50:00,2010-10-06 10:50:00,1,35,65.3,65.3,35.0,5.0,Retail,1,1,1,111,At Risk / Lost Customer,Churned,429.0,Belgium,65.3,2010-10
13023,2010-06-29 09:51:00,2011-10-06 16:27:00,3,585,1449.03,483.01,195.0,25.333333333333332,Retail,2,2,3,223,Loyal Customer,Active,63.0,United Kingdom,1449.03,2010-06
13024,2010-05-06 14:25:00,2010-08-26 09:42:00,2,181,555.87,277.935,90.5,15.5,Retail,1,1,2,112,At Risk / Lost Customer,Churned,470.0,United Kingdom,555.87,2010-05
13025,2009-12-08 10:02:00,2009-12-08 10:02:00,1,241,323.39,323.39,241.0,13.0,Retail,1,1,1,111,At Risk / Lost Customer,Churned,731.0,United Kingdom,323.39,2009-12
13026,2009-12-13 11:34:00,2011-12-08 16:58:00,9,2466,1733.08,192.56444444444443,274.0,9.11111111111111,Retail,3,3,3,333,Best Customer,Active,0.0,United Kingdom,1733.08,2009-12
13027,2010-01-20 10:41:00,2011-08-18 09:39:00,19,42840,17239.2,907.3263157894737,2254.7368421052633,4.421052631578948,Wholesale,,,,,,,,,,
13028,2011-10-25 14:09:00,2011-11-17 11:10:00,2,798,661.3199999999999,330.65999999999997,399.0,22.5,Retail,3,1,2,312,Average Customer,Active,22.0,United Kingdom,661.3199999999999,2011-10
13029,2010-07-04 13:46:00,2011-11-09 09:13:00,5,194,1927.3,385.46,38.8,3.4,Retail,3,2,3,323,Loyal Customer,Active,30.0,United Kingdom,1927.3,2010-07
13030,2010-12-06 14:31:00,2011-11-28 14:30:00,2,348,752.4399999999999,376.21999999999997,174.0,39.0,Retail,3,1,2,312,Average Customer,Active,10.0,United Kingdom,752.4399999999999,2010-12
13031,2010-06-03 14:57:00,2010-10-28 15:34:00,5,2309,3292.84,658.568,461.8,79.6,Wholesale,,,,,,,,,,
13032,2010-09-05 14:01:00,2011-10-18 15:54:00,9,1274,2815.96,312.88444444444445,141.55555555555554,22.77777777777778,Retail,2,3,3,233,Loyal Customer,Active,51.0,United Kingdom,2815.96,2010-09
13033,2010-10-06 09:37:00,2010-12-17 14:23:00,2,98,220.55,110.275,49.0,6.5,Retail,1,1,1,111,At Risk / Lost Customer,Churned,356.0,United Kingdom,220.55,2010-10
13034,2010-11-03 15:22:00,2011-10-16 12:21:00,3,406,756.82,252.27333333333334,135.33333333333334,14.666666666666666,Retail,2,2,2,222,Average Customer,Active,54.0,United Kingdom,756.82,2010-11
13035,2010-10-04 15:41:00,2011-09-27 08:57:00,3,926,1364.2,454.73333333333335,308.6666666666667,14.0,Retail,2,2,2,222,Average Customer,Active,73.0,United Kingdom,1364.2,2010-10
13036,2010-01-24 11:35:00,2010-01-24 11:35:00,1,38,307.1,307.1,38.0,6.0,Retail,1,1,1,111,At Risk / Lost Customer,Churned,684.0,United Kingdom,307.1,2010-01
13037,2009-12-03 17:04:00,2011-07-24 15:46:00,12,2130,3914.9500000000003,326.24583333333334,177.5,19.333333333333332,Retail,2,3,3,233,Loyal Customer,Active,137.0,United Kingdom,3914.9500000000003,2009-12
13038,2011-02-22 11:43:00,2011-09-20 14:37:00,3,360,908.46,302.82,120.0,9.333333333333334,Retail,2,2,2,222,Average Customer,Active,79.0,United Kingdom,908.46,2011-02
13039,2009-12-17 16:43:00,2010-05-04 16:45:00,4,290,1010.73,252.6825,72.5,13.75,Retail,1,2,2,122,Average Customer,Churned,583.0,United Kingdom,1010.73,2009-12
13040,2011-11-06 13:53:00,2011-12-01 10:38:00,2,355,676.99,338.495,177.5,21.5,Retail,3,1,2,312,Average Customer,Active,8.0,United Kingdom,676.99,2011-11
13041,2010-04-29 08:43:00,2010-09-15 11:44:00,4,335,799.13,199.7825,83.75,8.75,Retail,1,2,2,122,Average Customer,Churned,450.0,United Kingdom,799.13,2010-04
13042,2009-12-07 15:42:00,2010-04-20 13:43:00,3,812,1488.59,496.19666666666666,270.6666666666667,58.666666666666664,Wholesale,,,,,,,,,,
13043,2011-03-11 14:52:00,2011-03-11 14:52:00,1,254,516.42,516.42,254.0,13.0,Retail,1,1,2,112,At Risk / Lost Customer,Churned,272.0,United Kingdom,516.42,2011-03
13044,2010-01-08 14:46:00,2011-02-21 15:20:00,11,2548,4848.05,440.7318181818182,231.63636363636363,37.36363636363637,Retail,1,3,3,133,Loyal Customer,Churned,290.0,United Kingdom,4848.05,2010-01
13045,2010-08-10 13:02:00,2011-09-01 15:04:00,3,405,808.92,269.64,135.0,15.0,Retail,2,2,2,222,Average Customer,Active,98.0,United Kingdom,808.92,2010-08
13046,2010-09-09 13:09:00,2011-11-09 08:36:00,3,505,949.25,316.4166666666667,168.33333333333334,18.666666666666668,Retail,3,2,2,322,Loyal Customer,Active,30.0,United Kingdom,949.25,2010-09
13047,2009-12-16 11:43:00,2011-11-08 12:06:00,24,3345,8428.53,351.18875,139.375,15.875,Retail,3,3,3,333,Best Customer,Active,31.0,United Kingdom,8428.53,2009-12
13048,2010-01-27 12:55:00,2011-11-25 13:23:00,9,2661,4049.13,449.90333333333336,295.6666666666667,29.333333333333332,Retail,3,3,3,333,Best Customer,Active,13.0,United Kingdom,4049.13,2010-01
13049,2010-11-03 15:39:00,2011-10-06 15:31:00,4,620,1408.24,352.06,155.0,6.5,Retail,2,2,2,222,Average Customer,Active,63.0,United Kingdom,1408.24,2010-11
13050,2009-12-15 15:06:00,2011-11-25 09:18:00,35,7015,11986.52,342.47200000000004,200.42857142857142,27.82857142857143,Retail,3,3,3,333,Best Customer,Active,14.0,United Kingdom,11986.52,2009-12
13051,2010-03-30 11:11:00,2010-05-10 09:14:00,2,72,155.8,77.9,36.0,2.0,Retail,1,1,1,111,At Risk / Lost Customer,Churned,578.0,United Kingdom,155.8,2010-03
13052,2010-02-23 12:31:00,2011-05-11 14:12:00,7,1424,3119.33,445.61857142857144,203.42857142857142,34.285714285714285,Retail,2,3,3,233,Loyal Customer,Churned,211.0,United Kingdom,3119.33,2010-02
13053,2010-03-28 11:28:00,2010-03-28 11:28:00,1,47,127.65,127.65,47.0,17.0,Retail,1,1,1,111,At Risk / Lost Customer,Churned,621.0,United Kingdom,127.65,2010-03
13055,2010-10-06 08:17:00,2011-09-22 14:26:00,4,1821,2321.11,580.2775,455.25,38.5,Retail,2,2,3,223,Loyal Customer,Active,77.0,United Kingdom,2321.11,2010-10
13056,2010-06-06 14:10:00,2010-06-06 14:10:00,1,158,209.48,209.48,158.0,18.0,Retail,1,1,1,111,At Risk / Lost Customer,Churned,550.0,United Kingdom,209.48,2010-06
13057,2010-03-18 12:14:00,2010-06-27 15:44:00,3,456,709.59,236.53,152.0,13.333333333333334,Retail,1,2,2,122,Average Customer,Churned,529.0,United Kingdom,709.59,2010-03
13058,2011-07-11 12:01:00,2011-11-15 12:43:00,3,52,271.40000000000003,90.46666666666668,17.333333333333332,2.6666666666666665,Retail,3,2,1,321,Average Customer,Active,24.0,United Kingdom,271.40000000000003,2011-07
13059,2010-03-31 12:23:00,2011-04-04 10:40:00,10,860,2291.77,229.177,86.0,19.4,Retail,2,3,3,233,Loyal Customer,Churned,249.0,United Kingdom,2291.77,2010-03
13060,2011-03-31 11:37:00,2011-03-31 11:37:00,1,123,307.53,307.53,123.0,15.0,Retail,2,1,1,211,At Risk / Lost Customer,Churned,253.0,United Kingdom,307.53,2011-03
13061,2011-09-28 16:04:00,2011-09-28 16:04:00,1,107,248.61,248.61,107.0,10.0,Retail,2,1,1,211,At Risk / Lost Customer,Active,71.0,United Kingdom,248.61,2011-09
13062,2011-06-01 15:12:00,2011-06-01 15:12:00,1,343,346.98,346.98,343.0,11.0,Retail,2,1,1,211,At Risk / Lost Customer,Churned,190.0,United Kingdom,346.98,2011-06
13063,2010-08-16 12:27:00,2010-08-16 12:27:00,1,116,188.4,188.4,116.0,12.0,Retail,1,1,1,111,At Risk / Lost Customer,Churned,480.0,United Kingdom,188.4,2010-08
13064,2010-04-27 10:08:00,2011-11-27 12:31:00,6,668,1666.8400000000001,277.8066666666667,111.33333333333333,15.166666666666666,Retail,3,3,3,333,Best Customer,Active,12.0,United Kingdom,1666.8400000000001,2010-04
13065,2010-06-10 11:44:00,2010-12-01 16:52:00,5,381,1055.05,211.01,76.2,12.4,Retail,1,2,2,122,Average Customer,Churned,372.0,United Kingdom,1055.05,2010-06
13066,2011-11-07 17:06:00,2011-11-15 12:57:00,2,322,470.8,235.4,161.0,24.0,Retail,3,1,2,312,Average Customer,Active,23.0,United Kingdom,470.8,2011-11
13067,2010-09-19 13:43:00,2011-09-18 13:38:00,3,131,508.51,169.50333333333333,43.666666666666664,10.333333333333334,Retail,2,2,2,222,Average Customer,Active,81.0,United Kingdom,508.51,2010-09
13068,2011-01-24 08:20:00,2011-11-29 15:00:00,2,200,344.0,172.0,100.0,1.0,Retail,3,1,1,311,Average Customer,Active,9.0,United Kingdom,344.0,2011-01
13069,2010-06-14 14:27:00,2011-12-09 08:39:00,38,15171,9284.45,244.32763157894738,399.2368421052632,26.86842105263158,Retail,3,3,3,333,Best Customer,Active,0.0,United Kingdom,9284.45,2010-06
13070,2009-12-07 14:44:00,2011-05-31 13:45:00,4,372,751.7,187.925,93.0,8.25,Retail,2,2,2,222,Average Customer,Churned,191.0,United Kingdom,751.7,2009-12
13071,2010-04-06 13:37:00,2010-04-06 13:37:00,1,30,129.22,129.22,30.0,12.0,Retail,1,1,1,111,At Risk / Lost Customer,Churned,611.0,United Kingdom,129.22,2010-04
13072,2011-03-18 08:12:00,2011-03-18 08:12:00,1,69,177.15,177.15,69.0,7.0,Retail,2,1,1,211,At Risk / Lost Customer,Churned,266.0,United Kingdom,177.15,2011-03
13073,2010-09-28 09:27:00,2010-10-24 14:06:00,2,261,418.08,209.04,130.5,13.5,Retail,1,1,1,111,At Risk / Lost Customer,Churned,410.0,United Kingdom,418.08,2010-09
13074,2009-12-16 11:46:00,2010-07-16 16:53:00,4,826,1378.74,344.685,206.5,7.25,Retail,1,2,2,122,Average Customer,Churned,510.0,United Kingdom,1378.74,2009-12
13075,2011-08-02 10:19:00,2011-08-02 10:19:00,1,485,919.61,919.61,485.0,22.0,Retail,2,1,2,212,Average Customer,Active,129.0,United Kingdom,919.61,2011-08
13076,2010-09-08 10:27:00,2010-09-08 10:27:00,1,44,135.4,135.4,44.0,9.0,Retail,1,1,1,111,At Risk / Lost Customer,Churned,457.0,United Kingdom,135.4,2010-09
13077,2009-12-11 11:17:00,2011-12-08 19:24:00,11,2468,2740.65,249.15,224.36363636363637,29.818181818181817,Retail,3,3,3,333,Best Customer,Active,0.0,United Kingdom,2740.65,2009-12
13078,2009-12-01 09:06:00,2011-12-06 15:36:00,57,12032,29018.06,509.0887719298246,211.08771929824562,13.87719298245614,Retail,3,3,3,333,Best Customer,Active,2.0,United Kingdom,29018.06,2009-12
13079,2010-10-18 14:15:00,2011-12-05 16:53:00,6,158,419.18,69.86333333333333,26.333333333333332,2.8333333333333335,Retail,3,3,1,331,Loyal Customer,Active,3.0,United Kingdom,419.18,2010-10
13080,2010-04-09 13:07:00,2011-06-13 14:59:00,4,193,280.73,70.1825,48.25,4.75,Retail,2,2,1,221,Average Customer,Churned,178.0,United Kingdom,280.73,2010-04
13081,2009-12-08 13:58:00,2011-11-28 10:54:00,28,40169,56838.37,2029.9417857142857,1434.607142857143,81.57142857142857,Wholesale,,,,,,,,,,
13082,2009-12-22 15:37:00,2011-08-05 16:16:00,21,8466,7335.75,349.32142857142856,403.14285714285717,6.142857142857143,Retail,2,3,3,233,Loyal Customer,Active,125.0,United Kingdom,7335.75,2009-12
13083,2010-10-10 13:38:00,2011-12-05 15:01:00,3,307,395.43,131.81,102.33333333333333,7.333333333333333,Retail,3,2,1,321,Average Customer,Active,3.0,United Kingdom,395.43,2010-10
13084,2010-08-05 08:49:00,2010-08-05 08:49:00,1,144,122.39999999999999,122.39999999999999,144.0,2.0,Retail,1,1,1,111,At Risk / Lost Customer,Churned,491.0,United Kingdom,122.39999999999999,2010-08
13085,2009-12-01 07:45:00,2011-07-05 12:11:00,8,944,2433.28,304.16,118.0,10.5,Retail,2,3,3,233,Loyal Customer,Churned,157.0,United Kingdom,2433.28,2009-12
13086,2010-11-22 10:28:00,2010-11-22 10:28:00,1,155,439.33000000000004,439.33000000000004,155.0,47.0,Retail,1,1,2,112,At Risk / Lost Customer,Churned,382.0,United Kingdom,439.33000000000004,2010-11
13087,2009-12-13 15:16:00,2009-12-13 15:16:00,1,86,313.64,313.64,86.0,15.0,Retail,1,1,1,111,At Risk / Lost Customer,Churned,725.0,United Kingdom,313.64,2009-12
13088,2010-10-18 15:35:00,2010-10-18 15:35:00,1,76,236.11,236.11,76.0,19.0,Retail,1,1,1,111,At Risk / Lost Customer,Churned,416.0,United Kingdom,236.11,2010-10
13089,2009-12-02 15:44:00,2011-12-07 09:02:00,203,58937,113416.91,558.7039901477833,290.33004926108373,16.320197044334975,Retail,3,3,3,333,Best Customer,Active,2.0,United Kingdom,113416.91,2009-12
13090,2010-08-02 13:58:00,2011-12-01 12:39:00,24,3247,13091.74,545.4891666666666,135.29166666666666,11.333333333333334,Retail,3,3,3,333,Best Customer,Active,8.0,United Kingdom,13091.74,2010-08
13091,2009-12-10 11:50:00,2011-11-11 15:54:00,3,1339,2321.82,773.94,446.3333333333333,15.0,Retail,3,2,3,323,Loyal Customer,Active,27.0,United Kingdom,2321.82,2009-12
13092,2010-02-10 08:44:00,2011-09-30 11:18:00,12,664,2140.28,178.35666666666668,55.333333333333336,8.75,Retail,2,3,3,233,Loyal Customer,Active,70.0,United Kingdom,2140.28,2010-02
13093,2009-12-04 10:32:00,2011-03-09 12:14:00,55,25971,54144.25,984.4409090909091,472.2,18.854545454545455,Retail,1,3,3,133,Loyal Customer,Churned,275.0,United Kingdom,54144.25,2009-12
13094,2010-11-15 14:15:00,2011-11-18 14:07:00,13,1896,2209.44,169.9569230769231,145.84615384615384,2.230769230769231,Retail,3,3,3,333,Best Customer,Active,20.0,United Kingdom,2209.44,2010-11
13095,2011-09-30 12:03:00,2011-09-30 12:03:00,1,144,74.39999999999999,74.39999999999999,144.0,6.0,Retail,2,1,1,211,At Risk / Lost Customer,Active,70.0,United Kingdom,74.39999999999999,2011-09
13096,2010-11-10 14:08:00,2010-11-10 14:08:00,1,6,419.70000000000005,419.70000000000005,6.0,1.0,Retail,1,1,1,111,At Risk / Lost Customer,Churned,393.0,United Kingdom,419.70000000000005,2010-11
13097,2009-12-01 13:31:00,2011-11-07 10:43:00,28,5345,13324.1,475.8607142857143,190.89285714285714,35.42857142857143,Retail,3,3,3,333,Best Customer,Active,32.0,United Kingdom,13324.1,2009-12
13098,2011-01-26 13:46:00,2011-12-08 14:14:00,28,15968,28882.44,1031.5157142857142,570.2857142857143,20.428571428571427,Wholesale,,,,,,,,,,
13099,2011-09-01 17:40:00,2011-09-01 17:40:00,1,288,207.35999999999999,207.35999999999999,288.0,1.0,Retail,2,1,1,211,At Risk / Lost Customer,Active,98.0,United Kingdom,207.35999999999999,2011-09
13101,2010-01-27 15:49:00,2011-04-19 14:37:00,4,478,695.4,173.85,119.5,12.75,Retail,2,2,2,222,Average Customer,Churned,233.0,United Kingdom,695.4,2010-01
13102,2010-05-06 13:12:00,2011-12-08 12:52:00,37,6366,11380.1,307.57027027027027,172.05405405405406,13.0,Retail,3,3,3,333,Best Customer,Active,0.0,United Kingdom,11380.1,2010-05
13103,2010-05-11 14:41:00,2011-10-31 09:38:00,3,426,709.64,236.54666666666665,142.0,11.0,Retail,3,2,2,322,Loyal Customer,Active,39.0,United Kingdom,709.64,2010-05
13104,2010-02-24 15:06:00,2011-12-06 13:10:00,9,834,1709.1,189.89999999999998,92.66666666666667,3.3333333333333335,Retail,3,3,3,333,Best Customer,Active,2.0,United Kingdom,1709.1,2010-02
13105,2010-09-29 13:41:00,2010-09-29 13:41:00,1,100,72.0,72.0,100.0,1.0,Retail,1,1,1,111,At Risk / Lost Customer,Churned,435.0,United Kingdom,72.0,2010-09
13106,2010-10-22 13:10:00,2011-07-29 15:12:00,2,231,603.46,301.73,115.5,8.0,Retail,2,1,2,212,Average Customer,Active,132.0,United Kingdom,603.46,2010-10
13107,2010-02-04 10:50:00,2011-10-26 14:52:00,9,4316,5253.07,583.6744444444444,479.55555555555554,19.77777777777778,Retail,2,3,3,233,Loyal Customer,Active,43.0,United Kingdom,5253.07,2010-02
13108,2010-09-30 17:09:00,2010-12-02 10:35:00,2,745,748.46,374.23,372.5,17.5,Retail,1,1,2,112,At Risk / Lost Customer,Churned,372.0,United Kingdom,748.46,2010-09
13109,2010-06-06 12:59:00,2011-10-11 10:16:00,3,757,1134.03,378.01,252.33333333333334,23.333333333333332,Retail,2,2,2,222,Average Customer,Active,59.0,United Kingdom,1134.03,2010-06
13110,2009-12-01 14:14:00,2011-11-08 14:30:00,12,763,2957.4700000000003,246.45583333333335,63.583333333333336,20.916666666666668,Retail,3,3,3,333,Best Customer,Active,30.0,United Kingdom,2957.4700000000003,2009-12
13111,2009-12-21 09:00:00,2009-12-21 09:00:00,1,180,321.88000000000005,321.88000000000005,180.0,12.0,Retail,1,1,1,111,At Risk / Lost Customer,Churned,718.0,United Kingdom,321.88000000000005,2009-12
13112,2010-06-16 17:03:00,2010-06-16 17:03:00,1,11,20.6,20.6,11.0,2.0,Retail,1,1,1,111,At Risk / Lost Customer,Churned,540.0,United Kingdom,20.6,2010-06
13113,2010-03-28 16:13:00,2011-12-09 12:49:00,37,4440,18230.07,492.7045945945946,120.0,10.054054054054054,Retail,3,3,3,333,Best Customer,Active,0.0,United Kingdom,18230.07,2010-03
13114,2009-12-09 09:56:00,2009-12-09 09:56:00,1,74,234.38,234.38,74.0,16.0,Retail,1,1,1,111,At Risk / Lost Customer,Churned,730.0,United Kingdom,234.38,2009-12
13115,2010-04-19 13:29:00,2011-11-28 12:38:00,10,3934,5494.7,549.47,393.4,31.4,Retail,3,3,3,333,Best Customer,Active,11.0,United Kingdom,5494.7,2010-04
13116,2011-07-24 14:33:00,2011-07-24 14:33:00,1,291,501.14,501.14,291.0,30.0,Retail,2,1,2,212,Average Customer,Active,137.0,United Kingdom,501.14,2011-07
13117,2010-03-26 13:50:00,2011-11-18 12:02:00,18,1852,2255.66,125.31444444444443,102.88888888888889,9.0,Retail,3,3,3,333,Best Customer,Active,21.0,United Kingdom,2255.66,2010-03
13118,2010-09-26 15:46:00,2011-11-20 12:46:00,9,834,2415.41,268.37888888888887,92.66666666666667,16.444444444444443,Retail,3,3,3,333,Best Customer,Active,19.0,United Kingdom,2415.41,2010-09
13119,2010-02-09 08:38:00,2010-02-09 08:38:00,1,110,134.9,134.9,110.0,11.0,Retail,1,1,1,111,At Risk / Lost Customer,Churned,668.0,United Kingdom,134.9,2010-02
13120,2011-04-15 10:19:00,2011-04-15 10:19:00,1,12,30.599999999999998,30.599999999999998,12.0,1.0,Retail,2,1,1,211,At Risk / Lost Customer,Churned,238.0,United Kingdom,30.599999999999998,2011-04
13121,2011-03-15 16:47:00,2011-03-15 16:47:00,1,252,283.73,283.73,252.0,50.0,Retail,2,1,1,211,At Risk / Lost Customer,Churned,268.0,United Kingdom,283.73,2011-03
13122,2011-04-13 14:12:00,2011-09-06 15:53:00,2,585,922.39,461.195,292.5,27.5,Retail,2,1,2,212,Average Customer,Active,93.0,United Kingdom,922.39,2011-04
13123,2010-06-28 12:43:00,2010-08-24 10:18:00,2,268,506.75,253.375,134.0,22.5,Retail,1,1,2,112,At Risk / Lost Customer,Churned,472.0,United Kingdom,506.75,2010-06
13124,2010-11-19 15:50:00,2011-09-11 12:45:00,4,2738,4641.66,1160.415,684.5,67.75,Wholesale,,,,,,,,,,
13125,2010-07-04 11:58:00,2010-07-04 11:58:00,1,53,148.62,148.62,53.0,20.0,Retail,1,1,1,111,At Risk / Lost Customer,Churned,523.0,United Kingdom,148.62,2010-07
13126,2010-03-02 12:24:00,2011-12-05 10:00:00,13,3289,3774.81,290.37,253.0,18.307692307692307,Retail,3,3,3,333,Best Customer,Active,4.0,United Kingdom,3774.81,2010-03
13127,2011-09-23 10:26:00,2011-09-23 10:26:00,1,127,259.17,259.17,127.0,15.0,Retail,2,1,1,211,At Risk / Lost Customer,Active,77.0,United Kingdom,259.17,2011-09
13128,2010-03-18 15:08:00,2010-03-18 15:08:00,1,31,263.5,263.5,31.0,1.0,Retail,1,1,1,111,At Risk / Lost Customer,Churned,630.0,United Kingdom,263.5,2010-03
13129,2010-06-28 11:54:00,2010-09-13 13:47:00,2,296,233.25,116.625,148.0,5.5,Retail,1,1,1,111,At Risk / Lost Customer,Churned,451.0,United Kingdom,233.25,2010-06
13130,2011-09-06 15:30:00,2011-09-06 15:30:00,1,32,64.0,64.0,32.0,2.0,Retail,2,1,1,211,At Risk / Lost Customer,Active,93.0,United Kingdom,64.0,2011-09
13131,2010-02-09 09:47:00,2011-11-16 13:21:00,7,1523,3313.77,473.3957142857143,217.57142857142858,21.285714285714285,Retail,3,3,3,333,Best Customer,Active,22.0,United Kingdom,3313.77,2010-02
13132,2011-03-23 12:44:00,2011-03-23 12:44:00,1,20,77.3,77.3,20.0,3.0,Retail,2,1,1,211,At Risk / Lost Customer,Churned,261.0,United Kingdom,77.3,2011-03
13133,2010-09-06 15:30:00,2011-03-11 10:31:00,3,55,200.45000000000002,66.81666666666668,18.333333333333332,4.0,Retail,1,2,1,121,At Risk / Lost Customer,Churned,273.0,United Kingdom,200.45000000000002,2010-09
13134,2010-10-19 13:21:00,2011-09-15 10:35:00,6,1364,2475.23,412.53833333333336,227.33333333333334,20.166666666666668,Retail,2,3,3,233,Loyal Customer,Active,85.0,United Kingdom,2475.23,2010-10
13135,2010-08-05 17:28:00,2011-05-27 10:52:00,2,4423,3371.45,1685.725,2211.5,9.0,Wholesale,,,,,,,,,,
13136,2009-12-08 18:30:00,2011-10-14 13:41:00,13,3109,6274.56,482.65846153846155,239.15384615384616,24.23076923076923,Retail,2,3,3,233,Loyal Customer,Active,55.0,United Kingdom,6274.56,2009-12
13137,2010-07-25 15:40:00,2011-11-29 12:09:00,16,4238,7586.94,474.18375,264.875,83.25,Wholesale,,,,,,,,,,
13138,2010-11-08 11:45:00,2011-11-17 16:51:00,7,593,1274.01,182.00142857142856,84.71428571428571,12.142857142857142,Retail,3,3,2,332,Loyal Customer,Active,21.0,United Kingdom,1274.01,2010-11
13139,2010-09-28 09:12:00,2011-11-23 13:54:00,8,4614,8202.98,1025.3725,576.75,33.125,Wholesale,,,,,,,,,,
13140,2010-08-05 19:05:00,2011-08-23 15:33:00,5,572,1054.92,210.984,114.4,20.8,Retail,2,2,2,222,Average Customer,Active,107.0,United Kingdom,1054.92,2010-08
13141,2009-12-09 13:34:00,2011-09-16 09:54:00,17,5159,7656.08,450.35764705882355,303.47058823529414,24.941176470588236,Retail,2,3,3,233,Loyal Customer,Active,84.0,United Kingdom,7656.08,2009-12
13142,2011-11-20 16:07:00,2011-11-20 16:07:00,1,258,307.09,307.09,258.0,23.0,Retail,3,1,1,311,Average Customer,Active,18.0,United Kingdom,307.09,2011-11
13143,2010-05-04 12:22:00,2010-05-04 12:22:00,1,198,405.1,405.1,198.0,23.0,Retail,1,1,1,111,At Risk / Lost Customer,Churned,584.0,United Kingdom,405.1,2010-05
13144,2010-10-04 14:14:00,2011-01-11 11:15:00,2,29,135.35,67.675,14.5,3.0,Retail,1,1,1,111,At Risk / Lost Customer,Churned,332.0,United Kingdom,135.35,2010-10
13145,2010-04-19 11:11:00,2011-10-31 12:45:00,7,265,1128.52,161.21714285714285,37.857142857142854,1.2857142857142858,Retail,3,3,2,332,Loyal Customer,Active,39.0,United Kingdom,1128.52,2010-04
13146,2011-11-13 15:29:00,2011-11-13 15:29:00,1,154,228.91,228.91,154.0,16.0,Retail,3,1,1,311,Average Customer,Active,25.0,United Kingdom,228.91,2011-11
13147,2011-09-01 12:28:00,2011-11-29 13:59:00,4,144,712.8000000000001,178.20000000000002,36.0,1.0,Retail,3,2,2,322,Loyal Customer,Active,9.0,United Kingdom,712.8000000000001,2011-09
13148,2009-12-07 15:26:00,2011-11-10 15:23:00,26,4487,8497.82,326.83923076923077,172.57692307692307,28.46153846153846,Retail,3,3,3,333,Best Customer,Active,28.0,United Kingdom,8497.82,2009-12
13149,2011-02-23 13:57:00,2011-11-25 13:09:00,4,1280,1676.06,419.015,320.0,21.5,Retail,3,2,3,323,Loyal Customer,Active,13.0,United Kingdom,1676.06,2011-02
13150,2010-03-19 09:03:00,2010-08-12 12:59:00,3,171,449.96999999999997,149.98999999999998,57.0,2.6666666666666665,Retail,1,2,2,122,Average Customer,Churned,483.0,United Kingdom,449.96999999999997,2010-03
13151,2010-03-22 10:26:00,2011-02-17 12:29:00,3,813,2465.21,821.7366666666667,271.0,48.666666666666664,Retail,1,2,3,123,Average Customer,Churned,295.0,United Kingdom,2465.21,2010-03
13152,2010-01-14 10:01:00,2010-10-18 13:44:00,7,977,2146.38,306.6257142857143,139.57142857142858,19.285714285714285,Retail,1,3,3,133,Loyal Customer,Churned,416.0,United Kingdom,2146.38,2010-01
13153,2011-12-04 12:14:00,2011-12-04 12:14:00,1,418,486.22,486.22,418.0,15.0,Retail,3,1,2,312,Average Customer,Active,5.0,United Kingdom,486.22,2011-12
13154,2009-12-04 08:46:00,2010-11-05 16:00:00,3,976,1624.84,541.6133333333333,325.3333333333333,31.0,Retail,1,2,3,123,Average Customer,Churned,398.0,United Kingdom,1624.84,2009-12
13155,2010-08-05 09:30:00,2011-11-06 15:41:00,6,741,1370.48,228.41333333333333,123.5,18.5,Retail,3,3,2,332,Loyal Customer,Active,32.0,United Kingdom,1370.48,2010-08
13156,2010-02-01 13:45:00,2010-11-19 13:09:00,3,914,1586.54,528.8466666666667,304.6666666666667,34.666666666666664,Retail,1,2,3,123,Average Customer,Churned,384.0,United Kingdom,1586.54,2010-02
13157,2010-03-08 11:59:00,2011-10-21 13:50:00,9,4762,5687.36,631.9288888888889,529.1111111111111,27.88888888888889,Wholesale,,,,,,,,,,
13158,2010-11-16 17:12:00,2011-09-06 11:58:00,5,992,1508.18,301.636,198.4,20.0,Retail,2,2,3,223,Loyal Customer,Active,94.0,United Kingdom,1508.18,2010-11
13159,2011-08-16 11:44:00,2011-12-01 11:20:00,4,1058,1429.35,357.3375,264.5,29.75,Retail,3,2,3,323,Loyal Customer,Active,8.0,United Kingdom,1429.35,2011-08
13160,2011-11-17 13:07:00,2011-11-17 13:07:00,1,56,91.8,91.8,56.0,4.0,Retail,3,1,1,311,Average Customer,Active,21.0,United Kingdom,91.8,2011-11
13161,2010-07-27 12:44:00,2011-01-30 14:03:00,2,105,472.13,236.065,52.5,16.5,Retail,1,1,2,112,At Risk / Lost Customer,Churned,312.0,United Kingdom,472.13,2010-07
13162,2009-12-04 13:59:00,2011-08-09 15:59:00,16,5755,9275.49,579.718125,359.6875,14.875,Retail,2,3,3,233,Loyal Customer,Active,121.0,United Kingdom,9275.49,2009-12
13163,2010-04-08 16:21:00,2010-04-08 16:21:00,1,3,17.65,17.65,3.0,2.0,Retail,1,1,1,111,At Risk / Lost Customer,Churned,609.0,United Kingdom,17.65,2010-04
13164,2010-02-10 11:52:00,2010-05-19 13:52:00,2,120,372.2,186.1,60.0,5.0,Retail,1,1,1,111,At Risk / Lost Customer,Churned,568.0,United Kingdom,372.2,2010-02
13165,2010-10-22 17:04:00,2011-10-24 15:05:00,3,1736,1451.16,483.72,578.6666666666666,16.333333333333332,Wholesale,,,,,,,,,,
13166,2010-10-21 14:29:00,2011-03-01 15:16:00,2,522,875.93,437.965,261.0,33.0,Retail,1,1,2,112,At Risk / Lost Customer,Churned,282.0,United Kingdom,875.93,2010-10
13167,2010-11-14 12:58:00,2011-11-21 12:24:00,5,1007,1125.15,225.03000000000003,201.4,16.2,Retail,3,2,2,322,Loyal Customer,Active,18.0,United Kingdom,1125.15,2010-11
13168,2010-06-15 15:00:00,2011-11-03 12:56:00,5,898,1840.73,368.146,179.6,33.8,Retail,3,2,3,323,Loyal Customer,Active,35.0,United Kingdom,1840.73,2010-06
13169,2010-05-26 15:58:00,2011-10-07 12:11:00,3,296,840.08,280.0266666666667,98.66666666666667,6.0,Retail,2,2,2,222,Average Customer,Active,63.0,United Kingdom,840.08,2010-05
13170,2011-11-13 12:19:00,2011-11-13 12:19:00,1,141,108.81,108.81,141.0,29.0,Retail,3,1,1,311,Average Customer,Active,26.0,United Kingdom,108.81,2011-11
13171,2011-02-13 14:16:00,2011-11-18 10:27:00,3,229,468.41,156.13666666666668,76.33333333333333,15.333333333333334,Retail,3,2,2,322,Loyal Customer,Active,21.0,United Kingdom,468.41,2011-02
13172,2010-11-04 15:10:00,2010-11-04 15:10:00,1,48,69.6,69.6,48.0,1.0,Retail,1,1,1,111,At Risk / Lost Customer,Churned,399.0,United Kingdom,69.6,2010-11
13173,2009-12-10 12:52:00,2011-12-05 15:51:00,11,1481,2399.82,218.16545454545457,134.63636363636363,19.454545454545453,Retail,3,3,3,333,Best Customer,Active,3.0,United Kingdom,2399.82,2009-12
13174,2009-12-04 15:40:00,2011-11-23 14:35:00,12,3794,7995.36,666.28,316.1666666666667,74.75,Wholesale,,,,,,,,,,
13175,2009-12-04 12:11:00,2010-05-06 13:13:00,2,423,831.45,415.725,211.5,23.0,Retail,1,1,2,112,At Risk / Lost Customer,Churned,581.0,United Kingdom,831.45,2009-12
13176,2011-10-24 15:43:00,2011-10-24 15:43:00,1,448,481.49,481.49,448.0,66.0,Wholesale,,,,,,,,,,
13177,2010-10-05 10:35:00,2011-10-06 09:56:00,2,180,512.2,256.1,90.0,15.0,Retail,2,1,2,212,Average Customer,Active,64.0,United Kingdom,512.2,2010-10
13178,2009-12-16 14:00:00,2011-11-13 16:14:00,21,8778,14059.19,669.4852380952382,418.0,32.714285714285715,Retail,3,3,3,333,Best Customer,Active,25.0,United Kingdom,14059.19,2009-12
13179,2010-03-31 11:40:00,2010-03-31 11:40:00,1,368,572.3100000000001,572.3100000000001,368.0,34.0,Retail,1,1,2,112,At Risk / Lost Customer,Churned,618.0,United Kingdom,572.3100000000001,2010-03
13180,2010-04-11 13:37:00,2010-04-11 13:37:00,1,42,86.10000000000001,86.10000000000001,42.0,4.0,Retail,1,1,1,111,At Risk / Lost Customer,Churned,606.0,United Kingdom,86.10000000000001,2010-04
13181,2010-11-23 15:05:00,2010-11-23 15:05:00,1,171,359.69,359.69,171.0,19.0,Retail,1,1,1,111,At Risk / Lost Customer,Churned,380.0,United Kingdom,359.69,2010-11
13182,2011-10-25 13:46:00,2011-10-25 13:46:00,1,201,121.18,121.18,201.0,11.0,Retail,2,1,1,211,At Risk / Lost Customer,Active,44.0,United Kingdom,121.18,2011-10
13183,2010-03-14 12:32:00,2011-12-02 10:30:00,15,4027,7036.18,469.07866666666666,268.46666666666664,10.4,Retail,3,3,3,333,Best Customer,Active,7.0,United Kingdom,7036.18,2010-03
13184,2011-02-22 17:25:00,2011-11-25 12:02:00,10,1662,1668.95,166.895,166.2,17.8,Retail,3,3,3,333,Best Customer,Active,14.0,United Kingdom,1668.95,2011-02
13185,2011-03-17 11:56:00,2011-03-17 11:56:00,1,12,71.4,71.4,12.0,1.0,Retail,2,1,1,211,At Risk / Lost Customer,Churned,267.0,United Kingdom,71.4,2011-03
13186,2011-08-03 09:09:00,2011-10-31 11:40:00,3,820,1575.89,525.2966666666667,273.3333333333333,26.333333333333332,Retail,3,2,3,323,Loyal Customer,Active,39.0,United Kingdom,1575.89,2011-08
13187,2010-03-25 17:18:00,2011-01-06 18:57:00,4,296,341.36,85.34,74.0,13.25,Retail,1,2,1,121,At Risk / Lost Customer,Churned,336.0,United Kingdom,341.36,2010-03
13188,2011-11-28 15:28:00,2011-11-28 15:28:00,1,25,114.60000000000001,114.60000000000001,25.0,2.0,Retail,3,1,1,311,Average Customer,Active,10.0,United Kingdom,114.60000000000001,2011-11
13189,2011-08-16 13:12:00,2011-11-21 10:39:00,2,842,260.68,130.34,421.0,14.5,Retail,3,1,1,311,Average Customer,Active,18.0,United Kingdom,260.68,2011-08
13190,2009-12-07 12:13:00,2010-06-13 15:47:00,3,308,570.66,190.22,102.66666666666667,5.666666666666667,Retail,1,2,2,122,Average Customer,Churned,543.0,United Kingdom,570.66,2009-12
13191,2010-02-19 17:02:00,2010-02-19 17:02:00,1,115,164.69,164.69,115.0,58.0,Wholesale,,,,,,,,,,
13192,2010-01-22 08:37:00,2011-09-05 14:13:00,6,1629,2558.58,426.43,271.5,27.0,Retail,2,3,3,233,Loyal Customer,Active,94.0,United Kingdom,2558.58,2010-01
13193,2011-10-09 14:30:00,2011-10-09 14:30:00,1,46,112.08,112.08,46.0,22.0,Retail,2,1,1,211,At Risk / Lost Customer,Active,60.0,United Kingdom,112.08,2011-10
13194,2010-10-14 11:54:00,2011-07-27 09:01:00,2,326,472.78,236.39,163.0,5.0,Retail,2,1,2,212,Average Customer,Active,135.0,United Kingdom,472.78,2010-10
13195,2010-10-21 13:07:00,2010-10-21 13:07:00,1,70,136.73,136.73,70.0,43.0,Retail,1,1,1,111,At Risk / Lost Customer,Churned,413.0,United Kingdom,136.73,2010-10
13196,2010-04-01 12:54:00,2011-11-28 13:54:00,7,2006,3068.84,438.4057142857143,286.57142857142856,26.857142857142858,Retail,3,3,3,333,Best Customer,Active,10.0,United Kingdom,3068.84,2010-04
13197,2010-04-09 09:14:00,2010-04-09 09:14:00,1,204,373.01000000000005,373.01000000000005,204.0,19.0,Retail,1,1,1,111,At Risk / Lost Customer,Churned,609.0,United Kingdom,373.01000000000005,2010-04
13198,2010-10-01 13:27:00,2011-11-29 15:17:00,8,3449,4974.2300000000005,621.7787500000001,431.125,39.25,Retail,3,3,3,333,Best Customer,Active,9.0,United Kingdom,4974.2300000000005,2010-10
13199,2009-12-05 10:11:00,2011-12-06 12:30:00,67,11567,15964.210000000001,238.27179104477614,172.6417910447761,3.029850746268657,Retail,3,3,3,333,Best Customer,Active,3.0,United Kingdom,15964.210000000001,2009-12
13200,2011-08-05 14:50:00,2011-11-20 15:35:00,4,516,870.09,217.5225,129.0,11.5,Retail,3,2,2,322,Loyal Customer,Active,18.0,United Kingdom,870.09,2011-08
13201,2010-03-07 11:01:00,2010-07-25 14:30:00,4,1036,1233.06,308.265,259.0,21.25,Retail,1,2,2,122,Average Customer,Churned,501.0,United Kingdom,1233.06,2010-03
13202,2009-12-09 10:48:00,2010-11-10 16:24:00,7,572,1580.3,225.75714285714284,81.71428571428571,9.857142857142858,Retail,1,3,3,133,Loyal Customer,Churned,393.0,United Kingdom,1580.3,2009-12
13203,2009-12-17 14:15:00,2011-11-30 10:45:00,10,2413,2648.25,264.825,241.3,16.9,Retail,3,3,3,333,Best Customer,Active,9.0,United Kingdom,2648.25,2009-12
13204,2009-12-08 14:56:00,2009-12-08 14:56:00,1,428,966.6600000000001,966.6600000000001,428.0,57.0,Wholesale,,,,,,,,,,
13205,2010-09-22 16:26:00,2010-09-22 16:26:00,1,256,2803.2,2803.2,256.0,1.0,Retail,1,1,3,113,Average Customer,Churned,442.0,United Kingdom,2803.2,2010-09
13206,2009-12-07 13:48:00,2010-11-04 16:50:00,13,7086,8308.19,639.0915384615384,545.0769230769231,42.84615384615385,Wholesale,,,,,,,,,,
13207,2010-04-06 16:37:00,2011-11-24 14:52:00,4,178,535.86,133.965,44.5,3.25,Retail,3,2,2,322,Loyal Customer,Active,14.0,United Kingdom,535.86,2010-04
13208,2009-12-03 13:25:00,2011-10-12 09:54:00,9,1343,1976.3,219.58888888888887,149.22222222222223,27.333333333333332,Retail,2,3,3,233,Loyal Customer,Active,58.0,United Kingdom,1976.3,2009-12
13209,2010-01-24 14:30:00,2011-11-09 13:54:00,13,5781,8509.51,654.5776923076924,444.6923076923077,28.076923076923077,Retail,3,3,3,333,Best Customer,Active,29.0,United Kingdom,8509.51,2010-01
13210,2011-09-07 08:18:00,2011-09-07 08:18:00,1,316,353.48,353.48,316.0,22.0,Retail,2,1,1,211,At Risk / Lost Customer,Active,93.0,United Kingdom,353.48,2011-09
13211,2009-12-06 15:24:00,2011-11-29 14:43:00,10,1845,2618.77,261.877,184.5,19.1,Retail,3,3,3,333,Best Customer,Active,9.0,United Kingdom,2618.77,2009-12
13212,2011-10-09 14:48:00,2011-11-20 12:40:00,3,309,786.83,262.2766666666667,103.0,46.666666666666664,Retail,3,2,2,322,Loyal Customer,Active,19.0,United Kingdom,786.83,2011-10
13213,2010-05-20 14:50:00,2011-10-14 11:42:00,11,2962,3851.52,350.1381818181818,269.27272727272725,18.545454545454547,Retail,2,3,3,233,Loyal Customer,Active,56.0,United Kingdom,3851.52,2010-05
13214,2010-03-03 14:10:00,2010-10-18 10:00:00,7,2966,3264.23,466.31857142857143,423.7142857142857,32.714285714285715,Retail,1,3,3,133,Loyal Customer,Churned,417.0,United Kingdom,3264.23,2010-03
13215,2010-11-02 18:26:00,2010-11-02 18:26:00,1,96,81.6,81.6,96.0,1.0,Retail,1,1,1,111,At Risk / Lost Customer,Churned,401.0,United Kingdom,81.6,2010-11
13216,2011-03-17 12:18:00,2011-03-17 12:18:00,1,297,333.74,333.74,297.0,5.0,Retail,2,1,1,211,At Risk / Lost Customer,Churned,267.0,United Kingdom,333.74,2011-03
13217,2010-02-22 12:49:00,2011-08-09 15:32:00,4,512,666.48,166.62,128.0,1.25,Retail,2,2,2,222,Average Customer,Active,121.0,United Kingdom,666.48,2010-02
13218,2011-08-04 16:59:00,2011-08-04 16:59:00,1,88,62.63999999999999,62.63999999999999,88.0,5.0,Retail,2,1,1,211,At Risk / Lost Customer,Active,126.0,United Kingdom,62.63999999999999,2011-08
13219,2010-03-31 14:18:00,2010-03-31 14:18:00,1,11,76.23,76.23,11.0,11.0,Retail,1,1,1,111,At Risk / Lost Customer,Churned,617.0,United Kingdom,76.23,2010-03
13220,2010-05-13 10:35:00,2011-09-22 13:38:00,5,396,1336.0900000000001,267.218,79.2,10.6,Retail,2,2,2,222,Average Customer,Active,77.0,United Kingdom,1336.0900000000001,2010-05
13221,2010-12-15 13:24:00,2011-04-13 16:58:00,2,244,847.41,423.705,122.0,33.0,Retail,2,1,2,212,Average Customer,Churned,239.0,United Kingdom,847.41,2010-12
13222,2010-05-11 13:54:00,2010-05-11 13:54:00,1,30,88.5,88.5,30.0,1.0,Retail,1,1,1,111,At Risk / Lost Customer,Churned,576.0,United Kingdom,88.5,2010-05
13223,2010-02-12 13:27:00,2011-05-23 13:03:00,6,568,969.1200000000001,161.52,94.66666666666667,2.1666666666666665,Retail,2,3,2,232,Loyal Customer,Churned,199.0,United Kingdom,969.1200000000001,2010-02
13224,2011-07-11 14:10:00,2011-10-10 14:55:00,2,1518,2155.95,1077.975,759.0,54.0,Wholesale,,,,,,,,,,
13225,2009-12-17 09:09:00,2011-12-06 13:29:00,16,7401,16260.07,1016.254375,462.5625,7.8125,Retail,3,3,3,333,Best Customer,Active,2.0,United Kingdom,16260.07,2009-12
13226,2010-11-11 13:46:00,2011-03-11 14:35:00,2,179,312.46,156.23,89.5,14.0,Retail,1,1,1,111,At Risk / Lost Customer,Churned,272.0,United Kingdom,312.46,2010-11
13227,2011-05-22 11:47:00,2011-05-22 11:47:00,1,99,257.7,257.7,99.0,9.0,Retail,2,1,1,211,At Risk / Lost Customer,Churned,201.0,United Kingdom,257.7,2011-05
13228,2011-09-19 14:28:00,2011-09-19 14:28:00,1,200,358.0,358.0,200.0,2.0,Retail,2,1,1,211,At Risk / Lost Customer,Active,80.0,United Kingdom,358.0,2011-09
13229,2011-04-28 12:07:00,2011-04-28 12:07:00,1,63,160.95,160.95,63.0,10.0,Retail,2,1,1,211,At Risk / Lost Customer,Churned,225.0,United Kingdom,160.95,2011-04
13230,2010-03-18 20:02:00,2011-12-05 16:03:00,30,3520,6120.01,204.00033333333334,117.33333333333333,40.53333333333333,Retail,3,3,3,333,Best Customer,Active,3.0,United Kingdom,6120.01,2010-03
13232,2011-04-10 13:48:00,2011-11-27 10:39:00,7,773,1328.35,189.7642857142857,110.42857142857143,28.571428571428573,Retail,3,3,2,332,Loyal Customer,Active,12.0,United Kingdom,1328.35,2011-04
13233,2010-01-14 14:10:00,2011-09-26 13:25:00,4,1604,1176.46,294.115,401.0,19.0,Retail,2,2,2,222,Average Customer,Active,73.0,United Kingdom,1176.46,2010-01
13234,2009-12-07 12:32:00,2010-02-05 11:41:00,2,159,346.5,173.25,79.5,29.0,Retail,1,1,1,111,At Risk / Lost Customer,Churned,672.0,United Kingdom,346.5,2009-12
13235,2011-05-11 17:13:00,2011-05-11 17:13:00,1,441,1031.07,1031.07,441.0,53.0,Retail,2,1,2,212,Average Customer,Churned,211.0,United Kingdom,1031.07,2011-05
13236,2011-08-25 08:58:00,2011-11-15 12:50:00,2,416,744.85,372.425,208.0,18.0,Retail,3,1,2,312,Average Customer,Active,24.0,United Kingdom,744.85,2011-08
13237,2010-11-17 10:07:00,2010-11-17 10:07:00,1,128,643.0,643.0,128.0,24.0,Retail,1,1,2,112,At Risk / Lost Customer,Churned,387.0,United Kingdom,643.0,2010-11
13238,2010-04-28 15:02:00,2011-11-22 15:37:00,6,442,1006.63,167.77166666666668,73.66666666666667,7.833333333333333,Retail,3,3,2,332,Loyal Customer,Active,16.0,United Kingdom,1006.63,2010-04
13239,2010-07-25 13:34:00,2011-03-23 10:25:00,5,1187,1594.69,318.938,237.4,18.8,Retail,2,2,3,223,Loyal Customer,Churned,261.0,United Kingdom,1594.69,2010-07
13240,2010-02-25 13:17:00,2011-09-04 14:08:00,8,709,1475.79,184.47375,88.625,23.625,Retail,2,3,3,233,Loyal Customer,Active,95.0,United Kingdom,1475.79,2010-02
13241,2010-10-24 11:17:00,2010-10-24 11:17:00,1,46,112.53,112.53,46.0,40.0,Retail,1,1,1,111,At Risk / Lost Customer,Churned,411.0,United Kingdom,112.53,2010-10
13242,2010-02-09 13:12:00,2011-08-19 12:53:00,7,350,699.4,99.91428571428571,50.0,5.0,Retail,2,3,2,232,Loyal Customer,Active,111.0,United Kingdom,699.4,2010-02
13243,2010-03-18 13:10:00,2011-05-20 13:14:00,5,554,1220.38,244.07600000000002,110.8,40.0,Retail,2,2,2,222,Average Customer,Churned,202.0,United Kingdom,1220.38,2010-03
13244,2011-09-08 11:46:00,2011-09-08 11:46:00,1,38,121.74000000000001,121.74000000000001,38.0,27.0,Retail,2,1,1,211,At Risk / Lost Customer,Active,92.0,United Kingdom,121.74000000000001,2011-09
13245,2010-10-03 14:03:00,2011-10-20 11:40:00,2,371,989.22,494.61,185.5,22.5,Retail,2,1,2,212,Average Customer,Active,50.0,United Kingdom,989.22,2010-10
13246,2010-07-02 13:36:00,2011-11-21 16:50:00,11,2796,3351.75,304.70454545454544,254.1818181818182,32.63636363636363,Retail,3,3,3,333,Best Customer,Active,17.0,United Kingdom,3351.75,2010-07
13247,2011-09-18 11:31:00,2011-11-22 10:59:00,4,328,501.12,125.28,82.0,6.25,Retail,3,2,2,322,Loyal Customer,Active,17.0,United Kingdom,501.12,2011-09
13248,2011-06-03 13:05:00,2011-08-07 12:40:00,2,305,465.68,232.84,152.5,13.0,Retail,2,1,2,212,Average Customer,Active,124.0,United Kingdom,465.68,2011-06
13249,2010-01-24 12:11:00,2011-09-08 13:26:00,9,1246,1608.93,178.77,138.44444444444446,3.888888888888889,Retail,2,3,3,233,Loyal Customer,Active,91.0,United Kingdom,1608.93,2010-01
13250,2010-07-25 14:01:00,2010-09-05 11:33:00,2,107,253.09,126.545,53.5,9.5,Retail,1,1,1,111,At Risk / Lost Customer,Churned,460.0,United Kingdom,253.09,2010-07
13251,2010-11-02 13:20:00,2010-11-02 13:20:00,1,215,252.68,252.68,215.0,25.0,Retail,1,1,1,111,At Risk / Lost Customer,Churned,401.0,United Kingdom,252.68,2010-11
13252,2010-03-24 10:30:00,2010-11-10 16:00:00,2,134,399.3,199.65,67.0,9.5,Retail,1,1,1,111,At Risk / Lost Customer,Churned,393.0,United Kingdom,399.3,2010-03
13253,2010-01-05 12:13:00,2011-07-06 10:09:00,4,3015,2951.11,737.7775,753.75,18.75,Wholesale,,,,,,,,,,
13254,2010-11-28 15:42:00,2010-11-28 15:42:00,1,43,51.410000000000004,51.410000000000004,43.0,4.0,Retail,1,1,1,111,At Risk / Lost Customer,Churned,375.0,United Kingdom,51.410000000000004,2010-11
13255,2010-07-15 13:20:00,2011-11-30 13:14:00,3,407,678.76,226.25333333333333,135.66666666666666,8.666666666666666,Retail,3,2,2,322,Loyal Customer,Active,8.0,United Kingdom,678.76,2010-07
13256,2011-11-25 15:57:00,2011-11-25 15:57:00,1,12540,0.0,0.0,12540.0,1.0,Wholesale,,,,,,,,,,
13257,2010-09-29 14:58:00,2010-09-29 14:58:00,1,33,149.75,149.75,33.0,7.0,Retail,1,1,1,111,At Risk / Lost Customer,Churned,435.0,United Kingdom,149.75,2010-09
13258,2010-11-04 12:45:00,2011-11-28 09:31:00,5,446,1009.43,201.886,89.2,8.6,Retail,3,2,2,322,Loyal Customer,Active,11.0,United Kingdom,1009.43,2010-11
13259,2010-01-10 10:26:00,2011-10-09 10:48:00,9,503,1402.54,155.83777777777777,55.888888888888886,34.22222222222222,Retail,2,3,2,232,Loyal Customer,Active,61.0,United Kingdom,1402.54,2010-01
13260,2011-10-09 13:21:00,2011-10-09 13:21:00,1,142,557.62,557.62,142.0,8.0,Retail,2,1,2,212,Average Customer,Active,60.0,United Kingdom,557.62,2011-10
13261,2011-02-27 10:41:00,2011-03-16 12:22:00,2,210,944.1,472.05,105.0,4.5,Retail,2,1,2,212,Average Customer,Churned,268.0,United Kingdom,944.1,2011-02
13262,2010-04-18 12:14:00,2011-03-21 15:06:00,3,247,573.45,191.15,82.33333333333333,16.666666666666668,Retail,2,2,2,222,Average Customer,Churned,262.0,United Kingdom,573.45,2010-04
13263,2010-10-22 17:07:00,2011-12-08 13:59:00,39,5372,8676.2,222.4666666666667,137.74358974358975,48.51282051282051,Retail,3,3,3,333,Best Customer,Active,0.0,United Kingdom,8676.2,2010-10
13264,2010-09-23 12:42:00,2010-09-23 12:42:00,1,375,722.5600000000001,722.5600000000001,375.0,38.0,Retail,1,1,2,112,At Risk / Lost Customer,Churned,442.0,United Kingdom,722.5600000000001,2010-09
13265,2011-03-11 09:54:00,2011-10-17 15:02:00,5,1740,2092.66,418.532,348.0,18.0,Retail,2,2,3,223,Loyal Customer,Active,52.0,United Kingdom,2092.66,2011-03
13266,2009-12-17 10:52:00,2011-11-28 14:39:00,19,6837,6135.04,322.89684210526315,359.8421052631579,16.157894736842106,Retail,3,3,3,333,Best Customer,Active,10.0,United Kingdom,6135.04,2009-12
13267,2009-12-07 16:56:00,2011-12-07 11:12:00,36,3959,9429.81,261.93916666666667,109.97222222222223,11.416666666666666,Retail,3,3,3,333,Best Customer,Active,2.0,United Kingdom,9429.81,2009-12
13268,2011-03-17 13:20:00,2011-11-22 11:51:00,11,3624,3174.75,288.6136363636364,329.45454545454544,38.81818181818182,Retail,3,3,3,333,Best Customer,Active,17.0,United Kingdom,3174.75,2011-03
13269,2009-12-02 11:47:00,2011-12-08 14:53:00,28,6366,8537.32,304.9042857142857,227.35714285714286,17.321428571428573,Retail,3,3,3,333,Best Customer,Active,0.0,United Kingdom,8537.32,2009-12
13270,2010-12-08 14:53:00,2010-12-08 14:53:00,1,200,590.0,590.0,200.0,1.0,Retail,1,1,2,112,At Risk / Lost Customer,Churned,365.0,United Kingdom,590.0,2010-12
13271,2011-11-02 14:31:00,2011-11-02 14:31:00,1,240,211.49,211.49,240.0,79.0,Wholesale,,,,,,,,,,
13272,2011-09-11 12:06:00,2011-11-08 14:00:00,2,96,276.56,138.28,48.0,7.5,Retail,3,1,1,311,Average Customer,Active,30.0,United Kingdom,276.56,2011-09
13273,2011-08-18 14:02:00,2011-08-18 14:02:00,1,153,138.98,138.98,153.0,16.0,Retail,2,1,1,211,At Risk / Lost Customer,Active,112.0,United Kingdom,138.98,2011-08
13274,2010-10-26 13:48:00,2010-10-26 13:48:00,1,199,360.85,360.85,199.0,19.0,Retail,1,1,1,111,At Risk / Lost Customer,Churned,408.0,United Kingdom,360.85,2010-10
13275,2010-03-17 14:05:00,2010-11-21 12:09:00,2,138,238.86,119.43,69.0,24.0,Retail,1,1,1,111,At Risk / Lost Customer,Churned,383.0,United Kingdom,238.86,2010-03
13276,2010-03-07 14:05:00,2011-10-07 12:44:00,5,840,1891.91,378.382,168.0,46.4,Retail,2,2,3,223,Loyal Customer,Active,63.0,United Kingdom,1891.91,2010-03
13277,2010-06-18 08:45:00,2011-11-24 09:21:00,7,382,523.3,74.75714285714285,54.57142857142857,3.2857142857142856,Retail,3,3,2,332,Loyal Customer,Active,15.0,United Kingdom,523.3,2010-06
13278,2010-04-08 11:59:00,2011-10-30 11:49:00,4,1358,1435.85,358.9625,339.5,27.0,Retail,3,2,3,323,Loyal Customer,Active,40.0,United Kingdom,1435.85,2010-04
13279,2011-09-22 17:24:00,2011-09-22 17:24:00,1,73,137.75,137.75,73.0,9.0,Retail,2,1,1,211,At Risk / Lost Customer,Active,77.0,United Kingdom,137.75,2011-09
13280,2010-03-05 09:07:00,2011-08-09 13:14:00,7,1489,2293.33,327.61857142857144,212.71428571428572,29.0,Retail,2,3,3,233,Loyal Customer,Active,121.0,United Kingdom,2293.33,2010-03
13281,2010-09-26 16:03:00,2010-09-26 16:03:00,1,201,350.85,350.85,201.0,22.0,Retail,1,1,1,111,At Risk / Lost Customer,Churned,438.0,United Kingdom,350.85,2010-09
13282,2010-10-29 14:11:00,2011-11-21 15:33:00,4,410,1313.19,328.2975,102.5,12.75,Retail,3,2,2,322,Loyal Customer,Active,17.0,United Kingdom,1313.19,2010-10
13283,2010-03-09 14:36:00,2011-10-11 09:50:00,4,204,373.36,93.34,51.0,5.0,Retail,2,2,1,221,Average Customer,Active,59.0,United Kingdom,373.36,2010-03
13284,2011-01-13 09:23:00,2011-01-13 09:23:00,1,91,201.19,201.19,91.0,13.0,Retail,1,1,1,111,At Risk / Lost Customer,Churned,330.0,United Kingdom,201.19,2011-01
13285,2010-03-25 14:26:00,2011-11-16 13:19:00,6,2457,3364.59,560.765,409.5,38.5,Retail,3,3,3,333,Best Customer,Active,22.0,United Kingdom,3364.59,2010-03
13286,2010-04-18 15:35:00,2010-04-18 15:35:00,1,274,734.91,734.91,274.0,46.0,Retail,1,1,2,112,At Risk / Lost Customer,Churned,599.0,United Kingdom,734.91,2010-04
13287,2010-01-04 10:43:00,2010-04-15 15:26:00,3,429,781.59,260.53000000000003,143.0,17.666666666666668,Retail,1,2,2,122,Average Customer,Churned,602.0,United Kingdom,781.59,2010-01
13288,2010-02-11 14:59:00,2010-09-22 16:32:00,5,379,927.61,185.522,75.8,2.0,Retail,1,2,2,122,Average Customer,Churned,442.0,United Kingdom,927.61,2010-02
13289,2009-12-16 11:53:00,2009-12-16 11:53:00,1,119,307.95,307.95,119.0,16.0,Retail,1,1,1,111,At Risk / Lost Customer,Churned,723.0,United Kingdom,307.95,2009-12
13290,2010-09-27 16:29:00,2010-09-27 16:29:00,1,1,208.63,208.63,1.0,1.0,Retail,1,1,1,111,At Risk / Lost Customer,Churned,437.0,United Kingdom,208.63,2010-09
13291,2010-02-11 18:36:00,2011-07-07 10:36:00,11,1600,3270.79,297.3445454545454,145.45454545454547,28.0,Retail,2,3,3,233,Loyal Customer,Churned,155.0,United Kingdom,3270.79,2010-02
13292,2010-07-01 14:36:00,2011-11-01 10:04:00,5,530,994.51,198.902,106.0,11.8,Retail,3,2,2,322,Loyal Customer,Active,38.0,United Kingdom,994.51,2010-07
13293,2010-02-09 12:05:00,2010-11-12 13:28:00,6,555,1192.94,198.82333333333335,92.5,12.0,Retail,1,3,2,132,Average Customer,Churned,391.0,United Kingdom,1192.94,2010-02
13294,2010-03-03 12:54:00,2011-06-03 08:54:00,3,996,1689.53,563.1766666666666,332.0,34.0,Retail,2,2,3,223,Loyal Customer,Churned,189.0,United Kingdom,1689.53,2010-03
13295,2010-05-12 09:13:00,2010-12-15 11:21:00,4,733,1101.97,275.4925,183.25,16.75,Retail,1,2,2,122,Average Customer,Churned,359.0,United Kingdom,1101.97,2010-05
13296,2010-05-11 14:29:00,2011-07-25 13:46:00,6,653,792.51,132.085,108.83333333333333,8.833333333333334,Retail,2,3,2,232,Loyal Customer,Active,136.0,United Kingdom,792.51,2010-05
13297,2010-06-15 12:35:00,2011-12-02 09:32:00,7,2694,4368.62,624.0885714285714,384.85714285714283,17.571428571428573,Retail,3,3,3,333,Best Customer,Active,7.0,United Kingdom,4368.62,2010-06
13298,2011-12-08 13:11:00,2011-12-08 13:11:00,1,96,360.0,360.0,96.0,2.0,Retail,3,1,1,311,Average Customer,Active,0.0,United Kingdom,360.0,2011-12
13299,2010-06-29 11:30:00,2011-03-16 12:55:00,3,416,1218.7,406.23333333333335,138.66666666666666,20.666666666666668,Retail,2,2,2,222,Average Customer,Churned,267.0,United Kingdom,1218.7,2010-06
13300,2010-05-14 15:56:00,2011-06-23 13:09:00,3,455,1285.51,428.50333333333333,151.66666666666666,18.333333333333332,Retail,2,2,2,222,Average Customer,Churned,168.0,United Kingdom,1285.51,2010-05
13301,2011-02-20 13:13:00,2011-08-28 11:25:00,4,345,618.09,154.5225,86.25,20.25,Retail,2,2,2,222,Average Customer,Active,103.0,United Kingdom,618.09,2011-02
13302,2010-07-01 12:32:00,2011-07-07 17:56:00,2,12,159.2,79.6,6.0,1.5,Retail,2,1,1,211,At Risk / Lost Customer,Churned,154.0,United Kingdom,159.2,2010-07
13303,2010-11-04 14:55:00,2010-11-04 14:55:00,1,26,61.72,61.72,26.0,4.0,Retail,1,1,1,111,At Risk / Lost Customer,Churned,399.0,United Kingdom,61.72,2010-11
13304,2010-02-08 12:42:00,2010-12-23 14:35:00,4,716,1217.99,304.4975,179.0,19.5,Retail,1,2,2,122,Average Customer,Churned,350.0,United Kingdom,1217.99,2010-02
13305,2010-03-10 14:49:00,2011-12-05 15:15:00,16,2228,3616.41,226.025625,139.25,12.5,Retail,3,3,3,333,Best Customer,Active,3.0,United Kingdom,3616.41,2010-03
13306,2010-10-05 14:55:00,2010-10-05 14:55:00,1,74,53.65,53.65,74.0,4.0,Retail,1,1,1,111,At Risk / Lost Customer,Churned,429.0,United Kingdom,53.65,2010-10
13307,2010-04-26 13:28:00,2011-08-11 17:14:00,3,140,273.34,91.11333333333333,46.666666666666664,5.0,Retail,2,2,1,221,Average Customer,Active,119.0,United Kingdom,273.34,2010-04
13308,2010-04-22 09:22:00,2011-11-17 09:31:00,4,1073,1670.3700000000001,417.59250000000003,268.25,17.75,Retail,3,2,3,323,Loyal Customer,Active,22.0,United Kingdom,1670.3700000000001,2010-04
13309,2010-11-12 12:10:00,2011-12-02 16:34:00,6,1914,1706.3700000000001,284.39500000000004,319.0,21.666666666666668,Retail,3,3,3,333,Best Customer,Active,6.0,United Kingdom,1706.3700000000001,2010-11
13310,2010-11-02 17:03:00,2011-11-11 17:23:00,5,816,1541.2,308.24,163.2,19.0,Retail,3,2,3,323,Loyal Customer,Active,27.0,United Kingdom,1541.2,2010-11
13311,2011-07-12 14:26:00,2011-12-05 12:55:00,2,305,598.57,299.285,152.5,13.0,Retail,3,1,2,312,Average Customer,Active,3.0,United Kingdom,598.57,2011-07
13312,2010-09-14 14:36:00,2010-09-14 14:36:00,1,41,124.75,124.75,41.0,5.0,Retail,1,1,1,111,At Risk / Lost Customer,Churned,450.0,United Kingdom,124.75,2010-09
13313,2009-12-02 16:18:00,2011-11-17 16:48:00,12,2308,3445.32,287.11,192.33333333333334,15.583333333333334,Retail,3,3,3,333,Best Customer,Active,21.0,United Kingdom,3445.32,2009-12
13314,2011-09-27 10:20:00,2011-12-08 12:29:00,3,560,775.94,258.6466666666667,186.66666666666666,20.333333333333332,Retail,3,2,2,322,Loyal Customer,Active,1.0,United Kingdom,775.94,2011-09
13315,2010-01-19 15:34:00,2010-01-19 15:34:00,1,232,310.26,310.26,232.0,22.0,Retail,1,1,1,111,At Risk / Lost Customer,Churned,688.0,United Kingdom,310.26,2010-01
13316,2010-03-10 10:01:00,2011-11-02 13:40:00,10,19931,12940.82,1294.0819999999999,1993.1,17.3,Wholesale,,,,,,,,,,
13317,2009-12-13 11:11:00,2011-10-04 13:35:00,19,3149,6486.091,341.3732105263158,165.73684210526315,18.105263157894736,Retail,2,3,3,233,Loyal Customer,Active,65.0,United Kingdom,6486.091,2009-12
13318,2011-11-02 13:26:00,2011-12-08 18:51:00,3,304,640.76,213.58666666666667,101.33333333333333,6.666666666666667,Retail,3,2,2,322,Loyal Customer,Active,0.0,United Kingdom,640.76,2011-11
13319,2009-12-06 14:46:00,2011-12-04 13:34:00,58,8974,21323.22,367.6417241379311,154.72413793103448,15.913793103448276,Retail,3,3,3,333,Best Customer,Active,4.0,United Kingdom,21323.22,2009-12
13320,2010-08-18 10:29:00,2011-09-22 18:07:00,6,1509,2211.6,368.59999999999997,251.5,24.833333333333332,Retail,2,3,3,233,Loyal Customer,Active,77.0,United Kingdom,2211.6,2010-08
13321,2011-09-14 15:18:00,2011-09-28 15:24:00,2,372,567.36,283.68,186.0,5.5,Retail,2,1,2,212,Average Customer,Active,71.0,United Kingdom,567.36,2011-09
13322,2011-11-22 14:21:00,2011-11-22 14:21:00,1,117,199.48000000000002,199.48000000000002,117.0,25.0,Retail,3,1,1,311,Average Customer,Active,16.0,United Kingdom,199.48000000000002,2011-11
13323,2011-09-16 13:23:00,2011-12-06 17:12:00,5,175,787.85,157.57,35.0,4.2,Retail,3,2,2,322,Loyal Customer,Active,2.0,United Kingdom,787.85,2011-09
13324,2010-05-25 10:23:00,2011-11-03 16:28:00,18,8448,10513.47,584.0816666666666,469.3333333333333,7.333333333333333,Retail,3,3,3,333,Best Customer,Active,35.0,United Kingdom,10513.47,2010-05
13325,2011-09-19 10:36:00,2011-09-19 10:36:00,1,240,675.3,675.3,240.0,12.0,Retail,2,1,2,212,Average Customer,Active,81.0,United Kingdom,675.3,2011-09
13326,2010-10-03 16:00:00,2010-10-03 16:00:00,1,140,281.76,281.76,140.0,13.0,Retail,1,1,1,111,At Risk / Lost Customer,Churned,431.0,United Kingdom,281.76,2010-10
13327,2009-12-18 15:35:00,2011-11-01 10:21:00,20,4203,9134.48,456.724,210.15,16.05,Retail,3,3,3,333,Best Customer,Active,38.0,United Kingdom,9134.48,2009-12
13328,2011-01-27 15:22:00,2011-01-27 15:22:00,1,680,1308.48,1308.48,680.0,17.0,Wholesale,,,,,,,,,,
13329,2009-12-04 15:41:00,2011-11-08 10:29:00,8,3311,4808.77,601.09625,413.875,14.75,Retail,3,3,3,333,Best Customer,Active,31.0,United Kingdom,4808.77,2009-12
13330,2010-02-23 10:12:00,2011-09-08 12:27:00,6,1951,2796.1,466.01666666666665,325.1666666666667,19.5,Retail,2,3,3,233,Loyal Customer,Active,92.0,United Kingdom,2796.1,2010-02
13331,2010-11-03 08:04:00,2010-11-03 08:04:00,1,54,262.4,262.4,54.0,12.0,Retail,1,1,1,111,At Risk / Lost Customer,Churned,401.0,United Kingdom,262.4,2010-11
13332,2011-11-25 13:30:00,2011-11-25 13:30:00,1,179,350.9,350.9,179.0,21.0,Retail,3,1,1,311,Average Customer,Active,13.0,United Kingdom,350.9,2011-11
13333,2010-02-19 09:26:00,2010-10-24 13:24:00,3,685,1015.74,338.58,228.33333333333334,18.333333333333332,Retail,1,2,2,122,Average Customer,Churned,410.0,United Kingdom,1015.74,2010-02
13334,2010-02-25 12:21:00,2011-09-18 15:21:00,5,3198,6201.8,1240.3600000000001,639.6,93.6,Wholesale,,,,,,,,,,
13336,2011-09-23 14:05:00,2011-09-23 14:05:00,1,559,795.12,795.12,559.0,51.0,Wholesale,,,,,,,,,,
13337,2010-06-11 13:27:00,2010-06-11 13:27:00,1,980,1575.26,1575.26,980.0,87.0,Wholesale,,,,,,,,,,
13338,2010-01-05 12:25:00,2011-07-05 09:06:00,4,1151,2445.62,611.405,287.75,32.0,Retail,2,2,3,223,Loyal Customer,Churned,157.0,United Kingdom,2445.62,2010-01
13339,2011-05-23 08:31:00,2011-05-23 08:31:00,1,326,860.12,860.12,326.0,54.0,Wholesale,,,,,,,,,,
13340,2010-02-22 14:54:00,2011-10-25 13:15:00,12,9636,22100.56,1841.7133333333334,803.0,17.916666666666668,Wholesale,,,,,,,,,,
13341,2011-03-24 09:50:00,2011-03-24 09:50:00,1,301,775.85,775.85,301.0,42.0,Retail,2,1,2,212,Average Customer,Churned,260.0,United Kingdom,775.85,2011-03
13343,2011-06-15 12:24:00,2011-06-15 12:24:00,1,135,353.43,353.43,135.0,19.0,Retail,2,1,1,211,At Risk / Lost Customer,Churned,177.0,United Kingdom,353.43,2011-06
13344,2011-03-07 10:28:00,2011-10-03 09:45:00,3,952,2511.69,837.23,317.3333333333333,38.666666666666664,Retail,2,2,3,223,Loyal Customer,Active,67.0,United Kingdom,2511.69,2011-03
13345,2011-02-25 09:01:00,2011-02-25 09:01:00,1,141,389.5,389.5,141.0,20.0,Retail,1,1,1,111,At Risk / Lost Customer,Churned,287.0,United Kingdom,389.5,2011-02
13346,2010-04-22 12:34:00,2010-09-03 11:41:00,6,180,299.4,49.9,30.0,1.0,Retail,1,3,1,131,Average Customer,Churned,462.0,United Kingdom,299.4,2010-04
13347,2011-09-30 13:28:00,2011-09-30 13:28:00,1,205,341.36,341.36,205.0,8.0,Retail,2,1,1,211,At Risk / Lost Customer,Active,69.0,United Kingdom,341.36,2011-09
13348,2011-10-06 17:28:00,2011-10-06 17:28:00,1,136,233.76,233.76,136.0,14.0,Retail,2,1,1,211,At Risk / Lost Customer,Active,63.0,United Kingdom,233.76,2011-10
13349,2011-11-29 08:07:00,2011-11-29 08:07:00,1,225,247.32,247.32,225.0,16.0,Retail,3,1,1,311,Average Customer,Active,10.0,United Kingdom,247.32,2011-11
13350,2011-09-21 13:33:00,2011-11-23 16:33:00,2,287,979.12,489.56,143.5,20.0,Retail,3,1,2,312,Average Customer,Active,15.0,United Kingdom,979.12,2011-09
13351,2011-10-04 12:55:00,2011-10-04 12:55:00,1,117,373.94,373.94,117.0,16.0,Retail,2,1,1,211,At Risk / Lost Customer,Active,65.0,United Kingdom,373.94,2011-10
13352,2011-10-10 13:55:00,2011-10-10 13:55:00,1,321,397.97999999999996,397.97999999999996,321.0,24.0,Retail,2,1,1,211,At Risk / Lost Customer,Active,59.0,United Kingdom,397.97999999999996,2011-10
13354,2011-09-29 13:17:00,2011-09-29 13:17:00,1,604,743.53,743.53,604.0,51.0,Wholesale,,,,,,,,,,
13355,2011-08-09 14:48:00,2011-08-09 14:48:00,1,314,674.7,674.7,314.0,32.0,Retail,2,1,2,212,Average Customer,Active,121.0,United Kingdom,674.7,2011-08
13356,2011-09-20 14:33:00,2011-09-20 14:33:00,1,325,768.24,768.24,325.0,42.0,Retail,2,1,2,212,Average Customer,Active,79.0,United Kingdom,768.24,2011-09
13357,2010-03-22 14:30:00,2011-03-27 13:56:00,5,2112,3805.5099999999998,761.102,422.4,77.2,Wholesale,,,,,,,,,,
13358,2011-03-16 11:52:00,2011-03-16 11:52:00,1,285,439.03,439.03,285.0,29.0,Retail,2,1,2,212,Average Customer,Churned,268.0,United Kingdom,439.03,2011-03
13359,2010-11-01 15:05:00,2011-10-07 09:30:00,2,381,1043.31,521.655,190.5,28.0,Retail,2,1,2,212,Average Customer,Active,63.0,United Kingdom,1043.31,2010-11
13360,2010-01-08 11:16:00,2010-10-04 12:37:00,4,942,1553.65,388.4125,235.5,16.5,Retail,1,2,3,123,Average Customer,Churned,431.0,United Kingdom,1553.65,2010-01
13361,2010-04-01 07:49:00,2010-08-24 14:56:00,2,324,1450.5,725.25,162.0,17.0,Retail,1,1,3,113,Average Customer,Churned,471.0,United Kingdom,1450.5,2010-04
13362,2010-10-10 15:27:00,2011-11-30 14:41:00,7,2481,5394.07,770.5814285714285,354.42857142857144,42.57142857142857,Retail,3,3,3,333,Best Customer,Active,8.0,United Kingdom,5394.07,2010-10
13363,2010-10-26 11:07:00,2011-11-22 12:40:00,3,1146,1723.86,574.62,382.0,34.0,Retail,3,2,3,323,Loyal Customer,Active,17.0,United Kingdom,1723.86,2010-10
13364,2011-09-29 18:13:00,2011-09-29 18:13:00,1,71,134.95999999999998,134.95999999999998,71.0,10.0,Retail,2,1,1,211,At Risk / Lost Customer,Active,70.0,United Kingdom,134.95999999999998,2011-09
13365,2011-05-06 12:00:00,2011-11-06 12:36:00,2,1247,2225.37,1112.685,623.5,64.0,Wholesale,,,,,,,,,,
13366,2011-10-20 13:37:00,2011-10-20 13:37:00,1,144,56.160000000000004,56.160000000000004,144.0,1.0,Retail,2,1,1,211,At Risk / Lost Customer,Active,49.0,United Kingdom,56.160000000000004,2011-10
13367,2010-10-04 10:00:00,2010-10-04 10:00:00,1,253,510.20000000000005,510.20000000000005,253.0,20.0,Retail,1,1,2,112,At Risk / Lost Customer,Churned,431.0,United Kingdom,510.20000000000005,2010-10
13368,2010-10-12 10:43:00,2011-03-28 09:59:00,4,606,1121.5,280.375,151.5,13.0,Retail,2,2,2,222,Average Customer,Churned,256.0,United Kingdom,1121.5,2010-10
13369,2010-12-09 11:30:00,2010-12-09 11:30:00,1,149,308.28000000000003,308.28000000000003,149.0,14.0,Retail,1,1,1,111,At Risk / Lost Customer,Churned,365.0,United Kingdom,308.28000000000003,2010-12
13370,2010-12-03 10:26:00,2010-12-03 10:26:00,1,343,754.87,754.87,343.0,39.0,Retail,1,1,2,112,At Risk / Lost Customer,Churned,371.0,United Kingdom,754.87,2010-12
13371,2010-03-17 15:29:00,2010-07-22 17:33:00,2,1019,2297.66,1148.83,509.5,46.0,Wholesale,,,,,,,,,,
13372,2011-09-11 12:46:00,2011-09-11 12:46:00,1,159,378.64,378.64,159.0,23.0,Retail,2,1,1,211,At Risk / Lost Customer,Active,89.0,United Kingdom,378.64,2011-09
13373,2009-12-06 12:34:00,2011-10-10 10:51:00,6,4263,7587.1900000000005,1264.5316666666668,710.5,59.666666666666664,Wholesale,,,,,,,,,,
13374,2010-09-16 10:29:00,2010-10-21 10:04:00,2,135,422.8,211.4,67.5,8.5,Retail,1,1,2,112,At Risk / Lost Customer,Churned,414.0,United Kingdom,422.8,2010-09
13375,2010-09-21 08:12:00,2011-09-12 10:19:00,2,1124,1792.23,896.115,562.0,35.5,Wholesale,,,,,,,,,,
13376,2011-04-19 13:03:00,2011-09-01 16:16:00,3,493,1019.76,339.92,164.33333333333334,17.666666666666668,Retail,2,2,2,222,Average Customer,Active,98.0,United Kingdom,1019.76,2011-04
13377,2010-03-04 10:06:00,2010-11-08 12:20:00,2,748,1552.88,776.44,374.0,39.0,Retail,1,1,3,113,Average Customer,Churned,396.0,United Kingdom,1552.88,2010-03
13379,2011-07-26 12:26:00,2011-11-13 13:45:00,3,601,572.56,190.85333333333332,200.33333333333334,31.333333333333332,Retail,3,2,2,322,Loyal Customer,Active,25.0,United Kingdom,572.56,2011-07
13380,2010-10-03 10:18:00,2010-10-03 10:18:00,1,48,62.4,62.4,48.0,3.0,Retail,1,1,1,111,At Risk / Lost Customer,Churned,432.0,United Kingdom,62.4,2010-10
13381,2009-12-01 15:19:00,2011-11-08 11:58:00,12,5125,8224.37,685.3641666666667,427.0833333333333,29.666666666666668,Retail,3,3,3,333,Best Customer,Active,31.0,United Kingdom,8224.37,2009-12
13382,2009-12-08 09:56:00,2011-03-04 10:03:00,5,863,1387.58,277.51599999999996,172.6,17.2,Retail,1,2,2,122,Average Customer,Churned,280.0,United Kingdom,1387.58,2009-12
13383,2010-06-14 11:45:00,2010-06-14 11:45:00,1,288,305.28000000000003,305.28000000000003,288.0,1.0,Retail,1,1,1,111,At Risk / Lost Customer,Churned,543.0,United Kingdom,305.28000000000003,2010-06
13384,2010-07-27 12:22:00,2011-11-09 11:04:00,11,4142,6680.83,607.3481818181818,376.54545454545456,24.0,Retail,3,3,3,333,Best Customer,Active,30.0,United Kingdom,6680.83,2010-07
13385,2011-01-14 09:52:00,2011-01-14 09:52:00,1,281,534.57,534.57,281.0,35.0,Retail,1,1,2,112,At Risk / Lost Customer,Churned,329.0,United Kingdom,534.57,2011-01
13386,2010-09-28 13:09:00,2010-10-21 12:52:00,2,514,835.46,417.73,257.0,15.5,Retail,1,1,2,112,At Risk / Lost Customer,Churned,413.0,United Kingdom,835.46,2010-09
13387,2010-10-18 14:07:00,2010-10-18 14:07:00,1,123,186.94,186.94,123.0,71.0,Wholesale,,,,,,,,,,
13388,2010-04-15 10:18:00,2011-07-31 12:52:00,3,701,1185.65,395.2166666666667,233.66666666666666,23.0,Retail,2,2,2,222,Average Customer,Active,130.0,United Kingdom,1185.65,2010-04
13389,2011-04-21 12:12:00,2011-11-28 14:01:00,3,429,797.96,265.9866666666667,143.0,17.0,Retail,3,2,2,322,Loyal Customer,Active,10.0,United Kingdom,797.96,2011-04
13390,2011-09-26 08:38:00,2011-09-26 08:38:00,1,224,544.08,544.08,224.0,13.0,Retail,2,1,2,212,Average Customer,Active,74.0,United Kingdom,544.08,2011-09
13391,2011-05-20 10:50:00,2011-05-20 10:50:00,1,4,59.8,59.8,4.0,1.0,Retail,2,1,1,211,At Risk / Lost Customer,Churned,203.0,United Kingdom,59.8,2011-05
13392,2010-01-31 13:34:00,2010-01-31 13:34:00,1,82,91.14,91.14,82.0,8.0,Retail,1,1,1,111,At Risk / Lost Customer,Churned,676.0,United Kingdom,91.14,2010-01
13393,2009-12-07 18:12:00,2010-05-05 09:34:00,4,662,1131.45,282.8625,165.5,17.25,Retail,1,2,2,122,Average Customer,Churned,583.0,United Kingdom,1131.45,2009-12
13394,2009-12-01 11:58:00,2011-12-08 11:36:00,19,5354,6621.7,348.5105263157895,281.7894736842105,21.526315789473685,Retail,3,3,3,333,Best Customer,Active,1.0,United Kingdom,6621.7,2009-12
13395,2010-10-14 13:00:00,2011-06-07 15:04:00,3,1660,1180.23,393.41,553.3333333333334,27.0,Wholesale,,,,,,,,,,
13396,2011-01-24 13:37:00,2011-11-10 16:59:00,2,600,1360.99,680.495,300.0,21.5,Retail,3,1,2,312,Average Customer,Active,28.0,United Kingdom,1360.99,2011-01
13397,2010-01-20 09:50:00,2011-09-28 10:56:00,10,1336,3191.87,319.187,133.6,8.9,Retail,2,3,3,233,Loyal Customer,Active,72.0,United Kingdom,3191.87,2010-01
13398,2010-09-17 09:34:00,2011-05-31 13:17:00,2,341,670.34,335.17,170.5,19.5,Retail,2,1,2,212,Average Customer,Churned,191.0,United Kingdom,670.34,2010-09
13399,2010-07-08 17:47:00,2010-09-01 13:59:00,3,120,275.4,91.8,40.0,5.0,Retail,1,2,1,121,At Risk / Lost Customer,Churned,463.0,United Kingdom,275.4,2010-07
13400,2010-05-06 09:00:00,2010-05-06 09:00:00,1,284,310.83,310.83,284.0,23.0,Retail,1,1,1,111,At Risk / Lost Customer,Churned,582.0,United Kingdom,310.83,2010-05
13402,2010-05-24 10:56:00,2011-08-04 15:51:00,4,917,1226.8500000000001,306.71250000000003,229.25,19.75,Retail,2,2,2,222,Average Customer,Active,126.0,United Kingdom,1226.8500000000001,2010-05
13403,2009-12-16 13:23:00,2011-11-22 08:28:00,3,114,229.5,76.5,38.0,3.0,Retail,3,2,1,321,Average Customer,Active,17.0,United Kingdom,229.5,2009-12
13404,2011-05-11 11:57:00,2011-12-08 15:37:00,2,111,252.49,126.245,55.5,5.5,Retail,3,1,1,311,Average Customer,Active,0.0,United Kingdom,252.49,2011-05
13405,2009-12-15 14:13:00,2011-09-26 17:01:00,6,855,1213.811,202.30183333333332,142.5,7.0,Retail,2,3,2,232,Loyal Customer,Active,73.0,United Kingdom,1213.811,2009-12
13406,2010-03-18 07:29:00,2010-10-08 14:44:00,2,292,568.92,284.46,146.0,4.5,Retail,1,1,2,112,At Risk / Lost Customer,Churned,426.0,United Kingdom,568.92,2010-03
13407,2010-02-16 11:13:00,2010-05-10 12:41:00,3,1690,2244.7,748.2333333333332,563.3333333333334,28.333333333333332,Wholesale,,,,,,,,,,
13408,2009-12-04 09:31:00,2011-12-08 09:05:00,106,28675,50174.782,473.347,270.5188679245283,7.7924528301886795,Retail,3,3,3,333,Best Customer,Active,1.0,United Kingdom,50174.782,2009-12
13410,2009-12-08 13:43:00,2011-11-15 15:33:00,9,1244,2201.96,244.66222222222223,138.22222222222223,5.555555555555555,Retail,3,3,3,333,Best Customer,Active,23.0,United Kingdom,2201.96,2009-12
13411,2011-08-24 13:57:00,2011-08-24 13:57:00,1,72,213.55,213.55,72.0,17.0,Retail,2,1,1,211,At Risk / Lost Customer,Active,106.0,United Kingdom,213.55,2011-08
13412,2010-03-29 16:28:00,2010-03-29 16:28:00,1,176,487.34999999999997,487.34999999999997,176.0,33.0,Retail,1,1,2,112,At Risk / Lost Customer,Churned,619.0,United Kingdom,487.34999999999997,2010-03
13413,2010-01-21 17:43:00,2010-03-10 12:17:00,6,455,429.44,71.57333333333334,75.83333333333333,7.166666666666667,Retail,1,3,2,132,Average Customer,Churned,639.0,United Kingdom,429.44,2010-01
13414,2010-04-15 17:00:00,2011-07-29 11:45:00,6,2702,2494.14,415.69,450.3333333333333,9.166666666666666,Retail,2,3,3,233,Loyal Customer,Active,133.0,United Kingdom,2494.14,2010-04
13415,2009-12-11 14:20:00,2010-08-24 11:38:00,4,496,784.17,196.0425,124.0,25.25,Retail,1,2,2,122,Average Customer,Churned,472.0,United Kingdom,784.17,2009-12
13416,2009-12-03 13:02:00,2011-10-27 08:56:00,3,208,940.8000000000001,313.6,69.33333333333333,8.666666666666666,Retail,2,2,2,222,Average Customer,Active,43.0,United Kingdom,940.8000000000001,2009-12
13417,2010-02-08 12:39:00,2011-12-05 08:49:00,6,532,1669.49,278.24833333333333,88.66666666666667,12.833333333333334,Retail,3,3,3,333,Best Customer,Active,4.0,United Kingdom,1669.49,2010-02
13418,2009-12-11 12:51:00,2011-11-28 10:23:00,31,7354,11559.66,372.8922580645161,237.2258064516129,17.322580645161292,Retail,3,3,3,333,Best Customer,Active,11.0,United Kingdom,11559.66,2009-12
13419,2011-10-07 12:49:00,2011-10-07 12:49:00,1,275,221.06,221.06,275.0,16.0,Retail,2,1,1,211,At Risk / Lost Customer,Active,63.0,United Kingdom,221.06,2011-10
13420,2011-06-22 11:35:00,2011-07-13 08:48:00,2,101,159.85,79.925,50.5,4.0,Retail,2,1,1,211,At Risk / Lost Customer,Churned,149.0,United Kingdom,159.85,2011-06
13421,2010-02-14 14:45:00,2011-10-30 14:21:00,8,2351,4058.75,507.34375,293.875,32.625,Retail,3,3,3,333,Best Customer,Active,39.0,United Kingdom,4058.75,2010-02
13422,2011-10-06 13:42:00,2011-10-06 13:42:00,1,1326,2626.3,2626.3,1326.0,127.0,Wholesale,,,,,,,,,,
13423,2010-10-07 09:02:00,2010-10-07 09:02:00,1,141,217.03,217.03,141.0,12.0,Retail,1,1,1,111,At Risk / Lost Customer,Churned,428.0,United Kingdom,217.03,2010-10
13424,2010-09-16 10:49:00,2010-09-16 10:49:00,1,529,572.77,572.77,529.0,40.0,Wholesale,,,,,,,,,,
13425,2010-05-09 14:35:00,2011-08-23 17:13:00,5,2358,3390.4300000000003,678.086,471.6,35.4,Retail,2,2,3,223,Loyal Customer,Active,107.0,United Kingdom,3390.4300000000003,2010-05
13426,2009-12-09 15:16:00,2011-12-09 08:59:00,22,4868,8167.38,371.24454545454546,221.27272727272728,15.590909090909092,Retail,3,3,3,333,Best Customer,Active,0.0,United Kingdom,8167.38,2009-12
13427,2009-12-17 13:44:00,2011-11-20 13:02:00,6,880,1006.53,167.755,146.66666666666666,8.666666666666666,Retail,3,3,2,332,Loyal Customer,Active,18.0,United Kingdom,1006.53,2009-12
13428,2010-07-13 13:20:00,2011-11-29 14:20:00,3,356,478.54,159.51333333333335,118.66666666666667,45.333333333333336,Retail,3,2,2,322,Loyal Customer,Active,9.0,United Kingdom,478.54,2010-07
13429,2011-09-25 15:59:00,2011-11-29 09:10:00,4,1390,1006.8,251.7,347.5,16.75,Retail,3,2,2,322,Loyal Customer,Active,10.0,United Kingdom,1006.8,2011-09
13430,2011-09-14 14:26:00,2011-11-21 08:19:00,2,751,679.45,339.725,375.5,24.5,Retail,3,1,2,312,Average Customer,Active,18.0,United Kingdom,679.45,2011-09
13431,2010-02-18 11:53:00,2011-10-03 13:49:00,8,1570,3316.24,414.53,196.25,16.125,Retail,2,3,3,233,Loyal Customer,Active,66.0,United Kingdom,3316.24,2010-02
13432,2010-04-06 14:42:00,2010-05-17 13:18:00,2,217,439.1,219.55,108.5,55.0,Wholesale,,,,,,,,,,
13433,2010-01-12 08:59:00,2010-07-26 16:55:00,4,190,658.3199999999999,164.57999999999998,47.5,6.0,Retail,1,2,2,122,Average Customer,Churned,500.0,United Kingdom,658.3199999999999,2010-01
13434,2010-02-22 09:54:00,2011-09-26 14:30:00,5,864,1666.8600000000001,333.372,172.8,7.0,Retail,2,2,3,223,Loyal Customer,Active,73.0,United Kingdom,1666.8600000000001,2010-02
13435,2010-07-27 16:56:00,2011-12-04 14:45:00,9,2754,4447.33,494.1477777777778,306.0,16.0,Retail,3,3,3,333,Best Customer,Active,4.0,United Kingdom,4447.33,2010-07
13436,2011-12-08 10:33:00,2011-12-08 10:33:00,1,76,196.89,196.89,76.0,12.0,Retail,3,1,1,311,Average Customer,Active,1.0,United Kingdom,196.89,2011-12
13437,2011-06-02 14:30:00,2011-11-25 14:00:00,7,1283,3408.06,486.86571428571426,183.28571428571428,23.857142857142858,Retail,3,3,3,333,Best Customer,Active,13.0,United Kingdom,3408.06,2011-06
13438,2010-06-10 18:46:00,2010-06-10 18:46:00,1,10,46.5,46.5,10.0,1.0,Retail,1,1,1,111,At Risk / Lost Customer,Churned,546.0,United Kingdom,46.5,2010-06
13439,2010-07-01 14:36:00,2011-03-29 14:20:00,3,952,986.61,328.87,317.3333333333333,55.0,Wholesale,,,,,,,,,,
13440,2010-09-14 10:34:00,2010-10-12 13:11:00,7,573,1295.25,185.03571428571428,81.85714285714286,8.428571428571429,Retail,1,3,2,132,Average Customer,Churned,422.0,United Kingdom,1295.25,2010-09
13441,2010-10-04 10:38:00,2011-09-09 09:38:00,2,520,720.9,360.45,260.0,19.0,Retail,2,1,2,212,Average Customer,Active,91.0,United Kingdom,720.9,2010-10
13442,2009-12-01 14:59:00,2010-02-10 14:03:00,3,115,419.87,139.95666666666668,38.333333333333336,12.666666666666666,Retail,1,2,1,121,At Risk / Lost Customer,Churned,666.0,United Kingdom,419.87,2009-12
13443,2010-01-31 13:30:00,2010-09-17 12:31:00,6,805,1273.16,212.19333333333336,134.16666666666666,33.166666666666664,Retail,1,3,2,132,Average Customer,Churned,448.0,United Kingdom,1273.16,2010-01
13444,2010-07-21 14:34:00,2010-11-30 13:02:00,2,331,619.08,309.54,165.5,26.5,Retail,1,1,2,112,At Risk / Lost Customer,Churned,373.0,United Kingdom,619.08,2010-07
13445,2010-03-23 15:34:00,2010-03-23 15:34:00,1,198,241.89999999999998,241.89999999999998,198.0,7.0,Retail,1,1,1,111,At Risk / Lost Customer,Churned,625.0,United Kingdom,241.89999999999998,2010-03
13446,2010-02-14 11:52:00,2010-10-05 18:51:00,11,2403,3881.89,352.8990909090909,218.45454545454547,17.454545454545453,Retail,1,3,3,133,Loyal Customer,Churned,429.0,United Kingdom,3881.89,2010-02
13447,2011-11-04 10:10:00,2011-11-16 13:38:00,3,584,1129.14,376.38000000000005,194.66666666666666,19.666666666666668,Retail,3,2,2,322,Loyal Customer,Active,22.0,United Kingdom,1129.14,2011-11
13448,2009-12-06 12:14:00,2011-11-23 12:33:00,13,4195,8745.93,672.7638461538462,322.6923076923077,40.53846153846154,Retail,3,3,3,333,Best Customer,Active,16.0,United Kingdom,8745.93,2009-12
13449,2011-11-16 08:28:00,2011-11-16 08:28:00,1,222,291.88,291.88,222.0,19.0,Retail,3,1,1,311,Average Customer,Active,23.0,United Kingdom,291.88,2011-11
13450,2010-04-15 19:15:00,2011-11-13 11:54:00,13,4318,4120.04,316.92615384615385,332.15384615384613,11.307692307692308,Retail,3,3,3,333,Best Customer,Active,26.0,United Kingdom,4120.04,2010-04
13451,2010-03-21 16:13:00,2011-11-13 15:58:00,11,5229,7090.06,644.5509090909092,475.3636363636364,90.63636363636364,Wholesale,,,,,,,,,,
13452,2010-08-24 09:53:00,2011-03-25 14:19:00,3,6,729.8,243.26666666666665,2.0,1.0,Retail,2,2,2,222,Average Customer,Churned,258.0,United Kingdom,729.8,2010-08
13453,2010-11-02 13:23:00,2011-06-27 09:34:00,3,341,781.6899999999999,260.56333333333333,113.66666666666667,13.333333333333334,Retail,2,2,2,222,Average Customer,Churned,165.0,United Kingdom,781.6899999999999,2010-11
13454,2010-03-08 14:40:00,2010-03-08 14:40:00,1,198,219.87,219.87,198.0,23.0,Retail,1,1,1,111,At Risk / Lost Customer,Churned,640.0,United Kingdom,219.87,2010-03
13455,2009-12-09 08:58:00,2011-11-15 11:21:00,6,795,2212.9900000000002,368.8316666666667,132.5,19.0,Retail,3,3,3,333,Best Customer,Active,24.0,United Kingdom,2212.9900000000002,2009-12
13456,2011-05-16 15:34:00,2011-11-22 09:18:00,6,765,1766.72,294.4533333333333,127.5,10.5,Retail,3,3,3,333,Best Customer,Active,17.0,United Kingdom,1766.72,2011-05
13457,2009-12-02 12:46:00,2010-01-20 08:48:00,2,96,148.22,74.11,48.0,4.5,Retail,1,1,1,111,At Risk / Lost Customer,Churned,688.0,United Kingdom,148.22,2009-12
13458,2010-11-16 14:01:00,2011-12-02 15:29:00,16,6760,11959.27,747.454375,422.5,30.3125,Retail,3,3,3,333,Best Customer,Active,6.0,United Kingdom,11959.27,2010-11
13459,2010-01-26 13:35:00,2010-03-25 10:24:00,2,986,1160.4099999999999,580.2049999999999,493.0,36.5,Retail,1,1,2,112,At Risk / Lost Customer,Churned,624.0,United Kingdom,1160.4099999999999,2010-01
13460,2011-10-21 09:50:00,2011-11-10 17:17:00,2,286,183.44,91.72,143.0,8.5,Retail,3,1,1,311,Average Customer,Active,28.0,United Kingdom,183.44,2011-10
13461,2010-04-21 16:01:00,2011-11-01 09:01:00,6,3132,4160.0,693.3333333333334,522.0,10.333333333333334,Wholesale,,,,,,,,,,
13462,2009-12-14 09:48:00,2011-04-01 11:20:00,5,697,1153.85,230.76999999999998,139.4,14.2,Retail,2,2,2,222,Average Customer,Churned,252.0,United Kingdom,1153.85,2009-12
13464,2010-03-31 15:22:00,2011-10-12 15:01:00,6,1440,3097.64,516.2733333333333,240.0,25.166666666666668,Retail,2,3,3,233,Loyal Customer,Active,57.0,United Kingdom,3097.64,2010-03
13465,2010-05-02 15:30:00,2010-09-19 15:13:00,2,584,931.12,465.56,292.0,17.0,Retail,1,1,2,112,At Risk / Lost Customer,Churned,445.0,United Kingdom,931.12,2010-05
13466,2010-03-21 13:50:00,2011-06-08 16:39:00,5,660,1013.35,202.67000000000002,132.0,11.0,Retail,2,2,2,222,Average Customer,Churned,183.0,United Kingdom,1013.35,2010-03
13467,2011-11-03 16:56:00,2011-11-29 10:01:00,2,580,1071.91,535.955,290.0,45.5,Retail,3,1,2,312,Average Customer,Active,10.0,United Kingdom,1071.91,2011-11
13468,2009-12-03 13:32:00,2011-12-08 10:39:00,72,5617,12793.28,177.68444444444447,78.01388888888889,9.625,Retail,3,3,3,333,Best Customer,Active,1.0,United Kingdom,12793.28,2009-12
13469,2010-02-24 15:03:00,2010-02-24 15:03:00,1,52,82.4,82.4,52.0,6.0,Retail,1,1,1,111,At Risk / Lost Customer,Churned,652.0,United Kingdom,82.4,2010-02
13470,2011-08-16 17:06:00,2011-09-01 14:57:00,2,100,165.0,82.5,50.0,5.0,Retail,2,1,1,211,At Risk / Lost Customer,Active,98.0,United Kingdom,165.0,2011-08
13471,2011-10-23 13:10:00,2011-12-08 15:44:00,4,1583,2501.84,625.46,395.75,58.25,Wholesale,,,,,,,,,,
13472,2010-06-02 09:48:00,2010-09-02 09:41:00,2,310,592.24,296.12,155.0,14.0,Retail,1,1,2,112,At Risk / Lost Customer,Churned,463.0,United Kingdom,592.24,2010-06
13473,2009-12-15 19:02:00,2011-10-10 11:20:00,8,1000,2657.7599999999998,332.21999999999997,125.0,8.75,Retail,2,3,3,233,Loyal Customer,Active,60.0,United Kingdom,2657.7599999999998,2009-12
13474,2010-08-01 14:40:00,2011-04-17 13:53:00,3,318,646.59,215.53,106.0,41.0,Retail,2,2,2,222,Average Customer,Churned,235.0,United Kingdom,646.59,2010-08
13475,2011-02-14 12:36:00,2011-06-01 13:52:00,4,1012,1431.78,357.945,253.0,21.5,Retail,2,2,3,223,Loyal Customer,Churned,190.0,United Kingdom,1431.78,2011-02
13476,2010-03-05 09:39:00,2011-06-14 12:00:00,5,713,2061.4700000000003,412.29400000000004,142.6,21.2,Retail,2,2,3,223,Loyal Customer,Churned,178.0,United Kingdom,2061.4700000000003,2010-03
13477,2010-01-25 11:52:00,2011-11-02 12:04:00,11,2091,2819.17,256.28818181818184,190.0909090909091,14.272727272727273,Retail,3,3,3,333,Best Customer,Active,37.0,United Kingdom,2819.17,2010-01
13478,2010-01-31 15:51:00,2010-08-27 13:23:00,5,1189,2215.78,443.15600000000006,237.8,25.0,Retail,1,2,3,123,Average Customer,Churned,468.0,United Kingdom,2215.78,2010-01
13479,2010-08-19 16:18:00,2011-05-23 10:45:00,4,716,851.37,212.8425,179.0,13.25,Retail,2,2,2,222,Average Customer,Churned,200.0,United Kingdom,851.37,2010-08
13480,2010-01-29 12:35:00,2010-10-19 11:53:00,2,362,627.82,313.91,181.0,20.5,Retail,1,1,2,112,At Risk / Lost Customer,Churned,416.0,United Kingdom,627.82,2010-01
13481,2009-12-04 12:37:00,2011-10-25 09:07:00,11,2055,3830.84,348.2581818181818,186.8181818181818,20.363636363636363,Retail,2,3,3,233,Loyal Customer,Active,45.0,United Kingdom,3830.84,2009-12
13482,2010-03-22 10:31:00,2011-04-21 17:03:00,2,187,336.09,168.045,93.5,10.0,Retail,2,1,1,211,At Risk / Lost Customer,Churned,231.0,United Kingdom,336.09,2010-03
13483,2011-10-05 11:53:00,2011-10-05 11:53:00,1,160,140.34,140.34,160.0,10.0,Retail,2,1,1,211,At Risk / Lost Customer,Active,65.0,United Kingdom,140.34,2011-10
13484,2010-03-10 11:46:00,2011-04-12 16:30:00,3,224,790.72,263.5733333333333,74.66666666666667,13.0,Retail,2,2,2,222,Average Customer,Churned,240.0,United Kingdom,790.72,2010-03
13485,2009-12-03 13:46:00,2011-04-20 13:58:00,11,1798,3019.2200000000003,274.4745454545455,163.45454545454547,14.363636363636363,Retail,2,3,3,233,Loyal Customer,Churned,232.0,United Kingdom,3019.2200000000003,2009-12
13486,2011-07-07 17:19:00,2011-09-22 13:13:00,3,669,1122.41,374.1366666666667,223.0,23.0,Retail,2,2,2,222,Average Customer,Active,77.0,United Kingdom,1122.41,2011-07
13487,2009-12-05 10:25:00,2011-10-13 12:07:00,5,362,846.87,169.374,72.4,9.8,Retail,2,2,2,222,Average Customer,Active,57.0,United Kingdom,846.87,2009-12
13488,2010-01-25 10:13:00,2011-11-22 14:41:00,23,7375,14205.96,617.6504347826086,320.6521739130435,29.52173913043478,Retail,3,3,3,333,Best Customer,Active,16.0,United Kingdom,14205.96,2010-01
13489,2011-02-18 10:42:00,2011-08-26 13:16:00,4,560,449.52,112.38,140.0,3.5,Retail,2,2,2,222,Average Customer,Active,104.0,United Kingdom,449.52,2011-02
13490,2010-02-23 14:48:00,2010-02-23 14:48:00,1,25,154.25,154.25,25.0,8.0,Retail,1,1,1,111,At Risk / Lost Customer,Churned,653.0,United Kingdom,154.25,2010-02
13491,2009-12-07 08:24:00,2011-10-19 08:32:00,27,2349,4467.66,165.46888888888887,87.0,9.666666666666666,Retail,2,3,3,233,Loyal Customer,Active,51.0,United Kingdom,4467.66,2009-12
13492,2011-05-09 10:06:00,2011-07-26 14:25:00,3,408,1269.84,423.28,136.0,16.666666666666668,Retail,2,2,2,222,Average Customer,Active,135.0,Switzerland,1269.84,2011-05
13493,2011-02-25 16:42:00,2011-03-09 15:35:00,2,380,618.63,309.315,190.0,4.0,Retail,1,1,2,112,At Risk / Lost Customer,Churned,274.0,Switzerland,618.63,2011-02
13494,2011-02-01 11:58:00,2011-02-01 11:58:00,1,162,316.26000000000005,316.26000000000005,162.0,18.0,Retail,1,1,1,111,At Risk / Lost Customer,Churned,311.0,United Kingdom,316.26000000000005,2011-02
13495,2009-12-07 12:12:00,2011-12-02 11:21:00,10,2465,4863.31,486.331,246.5,13.3,Retail,3,3,3,333,Best Customer,Active,7.0,United Kingdom,4863.31,2009-12
13496,2010-12-15 10:17:00,2011-11-29 10:58:00,2,341,653.33,326.665,170.5,17.5,Retail,3,1,2,312,Average Customer,Active,10.0,United Kingdom,653.33,2010-12
13497,2010-02-08 10:27:00,2011-03-02 09:04:00,6,525,1166.83,194.47166666666666,87.5,9.666666666666666,Retail,1,3,2,132,Average Customer,Churned,282.0,United Kingdom,1166.83,2010-02
13498,2009-12-09 15:26:00,2009-12-09 15:26:00,1,362,327.38,327.38,362.0,17.0,Retail,1,1,1,111,At Risk / Lost Customer,Churned,729.0,United Kingdom,327.38,2009-12
13499,2011-03-15 08:52:00,2011-11-22 11:21:00,5,1365,1159.11,231.82199999999997,273.0,8.4,Retail,3,2,2,322,Loyal Customer,Active,17.0,United Kingdom,1159.11,2011-03
13500,2010-11-03 13:16:00,2011-11-16 15:35:00,4,838,1466.3,366.575,209.5,21.25,Retail,3,2,3,323,Loyal Customer,Active,22.0,United Kingdom,1466.3,2010-11
13501,2010-05-18 13:24:00,2011-02-24 18:59:00,3,1253,2885.11,961.7033333333334,417.6666666666667,38.0,Retail,1,2,3,123,Average Customer,Churned,287.0,Switzerland,2885.11,2010-05
13502,2010-06-09 10:52:00,2011-11-23 10:39:00,5,490,780.5,156.1,98.0,6.6,Retail,3,2,2,322,Loyal Customer,Active,16.0,United Kingdom,780.5,2010-06
13503,2010-02-16 13:49:00,2011-09-29 13:23:00,6,1105,1859.24,309.87333333333333,184.16666666666666,30.0,Retail,2,3,3,233,Loyal Customer,Active,70.0,United Kingdom,1859.24,2010-02
13504,2011-10-06 13:20:00,2011-10-06 13:20:00,1,178,295.93,295.93,178.0,22.0,Retail,2,1,1,211,At Risk / Lost Customer,Active,63.0,United Kingdom,295.93,2011-10
13505,2011-04-21 12:07:00,2011-09-28 11:56:00,4,2486,4393.63,1098.4075,621.5,53.75,Wholesale,,,,,,,,,,
13506,2010-09-05 12:33:00,2011-01-27 13:53:00,5,942,1338.08,267.616,188.4,16.2,Retail,1,2,2,122,Average Customer,Churned,315.0,United Kingdom,1338.08,2010-09
13507,2011-07-17 11:50:00,2011-12-06 13:13:00,4,1597,2479.16,619.79,399.25,40.5,Retail,3,2,3,323,Loyal Customer,Active,2.0,United Kingdom,2479.16,2011-07
13508,2010-03-07 11:58:00,2011-04-10 11:58:00,2,180,287.05,143.525,90.0,14.0,Retail,2,1,1,211,At Risk / Lost Customer,Churned,243.0,United Kingdom,287.05,2010-03
13509,2010-07-20 12:10:00,2011-12-01 10:10:00,8,1214,1114.72,139.34,151.75,6.125,Retail,3,3,2,332,Loyal Customer,Active,8.0,United Kingdom,1114.72,2010-07
13510,2009-12-21 11:53:00,2011-12-08 13:46:00,11,3044,4558.29,414.39,276.72727272727275,26.272727272727273,Retail,3,3,3,333,Best Customer,Active,0.0,United Kingdom,4558.29,2009-12
13511,2010-02-01 12:10:00,2010-02-01 12:10:00,1,60,282.76,282.76,60.0,5.0,Retail,1,1,1,111,At Risk / Lost Customer,Churned,676.0,United Kingdom,282.76,2010-02
13512,2010-05-05 13:22:00,2011-03-24 10:03:00,4,419,713.39,178.3475,104.75,9.75,Retail,2,2,2,222,Average Customer,Churned,260.0,United Kingdom,713.39,2010-05
13513,2010-02-22 16:36:00,2011-08-05 11:50:00,3,364,824.59,274.86333333333334,121.33333333333333,13.333333333333334,Retail,2,2,2,222,Average Customer,Active,126.0,United Kingdom,824.59,2010-02
13514,2010-01-26 15:11:00,2011-09-27 09:39:00,4,288,815.9000000000001,203.97500000000002,72.0,5.25,Retail,2,2,2,222,Average Customer,Active,73.0,United Kingdom,815.9000000000001,2010-01
13515,2010-03-05 11:58:00,2011-09-28 11:26:00,6,819,1265.82,210.97,136.5,12.666666666666666,Retail,2,3,2,232,Loyal Customer,Active,72.0,United Kingdom,1265.82,2010-03
13516,2010-10-18 08:52:00,2011-11-18 13:15:00,4,1114,1685.26,421.315,278.5,15.25,Retail,3,2,3,323,Loyal Customer,Active,20.0,United Kingdom,1685.26,2010-10
13517,2011-06-13 08:44:00,2011-10-11 11:43:00,3,1369,2128.42,709.4733333333334,456.3333333333333,47.0,Retail,2,2,3,223,Loyal Customer,Active,59.0,United Kingdom,2128.42,2011-06
13518,2011-09-15 10:29:00,2011-09-15 10:29:00,1,382,627.16,627.16,382.0,36.0,Retail,2,1,2,212,Average Customer,Active,85.0,United Kingdom,627.16,2011-09
13519,2010-09-23 11:45:00,2011-09-22 18:24:00,2,133,343.21,171.605,66.5,9.5,Retail,2,1,1,211,At Risk / Lost Customer,Active,77.0,United Kingdom,343.21,2010-09
13520,2009-12-17 11:11:00,2011-10-12 10:20:00,11,3179,6606.0,600.5454545454545,289.0,18.09090909090909,Retail,2,3,3,233,Loyal Customer,Active,58.0,Switzerland,6606.0,2009-12
13521,2011-11-29 15:09:00,2011-12-08 13:50:00,3,718,1071.73,357.24333333333334,239.33333333333334,135.66666666666666,Wholesale,,,,,,,,,,
13522,2011-11-09 15:11:00,2011-11-09 15:11:00,1,44,125.80000000000001,125.80000000000001,44.0,5.0,Retail,3,1,1,311,Average Customer,Active,29.0,United Kingdom,125.80000000000001,2011-11
13523,2010-11-02 14:55:00,2011-11-06 15:11:00,6,1989,4534.57,755.7616666666667,331.5,33.5,Retail,3,3,3,333,Best Customer,Active,32.0,United Kingdom,4534.57,2010-11
13524,2011-05-04 12:26:00,2011-10-30 12:34:00,5,324,680.1800000000001,136.036,64.8,5.4,Retail,3,2,2,322,Loyal Customer,Active,40.0,United Kingdom,680.1800000000001,2011-05
13525,2011-04-05 15:36:00,2011-11-25 12:01:00,2,394,628.78,314.39,197.0,3.0,Retail,3,1,2,312,Average Customer,Active,14.0,United Kingdom,628.78,2011-04
13526,2009-12-01 12:56:00,2009-12-01 13:13:00,2,1911,1182.0,591.0,955.5,18.5,Wholesale,,,,,,,,,,
13527,2010-01-21 12:37:00,2011-11-06 12:04:00,12,2736,4541.29,378.44083333333333,228.0,35.75,Retail,3,3,3,333,Best Customer,Active,33.0,United Kingdom,4541.29,2010-01
13529,2011-05-19 11:50:00,2011-09-22 09:15:00,2,74,307.76,153.88,37.0,7.5,Retail,2,1,1,211,At Risk / Lost Customer,Active,78.0,United Kingdom,307.76,2011-05
13530,2010-03-15 14:10:00,2010-03-15 14:10:00,1,272,402.97999999999996,402.97999999999996,272.0,18.0,Retail,1,1,1,111,At Risk / Lost Customer,Churned,633.0,United Kingdom,402.97999999999996,2010-03
13531,2009-12-03 15:20:00,2011-05-18 16:56:00,6,497,1433.07,238.845,82.83333333333333,12.5,Retail,2,3,3,233,Loyal Customer,Churned,204.0,United Kingdom,1433.07,2009-12
13532,2011-11-06 12:25:00,2011-11-06 12:25:00,1,129,210.31,210.31,129.0,66.0,Wholesale,,,,,,,,,,
13533,2011-03-17 12:47:00,2011-06-10 11:54:00,3,202,269.09,89.69666666666666,67.33333333333333,24.333333333333332,Retail,2,2,1,221,Average Customer,Churned,182.0,United Kingdom,269.09,2011-03
13534,2010-07-07 15:00:00,2011-12-07 14:52:00,35,3869,7720.9,220.59714285714284,110.54285714285714,11.2,Retail,3,3,3,333,Best Customer,Active,1.0,United Kingdom,7720.9,2010-07
13535,2010-11-02 11:49:00,2010-11-02 11:49:00,1,10,89.5,89.5,10.0,1.0,Retail,1,1,1,111,At Risk / Lost Customer,Churned,402.0,United Kingdom,89.5,2010-11
13536,2011-09-25 13:30:00,2011-12-08 16:38:00,7,2126,3444.39,492.05571428571426,303.7142857142857,25.142857142857142,Retail,3,3,3,333,Best Customer,Active,0.0,United Kingdom,3444.39,2011-09
13537,2010-09-14 10:41:00,2010-10-10 12:45:00,2,337,717.85,358.925,168.5,21.0,Retail,1,1,2,112,At Risk / Lost Customer,Churned,425.0,United Kingdom,717.85,2010-09
13538,2010-02-02 12:47:00,2011-10-27 16:34:00,12,959,3103.13,258.5941666666667,79.91666666666667,11.5,Retail,3,3,3,333,Best Customer,Active,42.0,United Kingdom,3103.13,2010-02
13539,2010-04-28 12:04:00,2011-09-15 10:18:00,7,710,1569.3600000000001,224.19428571428574,101.42857142857143,12.285714285714286,Retail,2,3,3,233,Loyal Customer,Active,85.0,United Kingdom,1569.3600000000001,2010-04
13540,2010-02-22 09:22:00,2010-08-29 14:20:00,3,189,632.39,210.79666666666665,63.0,10.666666666666666,Retail,1,2,2,122,Average Customer,Churned,466.0,United Kingdom,632.39,2010-02
13541,2010-05-18 16:15:00,2010-10-08 16:37:00,2,279,785.25,392.625,139.5,5.0,Retail,1,1,2,112,At Risk / Lost Customer,Churned,426.0,United Kingdom,785.25,2010-05
13542,2009-12-10 19:53:00,2010-11-28 11:24:00,17,804,3959.4900000000002,232.91117647058826,47.294117647058826,19.235294117647058,Retail,1,3,3,133,Loyal Customer,Churned,376.0,United Kingdom,3959.4900000000002,2009-12
13543,2010-01-21 14:30:00,2010-03-15 13:34:00,2,329,1439.6100000000001,719.8050000000001,164.5,23.0,Retail,1,1,3,113,Average Customer,Churned,633.0,United Kingdom,1439.6100000000001,2010-01
13544,2010-03-05 11:31:00,2011-10-31 11:57:00,6,331,790.2,131.70000000000002,55.166666666666664,39.0,Retail,3,3,2,332,Loyal Customer,Active,39.0,United Kingdom,790.2,2010-03
13545,2010-06-13 11:49:00,2010-11-14 11:27:00,2,252,364.93,182.465,126.0,27.0,Retail,1,1,1,111,At Risk / Lost Customer,Churned,390.0,United Kingdom,364.93,2010-06
13546,2010-10-11 17:23:00,2011-11-27 14:50:00,5,587,1086.24,217.248,117.4,29.8,Retail,3,2,2,322,Loyal Customer,Active,11.0,United Kingdom,1086.24,2010-10
13547,2010-10-27 14:14:00,2010-10-27 14:14:00,1,79,167.08,167.08,79.0,44.0,Retail,1,1,1,111,At Risk / Lost Customer,Churned,407.0,United Kingdom,167.08,2010-10
13548,2010-08-25 13:44:00,2011-09-04 14:50:00,3,558,901.44,300.48,186.0,60.333333333333336,Wholesale,,,,,,,,,,
13549,2010-11-17 12:17:00,2011-11-14 09:20:00,8,554,1005.8,125.725,69.25,7.375,Retail,3,3,2,332,Loyal Customer,Active,25.0,United Kingdom,1005.8,2010-11
13550,2010-11-21 15:24:00,2010-11-21 15:24:00,1,430,342.55,342.55,430.0,40.0,Retail,1,1,1,111,At Risk / Lost Customer,Churned,382.0,United Kingdom,342.55,2010-11
13551,2010-02-11 15:01:00,2011-01-24 14:46:00,2,36,244.2,122.1,18.0,2.5,Retail,1,1,1,111,At Risk / Lost Customer,Churned,318.0,United Kingdom,244.2,2010-02
13552,2010-02-19 13:28:00,2011-10-04 15:19:00,22,2630,6948.92,315.86,119.54545454545455,9.363636363636363,Retail,2,3,3,233,Loyal Customer,Active,65.0,United Kingdom,6948.92,2010-02
13553,2010-02-03 12:21:00,2010-02-03 12:21:00,1,201,499.6,499.6,201.0,85.0,Wholesale,,,,,,,,,,
13554,2010-09-19 12:39:00,2010-11-24 15:05:00,7,579,1629.35,232.7642857142857,82.71428571428571,28.0,Retail,1,3,3,133,Loyal Customer,Churned,379.0,United Kingdom,1629.35,2010-09
13555,2010-01-19 13:20:00,2011-09-27 12:36:00,13,4762,8891.84,683.9876923076923,366.3076923076923,29.615384615384617,Retail,2,3,3,233,Loyal Customer,Active,73.0,United Kingdom,8891.84,2010-01
13556,2010-09-30 09:01:00,2010-10-06 16:44:00,2,134,200.82,100.41,67.0,4.5,Retail,1,1,1,111,At Risk / Lost Customer,Churned,428.0,United Kingdom,200.82,2010-09
13557,2009-12-08 17:41:00,2011-11-11 15:24:00,13,2398,3032.26,233.25076923076924,184.46153846153845,13.846153846153847,Retail,3,3,3,333,Best Customer,Active,27.0,United Kingdom,3032.26,2009-12
13558,2011-10-02 13:01:00,2011-12-04 11:24:00,4,338,594.52,148.63,84.5,41.75,Retail,3,2,2,322,Loyal Customer,Active,5.0,United Kingdom,594.52,2011-10
13559,2010-06-14 11:52:00,2010-07-15 09:52:00,2,360,990.0,495.0,180.0,1.0,Retail,1,1,2,112,At Risk / Lost Customer,Churned,512.0,United Kingdom,990.0,2010-06
13560,2011-12-02 13:11:00,2011-12-02 13:11:00,1,63,171.42000000000002,171.42000000000002,63.0,32.0,Retail,3,1,1,311,Average Customer,Active,6.0,United Kingdom,171.42000000000002,2011-12
13561,2010-02-28 13:42:00,2011-05-08 12:39:00,11,1125,1803.4,163.94545454545457,102.27272727272727,20.545454545454547,Retail,2,3,3,233,Loyal Customer,Churned,215.0,United Kingdom,1803.4,2010-02
13562,2010-01-14 16:33:00,2011-09-19 10:51:00,8,1603,4838.18,604.7725,200.375,24.5,Retail,2,3,3,233,Loyal Customer,Active,81.0,United Kingdom,4838.18,2010-01
13563,2011-07-22 17:21:00,2011-09-16 14:45:00,2,209,777.53,388.765,104.5,24.5,Retail,2,1,2,212,Average Customer,Active,83.0,United Kingdom,777.53,2011-07
13564,2009-12-02 11:55:00,2011-07-18 14:33:00,37,8878,16498.97,445.91810810810813,239.94594594594594,31.7027027027027,Retail,2,3,3,233,Loyal Customer,Churned,143.0,United Kingdom,16498.97,2009-12
13565,2010-10-24 15:51:00,2011-11-20 14:33:00,3,260,414.8,138.26666666666668,86.66666666666667,20.0,Retail,3,2,1,321,Average Customer,Active,18.0,United Kingdom,414.8,2010-10
13566,2010-03-10 12:22:00,2011-10-30 11:59:00,5,1257,1688.6,337.71999999999997,251.4,71.4,Wholesale,,,,,,,,,,
13567,2010-06-16 12:48:00,2010-10-07 12:51:00,4,643,1079.29,269.8225,160.75,49.25,Retail,1,2,2,122,Average Customer,Churned,427.0,United Kingdom,1079.29,2010-06
13568,2011-06-19 14:42:00,2011-06-19 14:42:00,1,66,187.05,187.05,66.0,41.0,Retail,2,1,1,211,At Risk / Lost Customer,Churned,172.0,United Kingdom,187.05,2011-06
13569,2010-10-07 13:05:00,2011-11-22 13:07:00,4,345,726.54,181.635,86.25,43.0,Retail,3,2,2,322,Loyal Customer,Active,16.0,United Kingdom,726.54,2010-10
13570,2011-04-10 13:36:00,2011-04-10 13:36:00,1,161,239.49,239.49,161.0,27.0,Retail,2,1,1,211,At Risk / Lost Customer,Churned,242.0,United Kingdom,239.49,2011-04
13571,2009-12-08 13:02:00,2011-11-27 10:47:00,26,3191,4537.26,174.51000000000002,122.73076923076923,25.26923076923077,Retail,3,3,3,333,Best Customer,Active,12.0,United Kingdom,4537.26,2009-12
13572,2011-05-18 11:59:00,2011-05-18 11:59:00,1,534,1384.25,1384.25,534.0,32.0,Wholesale,,,,,,,,,,
13573,2010-03-12 16:06:00,2011-10-20 14:33:00,6,647,904.52,150.75333333333333,107.83333333333333,13.333333333333334,Retail,2,3,2,232,Loyal Customer,Active,49.0,United Kingdom,904.52,2010-03
13574,2010-10-24 13:28:00,2010-10-24 13:28:00,1,304,404.45,404.45,304.0,84.0,Wholesale,,,,,,,,,,
13575,2011-06-16 14:24:00,2011-11-16 13:14:00,5,449,732.0699999999999,146.414,89.8,9.2,Retail,3,2,2,322,Loyal Customer,Active,22.0,United Kingdom,732.0699999999999,2011-06
13576,2009-12-08 15:12:00,2011-11-29 15:34:00,28,4506,11202.59,400.09250000000003,160.92857142857142,9.571428571428571,Retail,3,3,3,333,Best Customer,Active,9.0,United Kingdom,11202.59,2009-12
13577,2009-12-14 16:10:00,2011-11-14 15:19:00,11,1661,3489.28,317.20727272727277,151.0,15.272727272727273,Retail,3,3,3,333,Best Customer,Active,24.0,United Kingdom,3489.28,2009-12
13578,2010-10-26 13:44:00,2010-10-26 13:44:00,1,127,147.66,147.66,127.0,9.0,Retail,1,1,1,111,At Risk / Lost Customer,Churned,408.0,United Kingdom,147.66,2010-10
13579,2010-02-18 13:53:00,2011-11-25 08:41:00,5,718,1374.34,274.868,143.6,16.2,Retail,3,2,2,322,Loyal Customer,Active,14.0,United Kingdom,1374.34,2010-02
13580,2010-10-29 15:01:00,2010-10-29 15:01:00,1,45,107.75,107.75,45.0,5.0,Retail,1,1,1,111,At Risk / Lost Customer,Churned,405.0,United Kingdom,107.75,2010-10
13581,2010-10-21 16:30:00,2011-02-03 14:41:00,2,119,280.53000000000003,140.26500000000001,59.5,16.5,Retail,1,1,1,111,At Risk / Lost Customer,Churned,308.0,United Kingdom,280.53000000000003,2010-10
13582,2010-04-01 11:38:00,2010-11-15 11:34:00,2,106,241.68,120.84,53.0,5.5,Retail,1,1,1,111,At Risk / Lost Customer,Churned,389.0,United Kingdom,241.68,2010-04
13583,2010-01-29 13:53:00,2011-07-07 10:40:00,2,1097,1445.031,722.5155,548.5,48.0,Wholesale,,,,,,,,,,
13584,2010-02-02 08:40:00,2011-02-06 12:49:00,3,360,385.7,128.56666666666666,120.0,26.333333333333332,Retail,1,2,1,121,At Risk / Lost Customer,Churned,306.0,United Kingdom,385.7,2010-02
13585,2009-12-01 14:56:00,2010-06-27 12:33:00,3,1386,684.54,228.17999999999998,462.0,13.0,Retail,1,2,2,122,Average Customer,Churned,530.0,United Kingdom,684.54,2009-12
13586,2010-06-16 13:47:00,2010-06-16 13:47:00,1,38,127.28,127.28,38.0,20.0,Retail,1,1,1,111,At Risk / Lost Customer,Churned,540.0,United Kingdom,127.28,2010-06
13587,2010-02-14 13:17:00,2011-10-07 12:31:00,4,664,1673.5,418.375,166.0,7.5,Retail,2,2,3,223,Loyal Customer,Active,63.0,United Kingdom,1673.5,2010-02
13588,2011-03-29 15:53:00,2011-11-24 10:42:00,9,2606,2478.95,275.43888888888887,289.55555555555554,19.333333333333332,Retail,3,3,3,333,Best Customer,Active,15.0,United Kingdom,2478.95,2011-03
13589,2009-12-06 10:26:00,2011-11-25 12:10:00,6,293,1120.74,186.79,48.833333333333336,8.666666666666666,Retail,3,3,2,332,Loyal Customer,Active,14.0,United Kingdom,1120.74,2009-12
13590,2009-12-01 13:37:00,2011-11-28 12:54:00,18,5271,6336.04,352.0022222222222,292.8333333333333,22.38888888888889,Retail,3,3,3,333,Best Customer,Active,10.0,United Kingdom,6336.04,2009-12
13591,2009-12-14 15:44:00,2011-10-06 12:26:00,7,850,2093.94,299.13428571428574,121.42857142857143,14.428571428571429,Retail,2,3,3,233,Loyal Customer,Active,64.0,United Kingdom,2093.94,2009-12
13592,2011-03-20 14:01:00,2011-11-04 09:49:00,4,84,247.95999999999998,61.989999999999995,21.0,4.0,Retail,3,2,1,321,Average Customer,Active,35.0,United Kingdom,247.95999999999998,2011-03
13593,2010-03-02 16:36:00,2011-08-23 13:35:00,14,2170,5493.29,392.3778571428571,155.0,29.0,Retail,2,3,3,233,Loyal Customer,Active,107.0,United Kingdom,5493.29,2010-03
13594,2010-08-11 10:23:00,2011-10-18 10:19:00,2,396,533.32,266.66,198.0,16.5,Retail,2,1,2,212,Average Customer,Active,52.0,United Kingdom,533.32,2010-08
13595,2010-03-03 14:42:00,2010-07-11 12:36:00,3,341,784.48,261.49333333333334,113.66666666666667,43.666666666666664,Retail,1,2,2,122,Average Customer,Churned,516.0,United Kingdom,784.48,2010-03
13596,2011-11-27 11:57:00,2011-12-04 12:01:00,2,384,664.11,332.055,192.0,69.0,Wholesale,,,,,,,,,,
13597,2010-11-02 09:30:00,2010-11-04 14:54:00,2,231,396.71,198.355,115.5,8.5,Retail,1,1,1,111,At Risk / Lost Customer,Churned,399.0,United Kingdom,396.71,2010-11
13598,2010-02-26 11:22:00,2011-10-23 14:28:00,5,393,761.96,152.392,78.6,17.4,Retail,2,2,2,222,Average Customer,Active,46.0,United Kingdom,761.96,2010-02
13599,2009-12-01 12:30:00,2011-12-08 16:10:00,33,6248,9811.04,297.30424242424243,189.33333333333334,11.848484848484848,Retail,3,3,3,333,Best Customer,Active,0.0,United Kingdom,9811.04,2009-12
13600,2010-03-15 17:16:00,2011-01-31 15:27:00,2,599,518.42,259.21,299.5,20.5,Retail,1,1,2,112,At Risk / Lost Customer,Churned,311.0,United Kingdom,518.42,2010-03
13601,2010-06-11 15:03:00,2011-10-25 17:31:00,4,957,1159.99,289.9975,239.25,45.5,Retail,2,2,2,222,Average Customer,Active,44.0,United Kingdom,1159.99,2010-06
13602,2010-05-28 11:49:00,2011-10-06 11:47:00,4,538,1025.17,256.2925,134.5,14.5,Retail,2,2,2,222,Average Customer,Active,64.0,United Kingdom,1025.17,2010-05
13603,2011-11-13 15:57:00,2011-11-13 15:57:00,1,164,164.34,164.34,164.0,27.0,Retail,3,1,1,311,Average Customer,Active,25.0,United Kingdom,164.34,2011-11
13604,2010-02-19 12:02:00,2010-02-19 12:02:00,1,242,717.62,717.62,242.0,21.0,Retail,1,1,2,112,At Risk / Lost Customer,Churned,658.0,United Kingdom,717.62,2010-02
13605,2010-05-17 15:46:00,2010-11-17 17:16:00,2,425,522.67,261.335,212.5,26.0,Retail,1,1,2,112,At Risk / Lost Customer,Churned,386.0,United Kingdom,522.67,2010-05
13606,2011-02-01 11:42:00,2011-11-10 17:46:00,3,276,276.75,92.25,92.0,13.333333333333334,Retail,3,2,1,321,Average Customer,Active,28.0,United Kingdom,276.75,2011-02
13607,2010-11-02 11:48:00,2011-10-30 16:17:00,2,466,1075.81,537.905,233.0,58.5,Wholesale,,,,,,,,,,
13608,2010-06-17 12:28:00,2010-06-17 12:28:00,1,110,232.05,232.05,110.0,31.0,Retail,1,1,1,111,At Risk / Lost Customer,Churned,540.0,United Kingdom,232.05,2010-06
13609,2010-04-25 13:26:00,2010-04-25 13:26:00,1,19,167.35,167.35,19.0,7.0,Retail,1,1,1,111,At Risk / Lost Customer,Churned,592.0,United Kingdom,167.35,2010-04
13610,2010-01-05 14:12:00,2011-11-27 15:38:00,14,869,2103.71,150.26500000000001,62.07142857142857,28.0,Retail,3,3,3,333,Best Customer,Active,11.0,United Kingdom,2103.71,2010-01
13611,2009-12-03 07:57:00,2011-09-11 14:51:00,10,1988,3297.9300000000003,329.793,198.8,22.4,Retail,2,3,3,233,Loyal Customer,Active,88.0,United Kingdom,3297.9300000000003,2009-12
13612,2010-03-17 12:14:00,2010-03-17 12:14:00,1,444,818.29,818.29,444.0,50.0,Retail,1,1,2,112,At Risk / Lost Customer,Churned,632.0,United Kingdom,818.29,2010-03
13613,2010-02-17 12:40:00,2010-09-13 12:01:00,5,445,1039.8500000000001,207.97000000000003,89.0,11.8,Retail,1,2,2,122,Average Customer,Churned,452.0,United Kingdom,1039.8500000000001,2010-02
13614,2010-06-06 13:42:00,2011-11-15 14:47:00,6,821,2332.74,388.78999999999996,136.83333333333334,43.5,Retail,3,3,3,333,Best Customer,Active,23.0,United Kingdom,2332.74,2010-06
13615,2010-01-28 15:43:00,2011-01-25 08:21:00,8,2910,6272.53,784.06625,363.75,45.875,Retail,1,3,3,133,Loyal Customer,Churned,318.0,United Kingdom,6272.53,2010-01
13616,2010-01-17 14:56:00,2010-05-20 12:59:00,2,172,283.85,141.925,86.0,16.0,Retail,1,1,1,111,At Risk / Lost Customer,Churned,567.0,United Kingdom,283.85,2010-01
13617,2010-08-01 15:23:00,2011-10-30 13:50:00,8,593,1278.75,159.84375,74.125,13.0,Retail,3,3,2,332,Loyal Customer,Active,39.0,United Kingdom,1278.75,2010-08
13618,2011-06-19 11:09:00,2011-06-19 11:09:00,1,246,177.34,177.34,246.0,13.0,Retail,2,1,1,211,At Risk / Lost Customer,Churned,173.0,United Kingdom,177.34,2011-06
13619,2010-02-03 14:16:00,2010-06-13 11:39:00,2,79,224.94,112.47,39.5,21.0,Retail,1,1,1,111,At Risk / Lost Customer,Churned,544.0,United Kingdom,224.94,2010-02
13620,2010-06-29 15:02:00,2010-06-29 15:02:00,1,74,112.34,112.34,74.0,5.0,Retail,1,1,1,111,At Risk / Lost Customer,Churned,527.0,United Kingdom,112.34,2010-06
13621,2011-08-15 08:26:00,2011-08-15 08:26:00,1,343,213.85,213.85,343.0,19.0,Retail,2,1,1,211,At Risk / Lost Customer,Active,116.0,United Kingdom,213.85,2011-08
13622,2010-01-12 13:22:00,2010-01-12 13:22:00,1,379,658.95,658.95,379.0,32.0,Retail,1,1,2,112,At Risk / Lost Customer,Churned,695.0,United Kingdom,658.95,2010-01
13623,2009-12-02 13:57:00,2011-11-09 12:00:00,10,1010,2533.06,253.30599999999998,101.0,27.3,Retail,3,3,3,333,Best Customer,Active,30.0,United Kingdom,2533.06,2009-12
13624,2010-11-16 13:43:00,2010-11-16 13:43:00,1,820,462.08,462.08,820.0,22.0,Wholesale,,,,,,,,,,
13625,2010-04-22 10:50:00,2010-04-22 10:50:00,1,144,301.26,301.26,144.0,21.0,Retail,1,1,1,111,At Risk / Lost Customer,Churned,596.0,United Kingdom,301.26,2010-04
13626,2010-11-25 16:12:00,2011-04-01 10:05:00,2,398,707.04,353.52,199.0,22.0,Retail,2,1,2,212,Average Customer,Churned,252.0,United Kingdom,707.04,2010-11
13627,2010-03-09 14:03:00,2011-10-11 14:20:00,7,1632,2245.9,320.84285714285716,233.14285714285714,18.428571428571427,Retail,2,3,3,233,Loyal Customer,Active,58.0,United Kingdom,2245.9,2010-03
13628,2010-02-01 14:44:00,2010-02-01 14:44:00,1,106,310.14,310.14,106.0,16.0,Retail,1,1,1,111,At Risk / Lost Customer,Churned,675.0,United Kingdom,310.14,2010-02
13629,2010-02-11 17:34:00,2011-11-16 13:21:00,19,7722,13370.86,703.7294736842106,406.42105263157896,4.578947368421052,Retail,3,3,3,333,Best Customer,Active,22.0,United Kingdom,13370.86,2010-02
13630,2011-02-27 12:49:00,2011-12-04 15:16:00,7,1391,2031.78,290.2542857142857,198.71428571428572,10.142857142857142,Retail,3,3,3,333,Best Customer,Active,4.0,United Kingdom,2031.78,2011-02
13631,2011-03-17 17:13:00,2011-09-01 09:57:00,11,467,3070.42,279.1290909090909,42.45454545454545,1.0,Retail,2,3,3,233,Loyal Customer,Active,99.0,United Kingdom,3070.42,2011-03
13632,2010-04-07 10:59:00,2011-11-15 10:51:00,8,1633,3645.81,455.72625,204.125,27.5,Retail,3,3,3,333,Best Customer,Active,24.0,United Kingdom,3645.81,2010-04
13634,2010-01-10 14:26:00,2011-11-06 13:40:00,16,2090,5033.77,314.610625,130.625,27.375,Retail,3,3,3,333,Best Customer,Active,32.0,United Kingdom,5033.77,2010-01
13635,2009-12-01 09:46:00,2011-10-03 10:55:00,4,1884,2999.16,749.79,471.0,40.5,Retail,2,2,3,223,Loyal Customer,Active,67.0,United Kingdom,2999.16,2009-12
13636,2011-02-27 14:29:00,2011-11-03 10:30:00,5,592,949.12,189.824,118.4,12.6,Retail,3,2,2,322,Loyal Customer,Active,36.0,United Kingdom,949.12,2011-02
13637,2011-04-27 13:06:00,2011-10-18 13:32:00,3,405,804.3,268.09999999999997,135.0,31.666666666666668,Retail,2,2,2,222,Average Customer,Active,51.0,United Kingdom,804.3,2011-04
13638,2011-11-24 10:38:00,2011-11-24 10:38:00,1,93,122.64,122.64,93.0,8.0,Retail,3,1,1,311,Average Customer,Active,15.0,United Kingdom,122.64,2011-11
13639,2010-09-29 10:05:00,2011-09-26 13:36:00,2,997,1346.27,673.135,498.5,29.0,Retail,2,1,2,212,Average Customer,Active,73.0,United Kingdom,1346.27,2010-09
13640,2010-04-07 15:33:00,2010-04-07 15:33:00,1,108,405.0,405.0,108.0,4.0,Retail,1,1,1,111,At Risk / Lost Customer,Churned,610.0,United Kingdom,405.0,2010-04
13641,2009-12-05 13:17:00,2010-03-09 07:37:00,5,1098,1016.47,203.294,219.6,8.8,Retail,1,2,2,122,Average Customer,Churned,640.0,United Kingdom,1016.47,2009-12
13642,2010-10-03 12:23:00,2011-05-08 12:34:00,4,231,472.2,118.05,57.75,25.5,Retail,2,2,2,222,Average Customer,Churned,215.0,United Kingdom,472.2,2010-10
13643,2009-12-08 12:48:00,2011-11-08 15:37:00,10,902,2156.77,215.677,90.2,10.2,Retail,3,3,3,333,Best Customer,Active,30.0,United Kingdom,2156.77,2009-12
13644,2011-08-26 11:53:00,2011-11-23 14:07:00,4,2067,2624.26,656.065,516.75,36.5,Wholesale,,,,,,,,,,
13645,2011-08-11 16:11:00,2011-08-11 16:11:00,1,158,252.1,252.1,158.0,5.0,Retail,2,1,1,211,At Risk / Lost Customer,Active,119.0,United Kingdom,252.1,2011-08
13646,2010-11-05 12:00:00,2010-11-05 12:13:00,2,79,326.25,163.125,39.5,29.0,Retail,1,1,1,111,At Risk / Lost Customer,Churned,399.0,United Kingdom,326.25,2010-11
13647,2010-04-15 12:55:00,2011-11-30 12:00:00,8,1795,3041.68,380.21,224.375,17.375,Retail,3,3,3,333,Best Customer,Active,9.0,United Kingdom,3041.68,2010-04
13648,2009-12-01 18:13:00,2010-11-04 14:46:00,8,960,1764.02,220.5025,120.0,13.25,Retail,1,3,3,133,Loyal Customer,Churned,399.0,United Kingdom,1764.02,2009-12
13649,2010-06-30 16:35:00,2011-03-28 11:51:00,6,782,1453.68,242.28,130.33333333333334,17.833333333333332,Retail,2,3,3,233,Loyal Customer,Churned,256.0,United Kingdom,1453.68,2010-06
13650,2010-01-26 08:44:00,2011-11-23 12:22:00,10,1746,3288.0,328.8,174.6,17.2,Retail,3,3,3,333,Best Customer,Active,16.0,United Kingdom,3288.0,2010-01
13651,2010-11-23 09:44:00,2011-11-04 14:59:00,3,62,226.85,75.61666666666666,20.666666666666668,4.666666666666667,Retail,3,2,1,321,Average Customer,Active,34.0,United Kingdom,226.85,2010-11
13652,2010-02-25 17:37:00,2011-10-25 08:51:00,5,1458,2262.05,452.41,291.6,28.2,Retail,2,2,3,223,Loyal Customer,Active,45.0,United Kingdom,2262.05,2010-02
13653,2010-08-09 08:19:00,2010-08-09 08:19:00,1,72,152.2,152.2,72.0,9.0,Retail,1,1,1,111,At Risk / Lost Customer,Churned,487.0,United Kingdom,152.2,2010-08
13654,2009-12-02 11:43:00,2011-10-27 16:24:00,11,4762,6308.0,573.4545454545455,432.90909090909093,29.90909090909091,Retail,3,3,3,333,Best Customer,Active,42.0,United Kingdom,6308.0,2009-12
13655,2010-04-27 09:59:00,2011-08-17 14:25:00,6,1225,2280.51,380.08500000000004,204.16666666666666,19.833333333333332,Retail,2,3,3,233,Loyal Customer,Active,113.0,United Kingdom,2280.51,2010-04
13656,2010-04-23 12:50:00,2011-06-28 10:31:00,4,862,1078.85,269.7125,215.5,21.75,Retail,2,2,2,222,Average Customer,Churned,164.0,United Kingdom,1078.85,2010-04
13657,2011-05-22 12:35:00,2011-11-29 12:32:00,2,209,382.14,191.07,104.5,8.0,Retail,3,1,1,311,Average Customer,Active,10.0,United Kingdom,382.14,2011-05
13658,2010-02-05 13:17:00,2011-11-30 10:13:00,9,2171,6025.5,669.5,241.22222222222223,26.333333333333332,Retail,3,3,3,333,Best Customer,Active,9.0,United Kingdom,6025.5,2010-02
13659,2010-02-17 09:05:00,2011-05-18 12:37:00,12,2527,4884.68,407.0566666666667,210.58333333333334,22.333333333333332,Retail,2,3,3,233,Loyal Customer,Churned,205.0,United Kingdom,4884.68,2010-02
13660,2010-11-04 16:10:00,2010-11-04 16:10:00,1,136,306.64,306.64,136.0,39.0,Retail,1,1,1,111,At Risk / Lost Customer,Churned,399.0,United Kingdom,306.64,2010-11
13661,2010-04-15 14:58:00,2010-04-15 14:58:00,1,118,325.24,325.24,118.0,17.0,Retail,1,1,1,111,At Risk / Lost Customer,Churned,602.0,United Kingdom,325.24,2010-04
13662,2010-02-19 13:21:00,2011-09-15 12:04:00,11,1169,2233.61,203.05545454545455,106.27272727272727,12.363636363636363,Retail,2,3,3,233,Loyal Customer,Active,85.0,United Kingdom,2233.61,2010-02
13663,2010-03-03 10:11:00,2011-06-13 15:44:00,5,893,2047.51,409.502,178.6,19.8,Retail,2,2,3,223,Loyal Customer,Churned,178.0,United Kingdom,2047.51,2010-03
13665,2010-07-23 13:29:00,2010-11-18 13:06:00,3,1652,1711.6599999999999,570.5533333333333,550.6666666666666,35.333333333333336,Wholesale,,,,,,,,,,
13666,2009-12-04 10:48:00,2011-10-10 15:39:00,5,54,127.89999999999999,25.58,10.8,3.8,Retail,2,2,1,221,Average Customer,Active,59.0,United Kingdom,127.89999999999999,2009-12
13667,2011-07-13 15:42:00,2011-07-13 15:42:00,1,149,299.05,299.05,149.0,82.0,Wholesale,,,,,,,,,,
13668,2009-12-11 14:28:00,2011-12-07 12:11:00,35,6096,12948.48,369.9565714285714,174.17142857142858,21.34285714285714,Retail,3,3,3,333,Best Customer,Active,2.0,United Kingdom,12948.48,2009-12
13669,2010-10-28 15:05:00,2011-10-20 09:32:00,3,393,413.55,137.85,131.0,4.666666666666667,Retail,2,2,1,221,Average Customer,Active,50.0,United Kingdom,413.55,2010-10
13670,2011-09-25 15:25:00,2011-09-25 15:25:00,1,282,349.7,349.7,282.0,25.0,Retail,2,1,1,211,At Risk / Lost Customer,Active,74.0,United Kingdom,349.7,2011-09
13671,2010-11-10 10:50:00,2010-11-10 10:50:00,1,95,172.6,172.6,95.0,61.0,Wholesale,,,,,,,,,,
13672,2009-12-09 11:40:00,2011-02-11 13:53:00,3,138,419.92,139.97333333333333,46.0,6.0,Retail,1,2,1,121,At Risk / Lost Customer,Churned,300.0,United Kingdom,419.92,2009-12
13673,2011-11-07 15:40:00,2011-11-21 12:11:00,2,114,387.44,193.72,57.0,28.5,Retail,3,1,1,311,Average Customer,Active,18.0,United Kingdom,387.44,2011-11
13674,2010-10-03 10:41:00,2010-10-03 10:41:00,1,102,240.68,240.68,102.0,14.0,Retail,1,1,1,111,At Risk / Lost Customer,Churned,432.0,United Kingdom,240.68,2010-10
13675,2011-02-28 12:14:00,2011-07-11 12:57:00,2,330,486.82000000000005,243.41000000000003,165.0,12.5,Retail,2,1,2,212,Average Customer,Churned,150.0,United Kingdom,486.82000000000005,2011-02
13676,2010-03-30 16:53:00,2010-06-18 17:30:00,2,104,243.9,121.95,52.0,6.5,Retail,1,1,1,111,At Risk / Lost Customer,Churned,538.0,United Kingdom,243.9,2010-03
13677,2010-07-07 17:25:00,2010-10-31 11:32:00,2,217,551.24,275.62,108.5,53.0,Retail,1,1,2,112,At Risk / Lost Customer,Churned,404.0,United Kingdom,551.24,2010-07
13678,2011-07-11 10:14:00,2011-07-11 10:14:00,1,924,232.6,232.6,924.0,16.0,Wholesale,,,,,,,,,,
13679,2009-12-04 16:52:00,2010-08-03 12:13:00,3,102,281.26,93.75333333333333,34.0,16.666666666666668,Retail,1,2,1,121,At Risk / Lost Customer,Churned,493.0,United Kingdom,281.26,2009-12
13680,2009-12-04 14:14:00,2011-12-08 13:47:00,12,5244,11419.67,951.6391666666667,437.0,53.25,Wholesale,,,,,,,,,,
13681,2011-07-07 15:21:00,2011-11-22 11:13:00,4,360,827.83,206.9575,90.0,14.25,Retail,3,2,2,322,Loyal Customer,Active,17.0,United Kingdom,827.83,2011-07
13682,2011-06-05 14:06:00,2011-06-05 14:06:00,1,10,59.5,59.5,10.0,3.0,Retail,2,1,1,211,At Risk / Lost Customer,Churned,186.0,United Kingdom,59.5,2011-06
13683,2010-09-08 10:00:00,2010-09-08 10:00:00,1,180,258.6,258.6,180.0,10.0,Retail,1,1,1,111,At Risk / Lost Customer,Churned,457.0,United Kingdom,258.6,2010-09
13684,2010-03-28 14:48:00,2011-02-27 10:13:00,4,234,594.88,148.72,58.5,26.75,Retail,1,2,2,122,Average Customer,Churned,285.0,United Kingdom,594.88,2010-03
13685,2011-10-10 12:59:00,2011-12-07 11:41:00,7,5056,3119.44,445.63428571428574,722.2857142857143,5.571428571428571,Wholesale,,,,,,,,,,
13686,2010-11-03 13:44:00,2011-06-10 09:10:00,3,378,409.04,136.34666666666666,126.0,11.333333333333334,Retail,2,2,1,221,Average Customer,Churned,182.0,United Kingdom,409.04,2010-11
13687,2010-09-27 16:30:00,2010-09-27 16:30:00,1,87167,11880.84,11880.84,87167.0,45.0,Wholesale,,,,,,,,,,
13688,2010-03-14 14:11:00,2010-03-14 14:11:00,1,130,375.5,375.5,130.0,5.0,Retail,1,1,1,111,At Risk / Lost Customer,Churned,634.0,United Kingdom,375.5,2010-03
13689,2010-09-21 10:27:00,2011-10-07 13:21:00,2,722,1259.5,629.75,361.0,4.5,Retail,2,1,2,212,Average Customer,Active,62.0,United Kingdom,1259.5,2010-09
13690,2011-10-11 15:03:00,2011-10-11 15:03:00,1,67,172.25,172.25,67.0,9.0,Retail,2,1,1,211,At Risk / Lost Customer,Active,58.0,United Kingdom,172.25,2011-10
13691,2010-11-08 17:34:00,2010-11-08 17:34:00,1,145,212.78,212.78,145.0,54.0,Wholesale,,,,,,,,,,
13692,2010-10-15 13:28:00,2011-11-15 11:17:00,5,2101,3114.4,622.88,420.2,19.2,Retail,3,2,3,323,Loyal Customer,Active,24.0,United Kingdom,3114.4,2010-10
13693,2009-12-07 11:29:00,2010-11-30 18:21:00,9,880,2011.82,223.53555555555556,97.77777777777777,11.777777777777779,Retail,1,3,3,133,Loyal Customer,Churned,373.0,United Kingdom,2011.82,2009-12
13694,2009-12-04 15:26:00,2011-12-06 09:32:00,143,188201,195640.69,1368.1167132867133,1316.090909090909,10.622377622377622,Wholesale,,,,,,,,,,
13695,2010-05-11 11:07:00,2011-11-08 14:26:00,16,1791,2770.73,173.170625,111.9375,6.0,Retail,3,3,3,333,Best Customer,Active,30.0,United Kingdom,2770.73,2010-05
13696,2010-02-11 14:17:00,2010-10-14 09:44:00,3,552,2020.4,673.4666666666667,184.0,8.0,Retail,1,2,3,123,Average Customer,Churned,421.0,United Kingdom,2020.4,2010-02
13697,2011-11-01 09:14:00,2011-11-01 09:14:00,1,177,151.29999999999998,151.29999999999998,177.0,12.0,Retail,3,1,1,311,Average Customer,Active,38.0,United Kingdom,151.29999999999998,2011-11
13698,2010-01-27 09:02:00,2010-04-22 11:52:00,2,227,451.73,225.865,113.5,17.0,Retail,1,1,2,112,At Risk / Lost Customer,Churned,596.0,United Kingdom,451.73,2010-01
13699,2010-06-07 13:03:00,2011-07-07 16:51:00,2,219,764.15,382.075,109.5,18.5,Retail,2,1,2,212,Average Customer,Churned,154.0,United Kingdom,764.15,2010-06
13700,2010-02-07 10:53:00,2011-11-13 13:00:00,13,2786,2596.9700000000003,199.7669230769231,214.30769230769232,18.46153846153846,Retail,3,3,3,333,Best Customer,Active,25.0,United Kingdom,2596.9700000000003,2010-02
13701,2010-09-19 12:39:00,2010-09-19 12:39:00,1,80,161.0,161.0,80.0,9.0,Retail,1,1,1,111,At Risk / Lost Customer,Churned,446.0,United Kingdom,161.0,2010-09
13702,2010-09-20 11:40:00,2010-09-20 11:40:00,1,74,135.18,135.18,74.0,5.0,Retail,1,1,1,111,At Risk / Lost Customer,Churned,445.0,United Kingdom,135.18,2010-09
13703,2010-10-20 13:11:00,2011-01-25 13:10:00,2,128,425.56,212.78,64.0,18.0,Retail,1,1,2,112,At Risk / Lost Customer,Churned,317.0,United Kingdom,425.56,2010-10
13704,2011-09-12 14:40:00,2011-12-04 15:13:00,9,1531,2308.06,256.4511111111111,170.11111111111111,14.88888888888889,Retail,3,3,3,333,Best Customer,Active,4.0,United Kingdom,2308.06,2011-09
13705,2010-03-25 17:19:00,2011-12-02 12:32:00,7,906,1717.19,245.31285714285715,129.42857142857142,10.571428571428571,Retail,3,3,3,333,Best Customer,Active,7.0,United Kingdom,1717.19,2010-03
13706,2010-03-23 09:18:00,2011-02-10 09:21:00,2,301,631.17,315.585,150.5,19.0,Retail,1,1,2,112,At Risk / Lost Customer,Churned,302.0,United Kingdom,631.17,2010-03
13707,2010-06-21 11:57:00,2011-03-17 18:03:00,5,2210,3365.86,673.172,442.0,31.0,Retail,2,2,3,223,Loyal Customer,Churned,266.0,United Kingdom,3365.86,2010-06
13708,2011-03-13 13:46:00,2011-03-13 13:46:00,1,301,285.33,285.33,301.0,49.0,Retail,2,1,1,211,At Risk / Lost Customer,Churned,270.0,United Kingdom,285.33,2011-03
13709,2010-01-11 10:40:00,2011-12-06 10:28:00,18,4122,7571.35,420.6305555555556,229.0,22.61111111111111,Retail,3,3,3,333,Best Customer,Active,3.0,United Kingdom,7571.35,2010-01
13710,2010-04-06 12:54:00,2011-11-08 08:16:00,3,336,509.52,169.84,112.0,5.0,Retail,3,2,2,322,Loyal Customer,Active,31.0,United Kingdom,509.52,2010-04
13711,2009-12-15 19:04:00,2011-05-05 10:31:00,9,819,1792.26,199.14,91.0,10.222222222222221,Retail,2,3,3,233,Loyal Customer,Churned,218.0,United Kingdom,1792.26,2009-12
13712,2010-04-08 11:16:00,2011-04-07 12:33:00,2,1128,766.42,383.21,564.0,16.5,Wholesale,,,,,,,,,,
13713,2010-05-05 16:48:00,2010-10-27 16:18:00,3,284,740.76,246.92,94.66666666666667,25.333333333333332,Retail,1,2,2,122,Average Customer,Churned,407.0,United Kingdom,740.76,2010-05
13714,2010-08-31 13:57:00,2010-08-31 13:57:00,1,50,161.35,161.35,50.0,30.0,Retail,1,1,1,111,At Risk / Lost Customer,Churned,464.0,United Kingdom,161.35,2010-08
13715,2010-03-11 15:33:00,2011-03-03 19:21:00,17,4800,8153.04,479.5905882352941,282.3529411764706,29.41176470588235,Retail,1,3,3,133,Loyal Customer,Churned,280.0,United Kingdom,8153.04,2010-03
13716,2011-03-15 13:49:00,2011-03-15 13:49:00,1,138,138.28,138.28,138.0,21.0,Retail,2,1,1,211,At Risk / Lost Customer,Churned,268.0,United Kingdom,138.28,2011-03
13717,2010-08-11 09:40:00,2011-11-07 14:13:00,8,2144,1763.3,220.4125,268.0,15.5,Retail,3,3,3,333,Best Customer,Active,31.0,United Kingdom,1763.3,2010-08
13718,2011-02-17 11:58:00,2011-04-07 13:24:00,2,173,306.55,153.275,86.5,6.0,Retail,2,1,1,211,At Risk / Lost Customer,Churned,245.0,United Kingdom,306.55,2011-02
13719,2010-05-17 14:36:00,2011-11-24 15:26:00,11,1588,2783.08,253.00727272727272,144.36363636363637,22.545454545454547,Retail,3,3,3,333,Best Customer,Active,14.0,United Kingdom,2783.08,2010-05
13720,2011-03-30 09:17:00,2011-08-15 12:46:00,4,501,799.9,199.975,125.25,10.75,Retail,2,2,2,222,Average Customer,Active,116.0,United Kingdom,799.9,2011-03
13721,2010-11-09 17:59:00,2011-11-03 14:05:00,2,512,741.54,370.77,256.0,21.0,Retail,3,1,2,312,Average Customer,Active,35.0,United Kingdom,741.54,2010-11
13722,2010-03-03 14:13:00,2011-07-31 12:44:00,10,3059,5635.41,563.5409999999999,305.9,18.9,Retail,2,3,3,233,Loyal Customer,Active,131.0,United Kingdom,5635.41,2010-03
13723,2010-04-07 14:32:00,2011-05-06 17:04:00,6,593,1194.08,199.01333333333332,98.83333333333333,9.333333333333334,Retail,2,3,2,232,Loyal Customer,Churned,216.0,United Kingdom,1194.08,2010-04
13724,2010-03-12 15:28:00,2010-03-12 15:28:00,1,130,213.01,213.01,130.0,39.0,Retail,1,1,1,111,At Risk / Lost Customer,Churned,636.0,United Kingdom,213.01,2010-03
13725,2011-02-04 12:18:00,2011-10-21 10:03:00,8,806,1980.56,247.57,100.75,13.0,Retail,2,3,3,233,Loyal Customer,Active,49.0,United Kingdom,1980.56,2011-02
13726,2011-08-31 11:06:00,2011-11-01 10:49:00,2,1054,1079.6599999999999,539.8299999999999,527.0,21.0,Wholesale,,,,,,,,,,
13727,2009-12-09 13:25:00,2011-11-11 09:46:00,8,368,1074.15,134.26875,46.0,10.375,Retail,3,3,2,332,Loyal Customer,Active,28.0,United Kingdom,1074.15,2009-12
13728,2009-12-09 17:13:00,2011-11-03 10:49:00,16,1269,2855.17,178.448125,79.3125,10.25,Retail,3,3,3,333,Best Customer,Active,36.0,United Kingdom,2855.17,2009-12
13729,2010-01-24 14:57:00,2010-09-30 10:44:00,3,419,724.73,241.57666666666668,139.66666666666666,13.0,Retail,1,2,2,122,Average Customer,Churned,435.0,United Kingdom,724.73,2010-01
13730,2011-07-01 12:47:00,2011-07-27 08:35:00,2,488,752.6,376.3,244.0,21.5,Retail,2,1,2,212,Average Customer,Active,135.0,United Kingdom,752.6,2011-07
13731,2011-04-07 10:10:00,2011-05-04 14:33:00,2,278,610.59,305.295,139.0,19.0,Retail,2,1,2,212,Average Customer,Churned,218.0,United Kingdom,610.59,2011-04
13732,2011-11-11 15:49:00,2011-11-11 15:49:00,1,498,491.86,491.86,498.0,33.0,Retail,3,1,2,312,Average Customer,Active,27.0,United Kingdom,491.86,2011-11
13733,2009-12-04 15:28:00,2010-10-25 12:18:00,2,335,487.03000000000003,243.51500000000001,167.5,14.5,Retail,1,1,2,112,At Risk / Lost Customer,Churned,410.0,United Kingdom,487.03000000000003,2009-12
13734,2010-04-16 08:42:00,2010-07-19 12:04:00,4,302,6695.6900000000005,1673.9225000000001,75.5,6.75,Retail,1,2,3,123,Average Customer,Churned,508.0,United Kingdom,6695.6900000000005,2010-04
13735,2009-12-13 13:31:00,2011-11-15 11:14:00,13,4135,9762.77,750.9823076923077,318.0769230769231,47.84615384615385,Retail,3,3,3,333,Best Customer,Active,24.0,United Kingdom,9762.77,2009-12
13736,2009-12-06 12:07:00,2011-12-04 15:19:00,7,1549,2752.47,393.21,221.28571428571428,78.14285714285714,Wholesale,,,,,,,,,,
13737,2011-05-23 16:32:00,2011-05-23 16:32:00,1,125,339.59999999999997,339.59999999999997,125.0,29.0,Retail,2,1,1,211,At Risk / Lost Customer,Churned,199.0,United Kingdom,339.59999999999997,2011-05
13738,2010-11-08 15:23:00,2010-11-08 15:23:00,1,237,434.78000000000003,434.78000000000003,237.0,88.0,Wholesale,,,,,,,,,,
13739,2010-06-30 10:25:00,2011-11-21 13:35:00,2,76,292.2,146.1,38.0,3.0,Retail,3,1,1,311,Average Customer,Active,17.0,United Kingdom,292.2,2010-06
13740,2009-12-02 12:22:00,2011-04-13 10:32:00,5,987,1582.77,316.554,197.4,18.8,Retail,2,2,3,223,Loyal Customer,Churned,240.0,United Kingdom,1582.77,2009-12
13741,2011-05-06 13:43:00,2011-09-29 09:19:00,3,218,668.4300000000001,222.81000000000003,72.66666666666667,11.333333333333334,Retail,2,2,2,222,Average Customer,Active,71.0,United Kingdom,668.4300000000001,2011-05
13742,2011-01-23 14:59:00,2011-11-23 11:07:00,12,1115,3107.87,258.9891666666667,92.91666666666667,25.416666666666668,Retail,3,3,3,333,Best Customer,Active,16.0,United Kingdom,3107.87,2011-01
13743,2011-03-25 14:46:00,2011-12-07 10:09:00,7,1776,1341.6,191.65714285714284,253.71428571428572,5.857142857142857,Retail,3,3,2,332,Loyal Customer,Active,2.0,United Kingdom,1341.6,2011-03
13744,2011-02-20 14:08:00,2011-09-05 15:19:00,2,1153,1080.52,540.26,576.5,31.5,Wholesale,,,,,,,,,,
13745,2010-06-11 17:19:00,2011-06-30 16:43:00,2,1146,777.36,388.68,573.0,28.0,Wholesale,,,,,,,,,,
13746,2010-10-22 11:55:00,2010-10-22 11:55:00,1,83,176.69,176.69,83.0,9.0,Retail,1,1,1,111,At Risk / Lost Customer,Churned,413.0,United Kingdom,176.69,2010-10
13747,2010-10-11 09:15:00,2010-12-01 10:37:00,2,60,169.79999999999998,84.89999999999999,30.0,2.5,Retail,1,1,1,111,At Risk / Lost Customer,Churned,373.0,United Kingdom,169.79999999999998,2010-10
13748,2009-12-01 16:44:00,2011-09-05 09:45:00,9,1028,2064.35,229.3722222222222,114.22222222222223,6.444444444444445,Retail,2,3,3,233,Loyal Customer,Active,95.0,United Kingdom,2064.35,2009-12
13750,2010-04-01 14:49:00,2011-10-17 12:16:00,11,1370,3602.1800000000003,327.4709090909091,124.54545454545455,6.818181818181818,Retail,2,3,3,233,Loyal Customer,Active,53.0,United Kingdom,3602.1800000000003,2010-04
13751,2011-02-24 15:56:00,2011-02-24 15:56:00,1,152,296.25,296.25,152.0,9.0,Retail,1,1,1,111,At Risk / Lost Customer,Churned,287.0,United Kingdom,296.25,2011-02
13752,2010-06-30 10:23:00,2011-08-07 14:16:00,7,1005,1579.8300000000002,225.69000000000003,143.57142857142858,13.428571428571429,Retail,2,3,3,233,Loyal Customer,Active,123.0,United Kingdom,1579.8300000000002,2010-06
13753,2009-12-03 10:20:00,2011-02-25 12:48:00,4,1450,2094.57,523.6425,362.5,20.0,Retail,1,2,3,123,Average Customer,Churned,287.0,United Kingdom,2094.57,2009-12
13754,2010-09-28 15:29:00,2011-07-11 11:51:00,3,315,447.05,149.01666666666668,105.0,7.0,Retail,2,2,2,222,Average Customer,Churned,151.0,United Kingdom,447.05,2010-09
13755,2011-10-07 15:45:00,2011-12-06 12:26:00,9,1242,2108.06,234.2288888888889,138.0,34.111111111111114,Retail,3,3,3,333,Best Customer,Active,3.0,United Kingdom,2108.06,2011-10
13756,2009-12-15 15:18:00,2011-12-07 16:44:00,23,5138,8655.95,376.3456521739131,223.3913043478261,14.521739130434783,Retail,3,3,3,333,Best Customer,Active,1.0,United Kingdom,8655.95,2009-12
13757,2010-02-03 12:37:00,2010-02-03 12:37:00,1,54,195.55,195.55,54.0,8.0,Retail,1,1,1,111,At Risk / Lost Customer,Churned,674.0,United Kingdom,195.55,2010-02
13758,2009-12-01 10:06:00,2011-11-28 11:11:00,15,4667,8698.13,579.8753333333333,311.1333333333333,18.866666666666667,Retail,3,3,3,333,Best Customer,Active,11.0,United Kingdom,8698.13,2009-12
13759,2011-09-29 15:40:00,2011-11-06 14:47:00,2,287,659.4100000000001,329.70500000000004,143.5,12.5,Retail,3,1,2,312,Average Customer,Active,32.0,United Kingdom,659.4100000000001,2011-09
13760,2010-04-25 13:10:00,2011-10-16 16:13:00,5,623,1363.6399999999999,272.72799999999995,124.6,22.8,Retail,2,2,2,222,Average Customer,Active,53.0,United Kingdom,1363.6399999999999,2010-04
13761,2010-02-21 11:08:00,2011-10-20 14:01:00,6,1079,1952.17,325.3616666666667,179.83333333333334,20.333333333333332,Retail,2,3,3,233,Loyal Customer,Active,49.0,United Kingdom,1952.17,2010-02
13762,2010-01-10 12:13:00,2011-05-05 09:15:00,5,2608,2472.48,494.496,521.6,7.0,Wholesale,,,,,,,,,,
13763,2010-09-30 17:39:00,2011-10-07 15:13:00,3,3224,5217.4400000000005,1739.1466666666668,1074.6666666666667,16.666666666666668,Wholesale,,,,,,,,,,
13764,2010-03-07 12:56:00,2011-09-30 12:03:00,6,2084,2919.62,486.6033333333333,347.3333333333333,60.5,Wholesale,,,,,,,,,,
13765,2010-02-24 13:46:00,2010-02-24 13:46:00,1,297,352.821,352.821,297.0,17.0,Retail,1,1,1,111,At Risk / Lost Customer,Churned,652.0,United Kingdom,352.821,2010-02
13766,2010-08-01 14:25:00,2010-08-01 14:25:00,1,137,190.35,190.35,137.0,16.0,Retail,1,1,1,111,At Risk / Lost Customer,Churned,494.0,United Kingdom,190.35,2010-08
13767,2009-12-01 10:52:00,2011-12-07 15:00:00,73,14595,33903.57,464.43246575342465,199.93150684931507,10.465753424657533,Retail,3,3,3,333,Best Customer,Active,1.0,United Kingdom,33903.57,2009-12
13768,2009-12-09 10:25:00,2009-12-13 10:41:00,2,373,875.97,437.985,186.5,16.0,Retail,1,1,2,112,At Risk / Lost Customer,Churned,726.0,United Kingdom,875.97,2009-12
13769,2009-12-16 11:59:00,2011-12-07 15:08:00,20,2452,5478.12,273.906,122.6,13.75,Retail,3,3,3,333,Best Customer,Active,1.0,United Kingdom,5478.12,2009-12
13770,2009-12-09 14:44:00,2010-10-13 15:10:00,4,468,785.37,196.3425,117.0,12.0,Retail,1,2,2,122,Average Customer,Churned,421.0,United Kingdom,785.37,2009-12
13771,2010-02-25 12:37:00,2011-10-06 14:18:00,9,3140,5728.82,636.5355555555556,348.8888888888889,24.0,Retail,2,3,3,233,Loyal Customer,Active,63.0,United Kingdom,5728.82,2010-02
13772,2010-02-23 13:55:00,2011-11-06 11:43:00,8,1446,3100.02,387.5025,180.75,68.5,Wholesale,,,,,,,,,,
13773,2010-02-18 10:27:00,2010-11-08 11:49:00,2,174,301.54,150.77,87.0,9.5,Retail,1,1,1,111,At Risk / Lost Customer,Churned,396.0,United Kingdom,301.54,2010-02
13774,2011-09-19 12:06:00,2011-09-19 12:06:00,1,192,345.0,345.0,192.0,22.0,Retail,2,1,1,211,At Risk / Lost Customer,Active,81.0,United Kingdom,345.0,2011-09
13775,2010-04-28 12:15:00,2010-04-28 12:15:00,1,455,1049.66,1049.66,455.0,63.0,Wholesale,,,,,,,,,,
13776,2010-10-07 16:07:00,2010-10-07 16:11:00,2,2,623.98,311.99,1.0,1.0,Retail,1,1,2,112,At Risk / Lost Customer,Churned,427.0,United Kingdom,623.98,2010-10
13777,2009-12-02 09:47:00,2011-12-09 12:25:00,61,23190,49638.26,813.7419672131148,380.1639344262295,5.819672131147541,Retail,3,3,3,333,Best Customer,Active,0.0,United Kingdom,49638.26,2009-12
13778,2010-05-23 13:34:00,2011-08-28 15:25:00,4,511,1124.49,281.1225,127.75,11.0,Retail,2,2,2,222,Average Customer,Active,102.0,United Kingdom,1124.49,2010-05
13779,2010-07-12 11:24:00,2010-07-12 11:24:00,1,53,161.13,161.13,53.0,27.0,Retail,1,1,1,111,At Risk / Lost Customer,Churned,515.0,United Kingdom,161.13,2010-07
13780,2010-10-28 19:51:00,2011-12-02 13:49:00,3,479,732.07,244.02333333333334,159.66666666666666,30.666666666666668,Retail,3,2,2,322,Loyal Customer,Active,6.0,United Kingdom,732.07,2010-10
13781,2009-12-18 15:46:00,2011-04-03 12:08:00,3,300,778.83,259.61,100.0,19.0,Retail,2,2,2,222,Average Customer,Churned,250.0,United Kingdom,778.83,2009-12
13782,2009-12-06 12:52:00,2011-11-27 11:54:00,13,643,1786.08,137.39076923076922,49.46153846153846,18.307692307692307,Retail,3,3,3,333,Best Customer,Active,12.0,United Kingdom,1786.08,2009-12
13783,2010-02-04 13:47:00,2010-08-09 09:23:00,4,3437,1542.09,385.5225,859.25,2.5,Wholesale,,,,,,,,,,
13784,2010-09-15 12:27:00,2011-11-30 09:33:00,14,2827,2910.23,207.87357142857144,201.92857142857142,3.0714285714285716,Retail,3,3,3,333,Best Customer,Active,9.0,United Kingdom,2910.23,2010-09
13785,2010-09-05 16:01:00,2010-10-07 09:25:00,4,151,542.49,135.6225,37.75,7.5,Retail,1,2,2,122,Average Customer,Churned,428.0,United Kingdom,542.49,2010-09
13786,2009-12-03 15:32:00,2010-12-07 13:53:00,6,1515,3127.99,521.3316666666666,252.5,19.166666666666668,Retail,1,3,3,133,Loyal Customer,Churned,366.0,United Kingdom,3127.99,2009-12
13787,2010-01-14 10:13:00,2011-09-25 12:06:00,6,998,1222.5,203.75,166.33333333333334,13.166666666666666,Retail,2,3,2,232,Loyal Customer,Active,75.0,United Kingdom,1222.5,2010-01
13788,2010-07-22 15:50:00,2010-07-22 15:50:00,1,1,3.75,3.75,1.0,1.0,Retail,1,1,1,111,At Risk / Lost Customer,Churned,504.0,United Kingdom,3.75,2010-07
13789,2010-11-16 15:31:00,2010-11-16 15:31:00,1,258,239.45999999999998,239.45999999999998,258.0,18.0,Retail,1,1,1,111,At Risk / Lost Customer,Churned,387.0,United Kingdom,239.45999999999998,2010-11
13790,2011-12-05 15:48:00,2011-12-05 15:48:00,1,748,348.8,348.8,748.0,45.0,Wholesale,,,,,,,,,,
13791,2011-06-24 16:38:00,2011-08-04 11:44:00,2,1200,1516.0,758.0,600.0,5.5,Wholesale,,,,,,,,,,
13792,2010-10-13 11:05:00,2011-10-04 14:31:00,3,156,383.95,127.98333333333333,52.0,7.666666666666667,Retail,2,2,1,221,Average Customer,Active,65.0,United Kingdom,383.95,2010-10
13793,2010-03-03 08:25:00,2010-03-03 08:25:00,1,52,96.0,96.0,52.0,7.0,Retail,1,1,1,111,At Risk / Lost Customer,Churned,646.0,United Kingdom,96.0,2010-03
13794,2010-06-11 12:30:00,2010-06-11 12:30:00,1,63,126.03,126.03,63.0,9.0,Retail,1,1,1,111,At Risk / Lost Customer,Churned,546.0,United Kingdom,126.03,2010-06
13795,2010-03-12 12:44:00,2010-11-16 17:25:00,4,1250,836.3,209.075,312.5,7.25,Retail,1,2,2,122,Average Customer,Churned,387.0,United Kingdom,836.3,2010-03
13796,2010-07-28 14:45:00,2010-07-28 14:45:00,1,218,289.7,289.7,218.0,22.0,Retail,1,1,1,111,At Risk / Lost Customer,Churned,498.0,United Kingdom,289.7,2010-07
13797,2010-03-02 12:17:00,2010-09-29 10:34:00,3,573,1179.45,393.15000000000003,191.0,26.0,Retail,1,2,2,122,Average Customer,Churned,436.0,United Kingdom,1179.45,2010-03
13798,2009-12-08 16:21:00,2011-12-08 15:51:00,110,48187,75428.87,685.717,438.06363636363636,6.527272727272727,Retail,3,3,3,333,Best Customer,Active,0.0,United Kingdom,75428.87,2009-12
13799,2010-03-05 16:39:00,2011-08-15 12:07:00,9,1539,2803.57,311.5077777777778,171.0,11.777777777777779,Retail,2,3,3,233,Loyal Customer,Active,116.0,United Kingdom,2803.57,2010-03
13800,2009-12-03 10:03:00,2011-02-03 12:27:00,3,891,1679.56,559.8533333333334,297.0,24.333333333333332,Retail,1,2,3,123,Average Customer,Churned,309.0,United Kingdom,1679.56,2009-12
13801,2011-10-04 10:15:00,2011-10-04 10:15:00,1,168,324.8,324.8,168.0,23.0,Retail,2,1,1,211,At Risk / Lost Customer,Active,66.0,United Kingdom,324.8,2011-10
13802,2010-02-16 10:11:00,2011-07-24 10:54:00,19,14129,26259.11,1382.0584210526315,743.6315789473684,23.57894736842105,Wholesale,,,,,,,,,,
13803,2010-03-31 10:00:00,2011-03-29 12:57:00,3,831,1338.91,446.30333333333334,277.0,26.0,Retail,2,2,2,222,Average Customer,Churned,254.0,United Kingdom,1338.91,2010-03
13804,2010-09-29 10:26:00,2011-11-09 12:32:00,9,1797,3161.12,351.23555555555555,199.66666666666666,18.555555555555557,Retail,3,3,3,333,Best Customer,Active,30.0,United Kingdom,3161.12,2010-09
13805,2011-08-02 15:29:00,2011-10-18 14:50:00,2,1900,924.6,462.3,950.0,6.5,Wholesale,,,,,,,,,,
13806,2011-10-07 11:43:00,2011-10-07 11:43:00,1,56,256.38,256.38,56.0,10.0,Retail,2,1,1,211,At Risk / Lost Customer,Active,63.0,United Kingdom,256.38,2011-10
13807,2009-12-04 12:41:00,2010-12-07 15:48:00,3,116,422.2,140.73333333333332,38.666666666666664,8.333333333333334,Retail,1,2,1,121,At Risk / Lost Customer,Churned,366.0,United Kingdom,422.2,2009-12
13808,2011-09-04 12:07:00,2011-12-04 12:18:00,5,782,1747.66,349.53200000000004,156.4,15.2,Retail,3,2,3,323,Loyal Customer,Active,5.0,United Kingdom,1747.66,2011-09
13809,2010-09-05 11:42:00,2011-02-07 13:15:00,3,281,679.7,226.5666666666667,93.66666666666667,8.0,Retail,1,2,2,122,Average Customer,Churned,304.0,Cyprus,679.7,2010-09
13810,2011-10-14 12:57:00,2011-11-11 08:33:00,3,312,1499.01,499.67,104.0,11.666666666666666,Retail,3,2,3,323,Loyal Customer,Active,28.0,Germany,1499.01,2011-10
13811,2011-04-14 18:40:00,2011-06-09 09:54:00,3,68,814.5,271.5,22.666666666666668,4.333333333333333,Retail,2,2,2,222,Average Customer,Churned,183.0,Germany,814.5,2011-04
13812,2011-08-26 12:54:00,2011-10-28 14:27:00,3,333,539.0,179.66666666666666,111.0,12.0,Retail,3,2,2,322,Loyal Customer,Active,41.0,Germany,539.0,2011-08
13813,2009-12-06 10:16:00,2011-10-31 10:38:00,8,1292,2765.47,345.68375,161.5,17.875,Retail,3,3,3,333,Best Customer,Active,39.0,Germany,2765.47,2009-12
13814,2010-06-30 14:12:00,2011-09-08 13:48:00,3,1214,2257.32,752.44,404.6666666666667,26.333333333333332,Retail,2,2,3,223,Loyal Customer,Active,91.0,Germany,2257.32,2010-06
13815,2010-02-12 10:26:00,2011-11-17 14:19:00,8,5381,7475.74,934.4675,672.625,44.5,Wholesale,,,,,,,,,,
13816,2011-10-06 14:37:00,2011-11-16 08:38:00,2,269,571.6700000000001,285.83500000000004,134.5,14.0,Retail,3,1,2,312,Average Customer,Active,23.0,Germany,571.6700000000001,2011-10
13817,2010-12-23 11:46:00,2011-11-10 17:49:00,2,211,382.98,191.49,105.5,12.0,Retail,3,1,1,311,Average Customer,Active,28.0,Germany,382.98,2010-12
13818,2010-10-06 12:35:00,2010-10-06 12:35:00,1,60,61.28,61.28,60.0,5.0,Retail,1,1,1,111,At Risk / Lost Customer,Churned,429.0,United Kingdom,61.28,2010-10
13819,2009-12-01 16:18:00,2011-02-11 10:38:00,6,2309,2642.35,440.39166666666665,384.8333333333333,16.833333333333332,Retail,1,3,3,133,Loyal Customer,Churned,301.0,United Kingdom,2642.35,2009-12
13820,2010-01-28 12:26:00,2010-10-17 13:46:00,3,285,652.75,217.58333333333334,95.0,28.0,Retail,1,2,2,122,Average Customer,Churned,417.0,United Kingdom,652.75,2010-01
13821,2010-01-04 13:36:00,2011-07-18 09:49:00,6,477,1379.08,229.84666666666666,79.5,34.0,Retail,2,3,2,232,Loyal Customer,Churned,144.0,United Kingdom,1379.08,2010-01
13822,2011-10-30 15:55:00,2011-12-04 12:13:00,2,611,632.0,316.0,305.5,47.5,Retail,3,1,2,312,Average Customer,Active,5.0,United Kingdom,632.0,2011-10
13823,2009-12-15 14:34:00,2011-11-21 10:22:00,7,1564,3403.4500000000003,486.2071428571429,223.42857142857142,23.285714285714285,Retail,3,3,3,333,Best Customer,Active,18.0,United Kingdom,3403.4500000000003,2009-12
13824,2010-03-12 15:17:00,2011-11-07 12:41:00,12,1442,3314.76,276.23,120.16666666666667,8.333333333333334,Retail,3,3,3,333,Best Customer,Active,32.0,United Kingdom,3314.76,2010-03
13825,2009-12-09 14:30:00,2010-03-28 11:02:00,2,182,255.59,127.795,91.0,20.0,Retail,1,1,1,111,At Risk / Lost Customer,Churned,621.0,United Kingdom,255.59,2009-12
13826,2011-06-16 13:48:00,2011-06-16 13:48:00,1,82,189.5,189.5,82.0,10.0,Retail,2,1,1,211,At Risk / Lost Customer,Churned,175.0,United Kingdom,189.5,2011-06
13827,2011-07-19 15:38:00,2011-10-13 12:38:00,3,138,409.8,136.6,46.0,30.666666666666668,Retail,2,2,1,221,Average Customer,Active,57.0,United Kingdom,409.8,2011-07
13828,2011-11-17 16:02:00,2011-11-17 16:02:00,1,311,209.49,209.49,311.0,15.0,Retail,3,1,1,311,Average Customer,Active,21.0,United Kingdom,209.49,2011-11
13829,2010-10-14 18:19:00,2010-10-14 18:19:00,1,12,102.0,102.0,12.0,1.0,Retail,1,1,1,111,At Risk / Lost Customer,Churned,420.0,United Kingdom,102.0,2010-10
13830,2010-05-07 12:24:00,2010-05-07 12:24:00,1,47,156.85000000000002,156.85000000000002,47.0,11.0,Retail,1,1,1,111,At Risk / Lost Customer,Churned,581.0,United Kingdom,156.85000000000002,2010-05
13831,2009-12-10 14:50:00,2011-11-23 15:41:00,18,2393,6585.54,365.86333333333334,132.94444444444446,10.0,Retail,3,3,3,333,Best Customer,Active,15.0,United Kingdom,6585.54,2009-12
13832,2010-10-13 14:41:00,2011-11-20 15:36:00,2,420,609.89,304.945,210.0,27.0,Retail,3,1,2,312,Average Customer,Active,18.0,United Kingdom,609.89,2010-10
13833,2010-10-31 14:11:00,2011-07-03 13:27:00,2,243,700.41,350.205,121.5,22.0,Retail,2,1,2,212,Average Customer,Churned,158.0,United Kingdom,700.41,2010-10
13834,2010-02-08 12:52:00,2010-05-12 10:27:00,2,221,324.19,162.095,110.5,8.0,Retail,1,1,1,111,At Risk / Lost Customer,Churned,576.0,United Kingdom,324.19,2010-02
13835,2010-03-04 08:26:00,2011-11-14 15:37:00,7,520,1095.27,156.46714285714285,74.28571428571429,10.142857142857142,Retail,3,3,2,332,Loyal Customer,Active,24.0,United Kingdom,1095.27,2010-03
13836,2010-10-21 13:27:00,2010-11-05 13:31:00,2,273,620.37,310.185,136.5,15.5,Retail,1,1,2,112,At Risk / Lost Customer,Churned,398.0,United Kingdom,620.37,2010-10
13837,2011-01-26 12:15:00,2011-05-12 12:10:00,2,182,266.59000000000003,133.29500000000002,91.0,9.0,Retail,2,1,1,211,At Risk / Lost Customer,Churned,211.0,United Kingdom,266.59000000000003,2011-01
13838,2010-05-09 11:40:00,2011-12-04 11:00:00,10,694,1690.07,169.007,69.4,39.0,Retail,3,3,3,333,Best Customer,Active,5.0,United Kingdom,1690.07,2010-05
13839,2010-08-10 13:52:00,2010-08-10 13:52:00,1,25,139.95000000000002,139.95000000000002,25.0,7.0,Retail,1,1,1,111,At Risk / Lost Customer,Churned,485.0,United Kingdom,139.95000000000002,2010-08
13840,2010-10-19 13:34:00,2010-10-19 13:34:00,1,358,651.4,651.4,358.0,40.0,Retail,1,1,2,112,At Risk / Lost Customer,Churned,415.0,United Kingdom,651.4,2010-10
13841,2011-04-01 12:10:00,2011-04-01 12:10:00,1,100,85.0,85.0,100.0,1.0,Retail,2,1,1,211,At Risk / Lost Customer,Churned,252.0,United Kingdom,85.0,2011-04
13842,2010-02-16 15:54:00,2011-10-12 10:51:00,18,2716,5319.34,295.5188888888889,150.88888888888889,18.61111111111111,Retail,2,3,3,233,Loyal Customer,Active,58.0,United Kingdom,5319.34,2010-02
13843,2010-11-23 17:48:00,2010-11-23 17:48:00,1,145,319.75,319.75,145.0,18.0,Retail,1,1,1,111,At Risk / Lost Customer,Churned,380.0,United Kingdom,319.75,2010-11
13844,2011-11-28 13:21:00,2011-11-28 13:21:00,1,196,361.62,361.62,196.0,20.0,Retail,3,1,1,311,Average Customer,Active,10.0,United Kingdom,361.62,2011-11
13845,2011-10-06 08:25:00,2011-10-06 08:25:00,1,182,312.98,312.98,182.0,9.0,Retail,2,1,1,211,At Risk / Lost Customer,Active,64.0,United Kingdom,312.98,2011-10
13846,2010-11-05 09:47:00,2011-11-15 12:07:00,4,705,1307.79,326.9475,176.25,20.25,Retail,3,2,2,322,Loyal Customer,Active,24.0,United Kingdom,1307.79,2010-11
13847,2009-12-20 10:41:00,2009-12-20 10:41:00,1,96,310.72,310.72,96.0,19.0,Retail,1,1,1,111,At Risk / Lost Customer,Churned,719.0,United Kingdom,310.72,2009-12
13848,2009-12-09 16:17:00,2011-09-08 12:58:00,8,9200,3015.0,376.875,1150.0,1.25,Wholesale,,,,,,,,,,
13849,2010-03-25 12:03:00,2011-10-19 10:59:00,5,1883,3469.3,693.86,376.6,44.0,Retail,2,2,3,223,Loyal Customer,Active,51.0,United Kingdom,3469.3,2010-03
13850,2011-08-02 14:04:00,2011-08-02 14:04:00,1,944,1595.48,1595.48,944.0,93.0,Wholesale,,,,,,,,,,
13851,2010-01-29 11:54:00,2011-09-05 12:36:00,8,2525,4606.46,575.8075,315.625,17.5,Retail,2,3,3,233,Loyal Customer,Active,95.0,United Kingdom,4606.46,2010-01
13852,2010-04-08 09:06:00,2010-04-08 09:06:00,1,85,187.35000000000002,187.35000000000002,85.0,11.0,Retail,1,1,1,111,At Risk / Lost Customer,Churned,610.0,United Kingdom,187.35000000000002,2010-04
13853,2011-10-13 14:18:00,2011-10-13 14:18:00,1,312,1090.14,1090.14,312.0,23.0,Retail,2,1,2,212,Average Customer,Active,56.0,United Kingdom,1090.14,2011-10
13854,2010-01-08 11:28:00,2011-12-01 09:06:00,39,3642,11944.56,306.2707692307692,93.38461538461539,4.564102564102564,Retail,3,3,3,333,Best Customer,Active,8.0,United Kingdom,11944.56,2010-01
13855,2009-12-08 16:56:00,2010-07-27 09:53:00,4,575,1310.3400000000001,327.58500000000004,143.75,18.25,Retail,1,2,2,122,Average Customer,Churned,500.0,United Kingdom,1310.3400000000001,2009-12
13856,2010-03-30 15:40:00,2011-06-24 10:03:00,11,1105,1142.03,103.82090909090908,100.45454545454545,4.909090909090909,Retail,2,3,2,232,Loyal Customer,Churned,168.0,United Kingdom,1142.03,2010-03
13857,2010-05-17 14:21:00,2010-11-11 12:54:00,6,782,1001.01,166.835,130.33333333333334,20.833333333333332,Retail,1,3,2,132,Average Customer,Churned,392.0,United Kingdom,1001.01,2010-05
13858,2011-10-13 16:17:00,2011-10-13 16:17:00,1,75,216.17,216.17,75.0,11.0,Retail,2,1,1,211,At Risk / Lost Customer,Active,56.0,United Kingdom,216.17,2011-10
13859,2010-06-28 15:36:00,2011-01-17 16:14:00,2,167,515.86,257.93,83.5,17.5,Retail,1,1,2,112,At Risk / Lost Customer,Churned,325.0,United Kingdom,515.86,2010-06
13860,2011-09-14 09:27:00,2011-12-08 12:57:00,5,591,1245.9,249.18,118.2,15.2,Retail,3,2,2,322,Loyal Customer,Active,0.0,United Kingdom,1245.9,2011-09
13861,2010-06-27 11:37:00,2010-10-06 14:20:00,2,225,273.26,136.63,112.5,10.5,Retail,1,1,1,111,At Risk / Lost Customer,Churned,428.0,United Kingdom,273.26,2010-06
13862,2010-11-15 13:43:00,2011-11-21 16:24:00,9,1927,2556.09,284.01,214.11111111111111,17.77777777777778,Retail,3,3,3,333,Best Customer,Active,17.0,United Kingdom,2556.09,2010-11
13863,2010-04-25 13:09:00,2011-04-06 10:20:00,4,553,1239.55,309.8875,138.25,17.5,Retail,2,2,2,222,Average Customer,Churned,247.0,United Kingdom,1239.55,2010-04
13864,2010-11-18 12:50:00,2010-11-18 12:50:00,1,192,662.4000000000001,662.4000000000001,192.0,1.0,Retail,1,1,2,112,At Risk / Lost Customer,Churned,386.0,United Kingdom,662.4000000000001,2010-11
13865,2011-02-23 12:04:00,2011-10-12 13:31:00,4,204,501.56,125.39,51.0,7.5,Retail,2,2,2,222,Average Customer,Active,57.0,United Kingdom,501.56,2011-02
13866,2011-09-26 14:54:00,2011-09-26 14:54:00,1,57,145.67000000000002,145.67000000000002,57.0,7.0,Retail,2,1,1,211,At Risk / Lost Customer,Active,73.0,United Kingdom,145.67000000000002,2011-09
13867,2011-05-05 17:28:00,2011-11-08 15:48:00,3,501,1005.09,335.03000000000003,167.0,19.666666666666668,Retail,3,2,2,322,Loyal Customer,Active,30.0,United Kingdom,1005.09,2011-05
13868,2011-11-01 12:45:00,2011-12-02 16:32:00,2,1964,3192.54,1596.27,982.0,16.5,Wholesale,,,,,,,,,,
13869,2010-01-17 14:53:00,2011-08-08 13:53:00,10,4302,7996.87,799.687,430.2,81.1,Wholesale,,,,,,,,,,
13870,2010-02-08 12:08:00,2011-12-07 13:23:00,15,3449,5712.08,380.80533333333335,229.93333333333334,16.066666666666666,Retail,3,3,3,333,Best Customer,Active,1.0,United Kingdom,5712.08,2010-02
13871,2009-12-20 13:09:00,2011-11-17 10:49:00,17,3502,7885.85,463.8735294117647,206.0,23.647058823529413,Retail,3,3,3,333,Best Customer,Active,22.0,United Kingdom,7885.85,2009-12
13872,2009-12-14 09:56:00,2010-06-30 15:35:00,3,339,919.57,306.52333333333337,113.0,19.0,Retail,1,2,2,122,Average Customer,Churned,526.0,United Kingdom,919.57,2009-12
13873,2010-03-03 12:31:00,2011-08-12 10:08:00,8,472,1038.92,129.865,59.0,7.5,Retail,2,3,2,232,Loyal Customer,Active,119.0,United Kingdom,1038.92,2010-03
13874,2010-02-04 18:39:00,2010-12-16 18:20:00,7,864,2049.15,292.7357142857143,123.42857142857143,9.857142857142858,Retail,1,3,3,133,Loyal Customer,Churned,357.0,United Kingdom,2049.15,2010-02
13875,2009-12-17 10:30:00,2011-10-17 09:36:00,14,3072,4814.37,343.88357142857143,219.42857142857142,19.285714285714285,Retail,2,3,3,233,Loyal Customer,Active,53.0,United Kingdom,4814.37,2009-12
13876,2011-10-07 10:22:00,2011-10-07 10:22:00,1,36,122.7,122.7,36.0,7.0,Retail,2,1,1,211,At Risk / Lost Customer,Active,63.0,United Kingdom,122.7,2011-10
13877,2010-01-19 10:53:00,2011-09-14 15:49:00,3,478,449.68,149.89333333333335,159.33333333333334,7.666666666666667,Retail,2,2,2,222,Average Customer,Active,85.0,United Kingdom,449.68,2010-01
13878,2010-04-14 13:50:00,2011-10-16 12:19:00,4,927,2416.9,604.225,231.75,25.0,Retail,2,2,3,223,Loyal Customer,Active,54.0,United Kingdom,2416.9,2010-04
13879,2010-03-04 10:49:00,2010-03-04 10:49:00,1,204,395.5,395.5,204.0,25.0,Retail,1,1,1,111,At Risk / Lost Customer,Churned,645.0,United Kingdom,395.5,2010-03
13880,2010-05-26 14:29:00,2011-11-18 13:44:00,17,2535,4293.86,252.57999999999998,149.11764705882354,13.117647058823529,Retail,3,3,3,333,Best Customer,Active,20.0,United Kingdom,4293.86,2010-05
13881,2010-03-04 14:41:00,2011-12-06 12:50:00,43,29760,45179.1,1050.6767441860466,692.0930232558139,10.627906976744185,Wholesale,,,,,,,,,,
13882,2011-10-06 15:28:00,2011-12-07 11:16:00,5,953,1191.13,238.22600000000003,190.6,13.0,Retail,3,2,2,322,Loyal Customer,Active,2.0,United Kingdom,1191.13,2011-10
13883,2009-12-08 17:26:00,2011-11-29 10:45:00,15,3584,6560.02,437.3346666666667,238.93333333333334,21.0,Retail,3,3,3,333,Best Customer,Active,10.0,United Kingdom,6560.02,2009-12
13884,2010-08-26 19:57:00,2011-12-02 16:30:00,10,752,1825.03,182.503,75.2,17.4,Retail,3,3,3,333,Best Customer,Active,6.0,United Kingdom,1825.03,2010-08
13885,2011-05-23 08:52:00,2011-06-03 15:07:00,2,182,506.8,253.4,91.0,14.0,Retail,2,1,2,212,Average Customer,Churned,188.0,United Kingdom,506.8,2011-05
13886,2011-09-29 13:17:00,2011-09-29 13:17:00,1,126,243.56,243.56,126.0,16.0,Retail,2,1,1,211,At Risk / Lost Customer,Active,70.0,United Kingdom,243.56,2011-09
13887,2011-05-19 17:22:00,2011-05-19 17:22:00,1,147,349.55,349.55,147.0,19.0,Retail,2,1,1,211,At Risk / Lost Customer,Churned,203.0,United Kingdom,349.55,2011-05
13888,2010-05-13 11:57:00,2011-08-12 10:13:00,7,795,2001.59,285.94142857142856,113.57142857142857,22.571428571428573,Retail,2,3,3,233,Loyal Customer,Active,119.0,United Kingdom,2001.59,2010-05
13889,2010-01-22 14:32:00,2011-09-08 09:13:00,6,979,1991.23,331.87166666666667,163.16666666666666,13.833333333333334,Retail,2,3,3,233,Loyal Customer,Active,92.0,United Kingdom,1991.23,2010-01
13890,2009-12-06 15:15:00,2011-12-08 15:36:00,14,1392,2927.38,209.09857142857143,99.42857142857143,12.357142857142858,Retail,3,3,3,333,Best Customer,Active,0.0,United Kingdom,2927.38,2009-12
13891,2010-05-06 16:02:00,2010-11-26 15:57:00,3,476,859.21,286.40333333333336,158.66666666666666,32.666666666666664,Retail,1,2,2,122,Average Customer,Churned,377.0,United Kingdom,859.21,2010-05
13892,2010-05-13 10:32:00,2011-11-13 11:50:00,6,3125,1267.6499999999999,211.27499999999998,520.8333333333334,6.0,Wholesale,,,,,,,,,,
13893,2011-02-15 11:30:00,2011-02-15 11:30:00,1,190,821.1,821.1,190.0,21.0,Retail,1,1,2,112,At Risk / Lost Customer,Churned,297.0,United Kingdom,821.1,2011-02
13894,2011-02-02 12:54:00,2011-11-16 09:44:00,3,354,564.62,188.20666666666668,118.0,8.666666666666666,Retail,3,2,2,322,Loyal Customer,Active,23.0,United Kingdom,564.62,2011-02
13895,2009-12-03 13:09:00,2011-11-11 16:57:00,6,2060,4008.52,668.0866666666667,343.3333333333333,31.0,Retail,3,3,3,333,Best Customer,Active,27.0,United Kingdom,4008.52,2009-12
13896,2010-03-24 08:55:00,2010-03-24 08:55:00,1,149,388.55,388.55,149.0,21.0,Retail,1,1,1,111,At Risk / Lost Customer,Churned,625.0,United Kingdom,388.55,2010-03
13897,2010-01-31 13:48:00,2011-10-20 14:30:00,3,820,1160.72,386.9066666666667,273.3333333333333,19.666666666666668,Retail,2,2,2,222,Average Customer,Active,49.0,United Kingdom,1160.72,2010-01
13898,2010-10-24 15:42:00,2011-01-18 10:28:00,2,544,686.4,343.2,272.0,23.0,Retail,1,1,2,112,At Risk / Lost Customer,Churned,325.0,United Kingdom,686.4,2010-10
13899,2011-03-10 09:30:00,2011-11-23 13:40:00,2,156,388.52,194.26,78.0,9.5,Retail,3,1,1,311,Average Customer,Active,15.0,United Kingdom,388.52,2011-03
13900,2010-03-25 13:46:00,2011-06-09 19:26:00,6,938,1610.59,268.4316666666667,156.33333333333334,15.833333333333334,Retail,2,3,3,233,Loyal Customer,Churned,182.0,United Kingdom,1610.59,2010-03
13901,2010-01-05 09:29:00,2011-09-28 14:48:00,15,3344,5676.34,378.42266666666666,222.93333333333334,20.666666666666668,Retail,2,3,3,233,Loyal Customer,Active,71.0,United Kingdom,5676.34,2010-01
13902,2009-12-15 10:02:00,2010-03-17 13:09:00,5,220600,34095.26,6819.052000000001,44120.0,12.6,Wholesale,,,,,,,,,,
13903,2010-11-04 17:44:00,2010-11-04 17:44:00,1,103,165.45000000000002,165.45000000000002,103.0,10.0,Retail,1,1,1,111,At Risk / Lost Customer,Churned,399.0,United Kingdom,165.45000000000002,2010-11
13904,2011-02-18 11:18:00,2011-11-02 13:41:00,2,332,332.64,166.32,166.0,13.0,Retail,3,1,1,311,Average Customer,Active,36.0,United Kingdom,332.64,2011-02
13905,2009-12-07 11:41:00,2009-12-07 11:41:00,1,135,312.65,312.65,135.0,12.0,Retail,1,1,1,111,At Risk / Lost Customer,Churned,732.0,United Kingdom,312.65,2009-12
13906,2010-10-26 15:00:00,2010-10-26 15:00:00,1,100,42.0,42.0,100.0,1.0,Retail,1,1,1,111,At Risk / Lost Customer,Churned,408.0,United Kingdom,42.0,2010-10
13907,2010-01-17 12:22:00,2010-01-17 12:22:00,1,68,136.8,136.8,68.0,4.0,Retail,1,1,1,111,At Risk / Lost Customer,Churned,691.0,United Kingdom,136.8,2010-01
13908,2011-03-08 12:04:00,2011-09-21 11:49:00,4,1478,2369.55,592.3875,369.5,30.5,Retail,2,2,3,223,Loyal Customer,Active,79.0,United Kingdom,2369.55,2011-03
13909,2010-07-06 16:52:00,2010-10-12 17:22:00,2,301,282.85,141.425,150.5,18.5,Retail,1,1,1,111,At Risk / Lost Customer,Churned,422.0,United Kingdom,282.85,2010-07
13911,2010-03-01 16:31:00,2011-10-13 15:43:00,20,4487,4234.99,211.74949999999998,224.35,11.9,Retail,2,3,3,233,Loyal Customer,Active,56.0,United Kingdom,4234.99,2010-03
13912,2010-10-12 08:43:00,2010-10-12 08:43:00,1,29,124.95,124.95,29.0,7.0,Retail,1,1,1,111,At Risk / Lost Customer,Churned,423.0,United Kingdom,124.95,2010-10
13913,2010-07-21 10:11:00,2010-07-21 10:11:00,1,10,42.22,42.22,10.0,3.0,Retail,1,1,1,111,At Risk / Lost Customer,Churned,506.0,United Kingdom,42.22,2010-07
13914,2011-11-03 16:28:00,2011-11-28 10:35:00,2,380,626.45,313.225,190.0,16.5,Retail,3,1,2,312,Average Customer,Active,11.0,United Kingdom,626.45,2011-11
13915,2010-11-10 15:17:00,2010-11-10 15:17:00,1,24,70.80000000000001,70.80000000000001,24.0,2.0,Retail,1,1,1,111,At Risk / Lost Customer,Churned,393.0,United Kingdom,70.80000000000001,2010-11
13916,2010-02-02 10:06:00,2010-09-02 10:04:00,4,673,1275.81,318.9525,168.25,18.5,Retail,1,2,2,122,Average Customer,Churned,463.0,United Kingdom,1275.81,2010-02
13917,2011-06-01 12:46:00,2011-10-21 09:56:00,2,228,272.04,136.02,114.0,9.0,Retail,2,1,1,211,At Risk / Lost Customer,Active,49.0,United Kingdom,272.04,2011-06
13918,2011-03-31 18:05:00,2011-10-21 12:25:00,2,1140,1212.8400000000001,606.4200000000001,570.0,15.0,Wholesale,,,,,,,,,,
13919,2010-06-17 09:30:00,2011-10-11 14:24:00,4,1133,1360.68,340.17,283.25,19.25,Retail,2,2,2,222,Average Customer,Active,58.0,Denmark,1360.68,2010-06
13920,2010-05-26 15:48:00,2010-10-04 12:37:00,4,1772,1774.68,443.67,443.0,21.5,Retail,1,2,3,123,Average Customer,Churned,431.0,United Kingdom,1774.68,2010-05
13921,2009-12-18 12:19:00,2010-11-02 16:32:00,4,210,730.7,182.675,52.5,11.0,Retail,1,2,2,122,Average Customer,Churned,401.0,United Kingdom,730.7,2009-12
13922,2010-08-29 14:36:00,2010-12-23 10:38:00,3,467,865.2,288.40000000000003,155.66666666666666,10.0,Retail,1,2,2,122,Average Customer,Churned,351.0,United Kingdom,865.2,2010-08
13923,2011-10-17 12:33:00,2011-10-17 12:33:00,1,185,351.13,351.13,185.0,20.0,Retail,2,1,1,211,At Risk / Lost Customer,Active,53.0,United Kingdom,351.13,2011-10
13924,2011-09-28 15:07:00,2011-12-08 09:39:00,6,1575,1838.8500000000001,306.475,262.5,19.5,Retail,3,3,3,333,Best Customer,Active,1.0,United Kingdom,1838.8500000000001,2011-09
13925,2011-07-28 12:09:00,2011-09-08 12:47:00,4,331,678.25,169.5625,82.75,10.25,Retail,2,2,2,222,Average Customer,Active,92.0,United Kingdom,678.25,2011-07
13926,2011-11-16 13:16:00,2011-11-16 13:16:00,1,104,223.85000000000002,223.85000000000002,104.0,11.0,Retail,3,1,1,311,Average Customer,Active,22.0,United Kingdom,223.85000000000002,2011-11
13927,2010-09-28 16:12:00,2011-09-26 12:00:00,2,463,708.26,354.13,231.5,20.5,Retail,2,1,2,212,Average Customer,Active,74.0,United Kingdom,708.26,2010-09
13928,2011-07-29 15:59:00,2011-11-29 10:33:00,4,129,464.57,116.1425,32.25,6.75,Retail,3,2,2,322,Loyal Customer,Active,10.0,United Kingdom,464.57,2011-07
13929,2010-01-14 07:25:00,2011-06-23 15:26:00,11,1566,3494.1,317.6454545454545,142.36363636363637,5.181818181818182,Retail,2,3,3,233,Loyal Customer,Churned,168.0,United Kingdom,3494.1,2010-01
13930,2011-07-26 11:00:00,2011-10-13 09:45:00,2,274,337.34,168.67,137.0,8.5,Retail,2,1,1,211,At Risk / Lost Customer,Active,57.0,United Kingdom,337.34,2011-07
13931,2009-12-03 10:26:00,2011-09-05 10:12:00,11,3488,5257.38,477.94363636363636,317.09090909090907,24.636363636363637,Retail,2,3,3,233,Loyal Customer,Active,95.0,United Kingdom,5257.38,2009-12
13932,2011-02-18 12:02:00,2011-02-18 12:02:00,1,72,307.4,307.4,72.0,16.0,Retail,1,1,1,111,At Risk / Lost Customer,Churned,294.0,United Kingdom,307.4,2011-02
13933,2011-07-14 13:35:00,2011-08-22 14:03:00,2,205,608.7900000000001,304.39500000000004,102.5,11.5,Retail,2,1,2,212,Average Customer,Active,108.0,United Kingdom,608.7900000000001,2011-07
13934,2011-03-21 08:39:00,2011-03-21 08:39:00,1,390,922.1,922.1,390.0,31.0,Retail,2,1,2,212,Average Customer,Churned,263.0,United Kingdom,922.1,2011-03
13935,2010-02-25 16:01:00,2010-04-22 11:21:00,3,2252,6116.92,2038.9733333333334,750.6666666666666,26.666666666666668,Wholesale,,,,,,,,,,
13936,2010-10-21 14:21:00,2011-06-13 08:47:00,3,661,939.66,313.21999999999997,220.33333333333334,19.666666666666668,Retail,2,2,2,222,Average Customer,Churned,179.0,United Kingdom,939.66,2010-10
13937,2010-11-02 12:37:00,2011-06-23 16:35:00,2,587,880.13,440.065,293.5,27.0,Retail,2,1,2,212,Average Customer,Churned,168.0,United Kingdom,880.13,2010-11
13938,2011-11-04 14:37:00,2011-11-04 14:37:00,1,70,71.66,71.66,70.0,7.0,Retail,3,1,1,311,Average Customer,Active,34.0,United Kingdom,71.66,2011-11
13939,2010-04-06 12:43:00,2011-11-16 13:33:00,7,1608,1560.96,222.99428571428572,229.71428571428572,15.714285714285714,Retail,3,3,3,333,Best Customer,Active,22.0,United Kingdom,1560.96,2010-04
13940,2011-07-18 16:05:00,2011-11-22 15:15:00,4,516,839.14,209.785,129.0,12.25,Retail,3,2,2,322,Loyal Customer,Active,16.0,United Kingdom,839.14,2011-07
13941,2009-12-16 16:10:00,2011-11-18 09:43:00,15,4782,10027.18,668.4786666666666,318.8,6.266666666666667,Retail,3,3,3,333,Best Customer,Active,21.0,United Kingdom,10027.18,2009-12
13942,2010-06-23 12:35:00,2010-06-23 12:35:00,1,1000,320.0,320.0,1000.0,1.0,Wholesale,,,,,,,,,,
13943,2010-05-11 11:30:00,2010-05-11 11:30:00,1,94,246.54,246.54,94.0,15.0,Retail,1,1,1,111,At Risk / Lost Customer,Churned,577.0,United Kingdom,246.54,2010-05
13944,2010-02-24 15:02:00,2010-02-24 15:02:00,1,153,200.43,200.43,153.0,35.0,Retail,1,1,1,111,At Risk / Lost Customer,Churned,652.0,United Kingdom,200.43,2010-02
13945,2010-08-17 09:59:00,2010-11-10 10:00:00,2,413,854.15,427.075,206.5,25.5,Retail,1,1,2,112,At Risk / Lost Customer,Churned,394.0,United Kingdom,854.15,2010-08
13946,2009-12-04 11:07:00,2011-09-21 13:33:00,6,2847,1876.23,312.705,474.5,9.333333333333334,Retail,2,3,3,233,Loyal Customer,Active,78.0,United Kingdom,1876.23,2009-12
13947,2011-10-05 14:42:00,2011-10-05 14:42:00,1,44,90.6,90.6,44.0,5.0,Retail,2,1,1,211,At Risk / Lost Customer,Active,64.0,United Kingdom,90.6,2011-10
13948,2009-12-04 12:14:00,2010-12-14 10:18:00,4,248,548.76,137.19,62.0,6.0,Retail,1,2,2,122,Average Customer,Churned,360.0,United Kingdom,548.76,2009-12
13949,2011-09-06 11:55:00,2011-12-07 09:35:00,6,2474,2427.32,404.55333333333334,412.3333333333333,26.666666666666668,Retail,3,3,3,333,Best Customer,Active,2.0,United Kingdom,2427.32,2011-09
13950,2011-04-07 11:29:00,2011-11-28 14:44:00,4,323,745.06,186.265,80.75,8.75,Retail,3,2,2,322,Loyal Customer,Active,10.0,United Kingdom,745.06,2011-04
13951,2011-02-18 15:21:00,2011-06-16 16:43:00,3,459,674.45,224.8166666666667,153.0,13.0,Retail,2,2,2,222,Average Customer,Churned,175.0,United Kingdom,674.45,2011-02
13952,2009-12-16 09:41:00,2011-05-06 09:00:00,14,5947,12823.521,915.9657857142857,424.7857142857143,29.214285714285715,Retail,2,3,3,233,Loyal Customer,Churned,217.0,United Kingdom,12823.521,2009-12
13953,2009-12-11 12:58:00,2011-12-02 16:04:00,12,5224,6640.68,553.39,435.3333333333333,2.0833333333333335,Retail,3,3,3,333,Best Customer,Active,6.0,United Kingdom,6640.68,2009-12
13954,2011-09-30 10:52:00,2011-12-08 12:50:00,2,150,439.92,219.96,75.0,12.5,Retail,3,1,2,312,Average Customer,Active,1.0,United Kingdom,439.92,2011-09
13955,2010-11-29 17:35:00,2011-07-08 17:19:00,3,272,544.0699999999999,181.35666666666665,90.66666666666667,28.333333333333332,Retail,2,2,2,222,Average Customer,Churned,153.0,United Kingdom,544.0699999999999,2010-11
13956,2011-03-13 12:51:00,2011-12-04 13:20:00,5,486,1019.27,203.85399999999998,97.2,28.2,Retail,3,2,2,322,Loyal Customer,Active,4.0,United Kingdom,1019.27,2011-03
13957,2010-02-19 10:32:00,2010-10-18 10:02:00,3,157,458.25,152.75,52.333333333333336,9.0,Retail,1,2,2,122,Average Customer,Churned,417.0,United Kingdom,458.25,2010-02
13958,2009-12-05 13:12:00,2010-11-25 10:11:00,8,2264,4709.2300000000005,588.6537500000001,283.0,28.375,Retail,1,3,3,133,Loyal Customer,Churned,379.0,United Kingdom,4709.2300000000005,2009-12
13959,2010-07-16 15:11:00,2011-09-21 15:06:00,6,694,1064.77,177.46166666666667,115.66666666666667,25.5,Retail,2,3,2,232,Loyal Customer,Active,78.0,United Kingdom,1064.77,2010-07
13960,2011-09-29 12:39:00,2011-11-18 15:27:00,2,142,230.22,115.11,71.0,6.0,Retail,3,1,1,311,Average Customer,Active,20.0,United Kingdom,230.22,2011-09
13961,2010-11-12 14:40:00,2010-11-12 14:40:00,1,226,538.4,538.4,226.0,19.0,Retail,1,1,2,112,At Risk / Lost Customer,Churned,391.0,United Kingdom,538.4,2010-11
13962,2010-09-30 10:35:00,2011-11-18 08:47:00,3,160,362.8,120.93333333333334,53.333333333333336,7.666666666666667,Retail,3,2,1,321,Average Customer,Active,21.0,United Kingdom,362.8,2010-09
13963,2010-04-21 16:20:00,2011-02-04 14:43:00,17,2007,2860.57,168.26882352941178,118.05882352941177,9.705882352941176,Retail,1,3,3,133,Loyal Customer,Churned,307.0,United Kingdom,2860.57,2010-04
13964,2010-10-05 12:38:00,2010-11-17 13:53:00,2,228,438.9,219.45,114.0,12.0,Retail,1,1,2,112,At Risk / Lost Customer,Churned,386.0,United Kingdom,438.9,2010-10
13965,2010-01-05 15:21:00,2010-08-20 10:40:00,3,425,996.61,332.2033333333333,141.66666666666666,8.0,Retail,1,2,2,122,Average Customer,Churned,476.0,United Kingdom,996.61,2010-01
13966,2010-09-30 13:08:00,2010-09-30 13:08:00,1,760,384.26,384.26,760.0,21.0,Wholesale,,,,,,,,,,
13967,2010-11-08 13:24:00,2011-07-17 12:02:00,2,66,166.3,83.15,33.0,3.0,Retail,2,1,1,211,At Risk / Lost Customer,Churned,145.0,United Kingdom,166.3,2010-11
13968,2010-10-12 13:22:00,2010-10-12 13:22:00,1,174,123.66,123.66,174.0,8.0,Retail,1,1,1,111,At Risk / Lost Customer,Churned,422.0,United Kingdom,123.66,2010-10
13969,2010-03-25 13:15:00,2011-12-02 15:11:00,35,6640,12973.460000000001,370.67028571428574,189.71428571428572,29.97142857142857,Retail,3,3,3,333,Best Customer,Active,6.0,United Kingdom,12973.460000000001,2010-03
13970,2010-09-28 11:53:00,2010-11-18 13:21:00,2,469,846.55,423.275,234.5,6.5,Retail,1,1,2,112,At Risk / Lost Customer,Churned,385.0,United Kingdom,846.55,2010-09
13971,2010-01-26 09:51:00,2011-11-21 12:06:00,14,3084,4667.57,333.3978571428571,220.28571428571428,18.214285714285715,Retail,3,3,3,333,Best Customer,Active,18.0,United Kingdom,4667.57,2010-01
13972,2011-05-22 11:34:00,2011-09-30 11:54:00,2,187,190.25,95.125,93.5,7.5,Retail,2,1,1,211,At Risk / Lost Customer,Active,70.0,United Kingdom,190.25,2011-05
13973,2011-02-25 15:21:00,2011-02-25 15:21:00,1,109,264.7,264.7,109.0,11.0,Retail,1,1,1,111,At Risk / Lost Customer,Churned,286.0,United Kingdom,264.7,2011-02
13974,2010-05-06 17:55:00,2011-10-21 14:41:00,2,356,677.72,338.86,178.0,21.5,Retail,2,1,2,212,Average Customer,Active,48.0,United Kingdom,677.72,2010-05
13975,2010-02-02 13:13:00,2011-11-08 13:19:00,12,3884,5256.4,438.0333333333333,323.6666666666667,59.583333333333336,Wholesale,,,,,,,,,,
13976,2010-02-09 13:08:00,2011-05-17 09:13:00,4,452,1192.36,298.09,113.0,14.0,Retail,2,2,2,222,Average Customer,Churned,206.0,United Kingdom,1192.36,2010-02
13977,2010-10-24 14:08:00,2010-10-24 14:08:00,1,303,519.8100000000001,519.8100000000001,303.0,13.0,Retail,1,1,2,112,At Risk / Lost Customer,Churned,410.0,United Kingdom,519.8100000000001,2010-10
13978,2011-10-25 15:04:00,2011-11-25 11:36:00,2,315,196.79000000000002,98.39500000000001,157.5,7.5,Retail,3,1,1,311,Average Customer,Active,14.0,United Kingdom,196.79000000000002,2011-10
13979,2009-12-03 10:02:00,2011-09-27 13:32:00,7,2270,3379.93,482.84714285714284,324.2857142857143,54.714285714285715,Wholesale,,,,,,,,,,
13980,2010-02-21 14:18:00,2011-10-10 13:34:00,5,463,768.82,153.764,92.6,12.2,Retail,2,2,2,222,Average Customer,Active,59.0,United Kingdom,768.82,2010-02
13981,2010-10-20 10:03:00,2010-10-20 10:03:00,1,234,331.14,331.14,234.0,22.0,Retail,1,1,1,111,At Risk / Lost Customer,Churned,415.0,United Kingdom,331.14,2010-10
13982,2010-01-20 14:04:00,2011-10-31 16:24:00,9,2478,3954.29,439.36555555555555,275.3333333333333,24.11111111111111,Retail,3,3,3,333,Best Customer,Active,38.0,United Kingdom,3954.29,2010-01
13983,2009-12-09 13:53:00,2011-11-10 11:06:00,21,3925,6753.89,321.61380952380955,186.9047619047619,15.238095238095237,Retail,3,3,3,333,Best Customer,Active,29.0,United Kingdom,6753.89,2009-12
13984,2009-12-07 11:51:00,2011-11-13 12:38:00,12,1301,1893.8,157.81666666666666,108.41666666666667,7.083333333333333,Retail,3,3,3,333,Best Customer,Active,26.0,United Kingdom,1893.8,2009-12
13985,2010-02-09 13:56:00,2011-12-05 17:06:00,22,4938,10020.86,455.49363636363637,224.45454545454547,21.863636363636363,Retail,3,3,3,333,Best Customer,Active,3.0,United Kingdom,10020.86,2010-02
13986,2011-11-22 15:00:00,2011-11-22 15:00:00,1,430,320.46,320.46,430.0,12.0,Retail,3,1,1,311,Average Customer,Active,16.0,United Kingdom,320.46,2011-11
13987,2010-11-04 09:54:00,2010-11-25 10:20:00,2,492,682.54,341.27,246.0,23.0,Retail,1,1,2,112,At Risk / Lost Customer,Churned,379.0,United Kingdom,682.54,2010-11
13988,2010-03-24 11:05:00,2011-11-20 10:15:00,8,3385,4757.8,594.725,423.125,36.25,Retail,3,3,3,333,Best Customer,Active,19.0,United Kingdom,4757.8,2010-03
13989,2010-05-25 12:13:00,2011-10-05 09:47:00,5,2207,2026.06,405.212,441.4,17.2,Retail,2,2,3,223,Loyal Customer,Active,65.0,United Kingdom,2026.06,2010-05
13990,2011-05-10 15:19:00,2011-05-10 15:19:00,1,190,311.3,311.3,190.0,16.0,Retail,2,1,1,211,At Risk / Lost Customer,Churned,212.0,United Kingdom,311.3,2011-05
13991,2011-07-19 12:58:00,2011-11-27 16:18:00,6,995,852.88,142.14666666666668,165.83333333333334,13.333333333333334,Retail,3,3,2,332,Loyal Customer,Active,11.0,United Kingdom,852.88,2011-07
13992,2010-09-02 17:04:00,2011-11-09 15:23:00,3,154,219.5,73.16666666666667,51.333333333333336,3.6666666666666665,Retail,3,2,1,321,Average Customer,Active,29.0,United Kingdom,219.5,2010-09
13993,2009-12-03 11:57:00,2011-10-28 09:06:00,19,2135,6775.71,356.6163157894737,112.36842105263158,13.736842105263158,Retail,3,3,3,333,Best Customer,Active,42.0,United Kingdom,6775.71,2009-12
13994,2011-07-14 18:28:00,2011-12-06 11:05:00,6,932,2274.14,379.0233333333333,155.33333333333334,24.0,Retail,3,3,3,333,Best Customer,Active,3.0,United Kingdom,2274.14,2011-07
13995,2009-12-18 12:43:00,2011-11-24 14:22:00,14,2359,3902.01,278.71500000000003,168.5,16.428571428571427,Retail,3,3,3,333,Best Customer,Active,14.0,United Kingdom,3902.01,2009-12
13996,2010-11-05 15:07:00,2010-11-18 16:27:00,2,613,895.76,447.88,306.5,16.5,Retail,1,1,2,112,At Risk / Lost Customer,Churned,385.0,United Kingdom,895.76,2010-11
13997,2010-06-07 17:33:00,2010-07-08 18:06:00,3,143,376.46,125.48666666666666,47.666666666666664,14.666666666666666,Retail,1,2,1,121,At Risk / Lost Customer,Churned,518.0,United Kingdom,376.46,2010-06
13998,2010-05-12 13:18:00,2010-09-19 10:20:00,3,204,566.7,188.9,68.0,10.333333333333334,Retail,1,2,2,122,Average Customer,Churned,446.0,United Kingdom,566.7,2010-05
13999,2009-12-05 12:42:00,2011-11-29 13:40:00,29,5043,9502.26,327.6641379310345,173.89655172413794,16.06896551724138,Retail,3,3,3,333,Best Customer,Active,9.0,United Kingdom,9502.26,2009-12
14000,2009-12-02 09:50:00,2011-05-12 16:50:00,5,1838,2046.3400000000001,409.26800000000003,367.6,9.8,Retail,2,2,3,223,Loyal Customer,Churned,210.0,United Kingdom,2046.3400000000001,2009-12
14001,2010-08-03 12:49:00,2011-10-25 10:31:00,9,1779,4228.85,469.87222222222226,197.66666666666666,11.444444444444445,Retail,2,3,3,233,Loyal Customer,Active,45.0,United Kingdom,4228.85,2010-08
14002,2011-07-06 14:59:00,2011-07-28 15:55:00,2,877,529.73,264.865,438.5,23.5,Retail,2,1,2,212,Average Customer,Active,133.0,United Kingdom,529.73,2011-07
14003,2009-12-07 08:53:00,2009-12-07 08:53:00,1,149,209.41,209.41,149.0,16.0,Retail,1,1,1,111,At Risk / Lost Customer,Churned,732.0,United Kingdom,209.41,2009-12
14004,2010-09-30 09:39:00,2011-10-27 14:40:00,11,3425,6258.45,568.9499999999999,311.3636363636364,21.90909090909091,Retail,3,3,3,333,Best Customer,Active,42.0,United Kingdom,6258.45,2010-09
14005,2011-05-08 10:33:00,2011-11-30 12:41:00,5,2478,2874.72,574.944,495.6,16.8,Retail,3,2,3,323,Loyal Customer,Active,9.0,United Kingdom,2874.72,2011-05
14006,2010-02-25 09:45:00,2011-08-16 09:39:00,7,2181,2196.67,313.81,311.57142857142856,11.0,Retail,2,3,3,233,Loyal Customer,Active,115.0,United Kingdom,2196.67,2010-02
14007,2010-07-15 09:06:00,2010-07-15 09:06:00,1,16,79.48,79.48,16.0,5.0,Retail,1,1,1,111,At Risk / Lost Customer,Churned,512.0,United Kingdom,79.48,2010-07
14008,2010-10-03 13:09:00,2010-10-03 13:09:00,1,326,509.04,509.04,326.0,32.0,Retail,1,1,2,112,At Risk / Lost Customer,Churned,431.0,United Kingdom,509.04,2010-10
14009,2010-09-03 12:08:00,2011-05-25 15:47:00,3,951,1099.91,366.6366666666667,317.0,24.666666666666668,Retail,2,2,2,222,Average Customer,Churned,197.0,United Kingdom,1099.91,2010-09
14010,2010-05-23 12:46:00,2010-05-23 13:00:00,2,177,445.15,222.575,88.5,11.5,Retail,1,1,2,112,At Risk / Lost Customer,Churned,564.0,United Kingdom,445.15,2010-05
14011,2010-04-11 13:40:00,2010-08-16 15:31:00,2,644,457.82,228.91,322.0,16.0,Retail,1,1,2,112,At Risk / Lost Customer,Churned,479.0,United Kingdom,457.82,2010-04
14012,2011-03-07 12:26:00,2011-03-07 12:26:00,1,160,328.8,328.8,160.0,11.0,Retail,1,1,1,111,At Risk / Lost Customer,Churned,277.0,United Kingdom,328.8,2011-03
14013,2010-03-26 10:02:00,2011-08-21 15:01:00,5,775,1084.57,216.914,155.0,13.6,Retail,2,2,2,222,Average Customer,Active,109.0,United Kingdom,1084.57,2010-03
14014,2010-05-12 09:04:00,2011-09-23 13:18:00,3,2004,1948.21,649.4033333333333,668.0,25.333333333333332,Wholesale,,,,,,,,,,
14015,2011-10-18 10:02:00,2011-10-18 10:02:00,1,378,917.34,917.34,378.0,20.0,Retail,2,1,2,212,Average Customer,Active,52.0,United Kingdom,917.34,2011-10
14016,2010-01-08 14:12:00,2011-07-01 11:29:00,11,5722,11403.41,1036.6736363636364,520.1818181818181,40.72727272727273,Wholesale,,,,,,,,,,
14017,2010-05-17 14:52:00,2010-05-17 14:52:00,1,73,229.75,229.75,73.0,14.0,Retail,1,1,1,111,At Risk / Lost Customer,Churned,570.0,United Kingdom,229.75,2010-05
14018,2010-03-04 14:23:00,2010-03-04 14:23:00,1,224,367.15000000000003,367.15000000000003,224.0,13.0,Retail,1,1,1,111,At Risk / Lost Customer,Churned,644.0,United Kingdom,367.15000000000003,2010-03
14019,2011-07-24 15:39:00,2011-10-24 10:13:00,3,1037,1421.61,473.86999999999995,345.6666666666667,22.0,Retail,2,2,3,223,Loyal Customer,Active,46.0,United Kingdom,1421.61,2011-07
14020,2010-06-28 15:29:00,2011-11-23 09:22:00,4,648,1249.01,312.2525,162.0,18.0,Retail,3,2,2,322,Loyal Customer,Active,16.0,United Kingdom,1249.01,2010-06
14021,2010-04-26 11:22:00,2011-07-07 15:46:00,7,878,1716.58,245.22571428571428,125.42857142857143,12.857142857142858,Retail,2,3,3,233,Loyal Customer,Churned,154.0,United Kingdom,1716.58,2010-04
14022,2010-08-10 09:38:00,2011-04-28 14:39:00,2,681,792.15,396.075,340.5,23.5,Retail,2,1,2,212,Average Customer,Churned,224.0,United Kingdom,792.15,2010-08
14023,2011-04-03 15:50:00,2011-12-02 13:58:00,2,345,584.07,292.035,172.5,15.5,Retail,3,1,2,312,Average Customer,Active,6.0,United Kingdom,584.07,2011-04
14024,2010-11-14 10:51:00,2011-08-10 11:30:00,3,238,645.74,215.24666666666667,79.33333333333333,11.333333333333334,Retail,2,2,2,222,Average Customer,Active,121.0,United Kingdom,645.74,2010-11
14025,2010-05-05 09:56:00,2010-09-01 10:11:00,8,1920,4057.9,507.2375,240.0,12.375,Retail,1,3,3,133,Loyal Customer,Churned,464.0,United Kingdom,4057.9,2010-05
14026,2010-03-24 14:10:00,2010-08-26 10:31:00,2,427,713.11,356.555,213.5,25.0,Retail,1,1,2,112,At Risk / Lost Customer,Churned,470.0,United Kingdom,713.11,2010-03
14027,2011-10-10 09:01:00,2011-10-10 09:01:00,1,62,104.82,104.82,62.0,6.0,Retail,2,1,1,211,At Risk / Lost Customer,Active,60.0,United Kingdom,104.82,2011-10
14028,2010-06-07 12:02:00,2010-06-07 13:33:00,3,7170,10396.5,3465.5,2390.0,3.0,Wholesale,,,,,,,,,,
14029,2011-07-18 16:57:00,2011-10-07 14:46:00,2,198,467.66,233.83,99.0,7.5,Retail,2,1,2,212,Average Customer,Active,62.0,United Kingdom,467.66,2011-07
14030,2009-12-10 17:27:00,2011-11-21 16:48:00,20,4215,7521.8,376.09000000000003,210.75,40.7,Retail,3,3,3,333,Best Customer,Active,17.0,United Kingdom,7521.8,2009-12
14031,2009-12-03 15:35:00,2011-12-02 17:13:00,44,13783,39019.51,886.8070454545455,313.25,16.931818181818183,Retail,3,3,3,333,Best Customer,Active,6.0,United Kingdom,39019.51,2009-12
14032,2009-12-14 12:02:00,2011-12-07 15:23:00,16,3740,4546.41,284.150625,233.75,14.375,Retail,3,3,3,333,Best Customer,Active,1.0,United Kingdom,4546.41,2009-12
14033,2010-06-02 15:10:00,2010-06-02 15:10:00,1,576,109.44,109.44,576.0,1.0,Wholesale,,,,,,,,,,
14034,2011-07-05 13:06:00,2011-11-17 14:02:00,3,420,648.89,216.29666666666665,140.0,28.0,Retail,3,2,2,322,Loyal Customer,Active,21.0,United Kingdom,648.89,2011-07
14035,2010-04-06 12:39:00,2011-11-11 10:03:00,9,1405,2794.75,310.52777777777777,156.11111111111111,15.555555555555555,Retail,3,3,3,333,Best Customer,Active,28.0,United Kingdom,2794.75,2010-04
14036,2011-02-28 09:26:00,2011-02-28 09:26:00,1,268,626.65,626.65,268.0,38.0,Retail,1,1,2,112,At Risk / Lost Customer,Churned,284.0,United Kingdom,626.65,2011-02
14037,2009-12-07 11:39:00,2011-06-16 13:57:00,6,590,836.95,139.49166666666667,98.33333333333333,19.0,Retail,2,3,2,232,Loyal Customer,Churned,175.0,United Kingdom,836.95,2009-12
14038,2010-02-04 08:56:00,2011-09-22 13:37:00,5,1708,3069.88,613.976,341.6,32.2,Retail,2,2,3,223,Loyal Customer,Active,77.0,United Kingdom,3069.88,2010-02
14039,2010-05-13 10:15:00,2011-11-06 13:48:00,2,192,267.28000000000003,133.64000000000001,96.0,5.0,Retail,3,1,1,311,Average Customer,Active,32.0,United Kingdom,267.28000000000003,2010-05
14040,2009-12-01 12:14:00,2011-10-30 12:42:00,35,4972,12523.81,357.82314285714284,142.05714285714285,21.6,Retail,3,3,3,333,Best Customer,Active,40.0,United Kingdom,12523.81,2009-12
14041,2011-03-18 13:25:00,2011-03-18 13:25:00,1,94,141.41,141.41,94.0,21.0,Retail,2,1,1,211,At Risk / Lost Customer,Churned,265.0,United Kingdom,141.41,2011-03
14042,2009-12-14 15:07:00,2009-12-14 15:07:00,1,180,431.98,431.98,180.0,21.0,Retail,1,1,2,112,At Risk / Lost Customer,Churned,724.0,United Kingdom,431.98,2009-12
14043,2009-12-10 15:56:00,2010-08-05 18:18:00,2,152,302.6,151.3,76.0,19.5,Retail,1,1,1,111,At Risk / Lost Customer,Churned,490.0,United Kingdom,302.6,2009-12
14044,2010-01-24 15:14:00,2011-11-13 12:05:00,10,2100,3077.7,307.77,210.0,81.2,Wholesale,,,,,,,,,,
14045,2010-01-08 10:08:00,2011-08-22 15:27:00,16,4461,10986.63,686.664375,278.8125,2.375,Retail,2,3,3,233,Loyal Customer,Active,108.0,United Kingdom,10986.63,2010-01
14046,2011-02-28 14:48:00,2011-02-28 14:48:00,1,460,154.99,154.99,460.0,14.0,Retail,1,1,1,111,At Risk / Lost Customer,Churned,283.0,United Kingdom,154.99,2011-02
14047,2010-02-01 10:05:00,2011-12-01 11:43:00,14,1541,3968.11,283.43642857142856,110.07142857142857,10.857142857142858,Retail,3,3,3,333,Best Customer,Active,8.0,United Kingdom,3968.11,2010-02
14048,2010-11-22 14:08:00,2011-02-07 14:53:00,3,467,748.69,249.56333333333336,155.66666666666666,46.0,Retail,1,2,2,122,Average Customer,Churned,304.0,United Kingdom,748.69,2010-11
14049,2010-04-01 14:52:00,2011-11-23 12:20:00,13,8480,13023.4,1001.8,652.3076923076923,81.15384615384616,Wholesale,,,,,,,,,,
14050,2011-08-25 13:46:00,2011-11-08 10:00:00,2,689,746.36,373.18,344.5,27.0,Retail,3,1,2,312,Average Customer,Active,31.0,United Kingdom,746.36,2011-08
14051,2009-12-03 11:53:00,2011-12-09 10:20:00,37,5709,21770.98,588.4048648648649,154.2972972972973,8.567567567567568,Retail,3,3,3,333,Best Customer,Active,0.0,United Kingdom,21770.98,2009-12
14052,2010-11-14 11:37:00,2011-11-20 12:30:00,2,174,466.66,233.33,87.0,60.5,Wholesale,,,,,,,,,,
14053,2010-08-10 11:02:00,2011-08-07 14:27:00,4,490,572.3,143.075,122.5,2.0,Retail,2,2,2,222,Average Customer,Active,123.0,United Kingdom,572.3,2010-08
14054,2011-10-05 15:49:00,2011-10-05 15:49:00,1,62,92.46,92.46,62.0,6.0,Retail,2,1,1,211,At Risk / Lost Customer,Active,64.0,United Kingdom,92.46,2011-10
14055,2009-12-16 15:11:00,2011-08-25 15:04:00,3,720,1520.96,506.9866666666667,240.0,11.0,Retail,2,2,3,223,Loyal Customer,Active,105.0,United Kingdom,1520.96,2009-12
14056,2011-02-28 15:19:00,2011-12-08 13:36:00,23,4252,8152.71,354.46565217391304,184.8695652173913,46.34782608695652,Retail,3,3,3,333,Best Customer,Active,0.0,United Kingdom,8152.71,2011-02
14057,2009-12-03 13:17:00,2011-11-16 10:32:00,22,6438,8346.66,379.39363636363635,292.6363636363636,20.136363636363637,Retail,3,3,3,333,Best Customer,Active,23.0,United Kingdom,8346.66,2009-12
14058,2010-06-27 11:29:00,2010-09-03 09:31:00,2,211,469.19,234.595,105.5,12.0,Retail,1,1,2,112,At Risk / Lost Customer,Churned,462.0,United Kingdom,469.19,2010-06
14059,2011-03-18 10:06:00,2011-03-18 10:06:00,1,128,183.6,183.6,128.0,8.0,Retail,2,1,1,211,At Risk / Lost Customer,Churned,266.0,United Kingdom,183.6,2011-03
14060,2010-03-11 09:47:00,2011-12-05 12:29:00,30,7419,8898.24,296.608,247.3,8.6,Retail,3,3,3,333,Best Customer,Active,4.0,United Kingdom,8898.24,2010-03
14061,2009-12-01 18:03:00,2010-07-20 17:22:00,3,133,917.4300000000001,305.81,44.333333333333336,6.333333333333333,Retail,1,2,2,122,Average Customer,Churned,506.0,United Kingdom,917.4300000000001,2009-12
14062,2009-12-10 14:28:00,2011-11-30 10:04:00,24,12794,25585.65,1066.0687500000001,533.0833333333334,14.083333333333334,Wholesale,,,,,,,,,,
14063,2009-12-08 13:46:00,2010-09-27 16:18:00,9,3850,22710.2,2523.355555555556,427.77777777777777,4.444444444444445,Retail,1,3,3,133,Loyal Customer,Churned,437.0,United Kingdom,22710.2,2009-12
14064,2010-01-21 13:22:00,2011-11-10 13:14:00,15,3911,3260.24,217.3493333333333,260.73333333333335,14.6,Retail,3,3,3,333,Best Customer,Active,28.0,United Kingdom,3260.24,2010-01
14065,2010-10-04 12:03:00,2010-11-15 16:13:00,3,582,891.02,297.00666666666666,194.0,16.333333333333332,Retail,1,2,2,122,Average Customer,Churned,388.0,United Kingdom,891.02,2010-10
14066,2011-03-18 12:21:00,2011-03-18 12:21:00,1,45,152.55,152.55,45.0,7.0,Retail,2,1,1,211,At Risk / Lost Customer,Churned,266.0,United Kingdom,152.55,2011-03
14067,2011-09-04 12:00:00,2011-10-07 10:21:00,2,361,374.7,187.35,180.5,26.0,Retail,2,1,1,211,At Risk / Lost Customer,Active,63.0,United Kingdom,374.7,2011-09
14068,2010-01-31 10:10:00,2011-01-23 16:02:00,4,510,1516.72,379.18,127.5,26.25,Retail,1,2,3,123,Average Customer,Churned,319.0,United Kingdom,1516.72,2010-01
14069,2010-05-27 12:30:00,2010-07-13 12:12:00,2,58,225.81,112.905,29.0,20.5,Retail,1,1,1,111,At Risk / Lost Customer,Churned,514.0,United Kingdom,225.81,2010-05
14070,2010-01-24 12:27:00,2010-01-24 12:27:00,1,85,321.6,321.6,85.0,40.0,Retail,1,1,1,111,At Risk / Lost Customer,Churned,684.0,United Kingdom,321.6,2010-01
14071,2011-03-20 11:33:00,2011-12-06 12:27:00,8,994,1437.57,179.69625,124.25,40.125,Retail,3,3,3,333,Best Customer,Active,3.0,United Kingdom,1437.57,2011-03
14072,2010-02-11 12:31:00,2010-02-11 12:31:00,1,65,390.85,390.85,65.0,19.0,Retail,1,1,1,111,At Risk / Lost Customer,Churned,666.0,United Kingdom,390.85,2010-02
14073,2011-11-07 15:49:00,2011-11-07 15:49:00,1,130,151.04,151.04,130.0,13.0,Retail,3,1,1,311,Average Customer,Active,31.0,United Kingdom,151.04,2011-11
14074,2010-03-26 13:55:00,2010-03-26 13:55:00,1,228,219.39999999999998,219.39999999999998,228.0,6.0,Retail,1,1,1,111,At Risk / Lost Customer,Churned,622.0,United Kingdom,219.39999999999998,2010-03
14075,2010-06-16 14:47:00,2011-12-05 08:38:00,6,1494,1734.87,289.145,249.0,13.5,Retail,3,3,3,333,Best Customer,Active,4.0,United Kingdom,1734.87,2010-06
14076,2011-08-02 15:19:00,2011-08-02 15:19:00,1,79,118.67,118.67,79.0,43.0,Retail,2,1,1,211,At Risk / Lost Customer,Active,128.0,United Kingdom,118.67,2011-08
14077,2010-11-09 16:01:00,2011-10-30 12:35:00,6,376,615.0799999999999,102.51333333333332,62.666666666666664,9.333333333333334,Retail,3,3,2,332,Loyal Customer,Active,40.0,United Kingdom,615.0799999999999,2010-11
14078,2010-03-28 15:05:00,2011-08-30 12:16:00,9,586,1553.47,172.60777777777778,65.11111111111111,16.22222222222222,Retail,2,3,3,233,Loyal Customer,Active,101.0,United Kingdom,1553.47,2010-03
14079,2010-01-26 17:19:00,2011-08-07 12:10:00,2,302,618.73,309.365,151.0,6.5,Retail,2,1,2,212,Average Customer,Active,124.0,United Kingdom,618.73,2010-01
14080,2009-12-02 15:01:00,2011-11-07 11:09:00,5,268,1115.68,223.13600000000002,53.6,16.6,Retail,3,2,2,322,Loyal Customer,Active,32.0,United Kingdom,1115.68,2009-12
14081,2009-12-10 18:27:00,2011-02-10 16:17:00,10,3381,4867.57,486.75699999999995,338.1,81.5,Wholesale,,,,,,,,,,
14082,2010-11-12 11:47:00,2010-12-10 11:02:00,2,246,413.36,206.68,123.0,32.0,Retail,1,1,1,111,At Risk / Lost Customer,Churned,364.0,United Kingdom,413.36,2010-11
14083,2009-12-18 11:34:00,2011-12-05 13:14:00,11,760,1082.19,98.3809090909091,69.0909090909091,16.818181818181817,Retail,3,3,2,332,Loyal Customer,Active,3.0,United Kingdom,1082.19,2009-12
14084,2010-07-15 14:36:00,2010-07-15 14:36:00,1,306,150.5,150.5,306.0,7.0,Retail,1,1,1,111,At Risk / Lost Customer,Churned,511.0,United Kingdom,150.5,2010-07
14085,2009-12-08 13:41:00,2011-12-07 13:46:00,33,6434,9720.67,294.5657575757576,194.96969696969697,31.333333333333332,Retail,3,3,3,333,Best Customer,Active,1.0,United Kingdom,9720.67,2009-12
14086,2010-09-03 10:52:00,2010-09-03 10:52:00,1,1,39.95,39.95,1.0,1.0,Retail,1,1,1,111,At Risk / Lost Customer,Churned,462.0,United Kingdom,39.95,2010-09
14087,2009-12-04 15:27:00,2011-12-07 12:41:00,3,718,829.47,276.49,239.33333333333334,66.0,Wholesale,,,,,,,,,,
14088,2010-10-14 19:46:00,2011-11-29 16:16:00,16,15276,64036.8,4002.3,954.75,42.625,Wholesale,,,,,,,,,,
14089,2011-10-14 10:38:00,2011-10-14 10:38:00,1,133,158.75,158.75,133.0,13.0,Retail,2,1,1,211,At Risk / Lost Customer,Active,56.0,United Kingdom,158.75,2011-10
14090,2011-01-19 10:51:00,2011-01-19 10:51:00,1,72,76.32000000000001,76.32000000000001,72.0,1.0,Retail,1,1,1,111,At Risk / Lost Customer,Churned,324.0,United Kingdom,76.32000000000001,2011-01
14091,2010-01-10 13:41:00,2010-02-23 15:17:00,2,3316,9530.08,4765.04,1658.0,6.5,Wholesale,,,,,,,,,,
14092,2009-12-16 16:24:00,2011-12-02 12:13:00,24,3606,7229.45,301.2270833333333,150.25,15.541666666666666,Retail,3,3,3,333,Best Customer,Active,7.0,United Kingdom,7229.45,2009-12
14093,2011-11-27 16:27:00,2011-11-27 16:27:00,1,391,433.86,433.86,391.0,95.0,Wholesale,,,,,,,,,,
14094,2010-09-26 11:58:00,2010-09-26 11:58:00,1,158,311.77,311.77,158.0,41.0,Retail,1,1,1,111,At Risk / Lost Customer,Churned,439.0,United Kingdom,311.77,2010-09
14095,2009-12-17 12:49:00,2009-12-17 12:49:00,1,1,2.95,2.95,1.0,1.0,Retail,1,1,1,111,At Risk / Lost Customer,Churned,722.0,United Kingdom,2.95,2009-12
14096,2011-08-30 10:49:00,2011-12-05 17:17:00,17,16352,65164.79,3833.2229411764706,961.8823529411765,298.8235294117647,Wholesale,,,,,,,,,,
14097,2010-03-04 10:46:00,2010-08-15 14:20:00,2,352,422.85999999999996,211.42999999999998,176.0,20.0,Retail,1,1,2,112,At Risk / Lost Customer,Churned,480.0,United Kingdom,422.85999999999996,2010-03
14098,2011-11-03 10:13:00,2011-11-03 10:13:00,1,104,147.35,147.35,104.0,21.0,Retail,3,1,1,311,Average Customer,Active,36.0,United Kingdom,147.35,2011-11
14099,2009-12-10 11:55:00,2011-11-23 13:53:00,20,3666,5750.91,287.5455,183.3,25.9,Retail,3,3,3,333,Best Customer,Active,15.0,United Kingdom,5750.91,2009-12
14100,2011-07-25 11:01:00,2011-07-25 11:01:00,1,63,191.95000000000002,191.95000000000002,63.0,24.0,Retail,2,1,1,211,At Risk / Lost Customer,Active,137.0,United Kingdom,191.95000000000002,2011-07
14101,2010-03-28 13:36:00,2011-09-27 12:28:00,13,10542,9961.93,766.3023076923077,810.9230769230769,6.923076923076923,Wholesale,,,,,,,,,,
14102,2011-10-26 12:46:00,2011-12-04 15:38:00,5,769,1105.8799999999999,221.176,153.8,11.2,Retail,3,2,2,322,Loyal Customer,Active,4.0,United Kingdom,1105.8799999999999,2011-10
14103,2010-02-12 14:58:00,2010-02-12 14:58:00,1,5,0.0,0.0,5.0,1.0,Retail,1,1,1,111,At Risk / Lost Customer,Churned,664.0,United Kingdom,0.0,2010-02
14104,2010-05-28 16:11:00,2011-07-08 12:50:00,5,496,743.53,148.706,99.2,25.8,Retail,2,2,2,222,Average Customer,Churned,154.0,United Kingdom,743.53,2010-05
14105,2009-12-18 16:57:00,2011-04-14 17:58:00,5,3534,5988.83,1197.766,706.8,55.8,Wholesale,,,,,,,,,,
14106,2009-12-02 14:09:00,2009-12-02 14:09:00,1,24,214.79999999999998,214.79999999999998,24.0,1.0,Retail,1,1,1,111,At Risk / Lost Customer,Churned,736.0,United Kingdom,214.79999999999998,2009-12
14107,2009-12-09 14:20:00,2011-10-19 12:12:00,11,3489,4877.3,443.39090909090913,317.1818181818182,21.454545454545453,Retail,2,3,3,233,Loyal Customer,Active,51.0,United Kingdom,4877.3,2009-12
14108,2009-12-01 18:07:00,2011-11-09 10:41:00,4,673,1044.96,261.24,168.25,13.5,Retail,3,2,2,322,Loyal Customer,Active,30.0,United Kingdom,1044.96,2009-12
14109,2011-09-28 10:18:00,2011-09-28 10:18:00,1,88,144.2,144.2,88.0,9.0,Retail,2,1,1,211,At Risk / Lost Customer,Active,72.0,United Kingdom,144.2,2011-09
14110,2009-12-01 09:50:00,2011-12-06 12:26:00,33,5837,12987.95,393.57424242424247,176.87878787878788,12.121212121212121,Retail,3,3,3,333,Best Customer,Active,3.0,United Kingdom,12987.95,2009-12
14111,2011-04-12 11:36:00,2011-11-25 13:44:00,4,458,692.85,173.2125,114.5,2.5,Retail,3,2,2,322,Loyal Customer,Active,13.0,United Kingdom,692.85,2011-04
14112,2010-02-23 14:16:00,2011-11-17 12:30:00,13,3539,5834.59,448.8146153846154,272.2307692307692,25.076923076923077,Retail,3,3,3,333,Best Customer,Active,22.0,United Kingdom,5834.59,2010-02
14113,2009-12-08 07:42:00,2011-12-06 12:18:00,16,3439,7092.610000000001,443.28812500000004,214.9375,7.625,Retail,3,3,3,333,Best Customer,Active,3.0,United Kingdom,7092.610000000001,2009-12
14114,2010-04-12 11:07:00,2011-03-11 09:42:00,7,650,1364.09,194.86999999999998,92.85714285714286,10.571428571428571,Retail,1,3,2,132,Average Customer,Churned,273.0,United Kingdom,1364.09,2010-04
14115,2010-02-11 11:44:00,2010-07-26 12:36:00,2,509,622.6700000000001,311.33500000000004,254.5,11.0,Retail,1,1,2,112,At Risk / Lost Customer,Churned,501.0,United Kingdom,622.6700000000001,2010-02
14116,2011-08-10 12:44:00,2011-11-20 10:29:00,5,707,1382.74,276.548,141.4,14.4,Retail,3,2,2,322,Loyal Customer,Active,19.0,United Kingdom,1382.74,2011-08
14117,2011-07-19 09:49:00,2011-07-19 09:49:00,1,72,90.0,90.0,72.0,3.0,Retail,2,1,1,211,At Risk / Lost Customer,Churned,143.0,United Kingdom,90.0,2011-07
14118,2010-10-07 11:59:00,2010-10-07 11:59:00,1,97,458.45,458.45,97.0,15.0,Retail,1,1,2,112,At Risk / Lost Customer,Churned,428.0,United Kingdom,458.45,2010-10
14119,2009-12-21 14:52:00,2010-11-29 10:33:00,2,177,183.37,91.685,88.5,5.5,Retail,1,1,1,111,At Risk / Lost Customer,Churned,375.0,United Kingdom,183.37,2009-12
14121,2011-10-11 10:39:00,2011-12-06 12:19:00,4,2082,2780.15,695.0375,520.5,39.75,Wholesale,,,,,,,,,,
14122,2009-12-02 14:22:00,2010-10-29 15:11:00,3,114,362.42,120.80666666666667,38.0,4.333333333333333,Retail,1,2,1,121,At Risk / Lost Customer,Churned,405.0,United Kingdom,362.42,2009-12
14123,2009-12-06 15:35:00,2009-12-06 15:35:00,1,234,436.18,436.18,234.0,24.0,Retail,1,1,2,112,At Risk / Lost Customer,Churned,732.0,United Kingdom,436.18,2009-12
14124,2011-09-16 13:32:00,2011-09-16 13:32:00,1,1618,419.58000000000004,419.58000000000004,1618.0,4.0,Wholesale,,,,,,,,,,
14125,2011-09-22 15:40:00,2011-11-29 12:47:00,3,1628,2720.63,906.8766666666667,542.6666666666666,55.333333333333336,Wholesale,,,,,,,,,,
14126,2010-09-21 14:51:00,2011-12-02 11:45:00,4,887,1172.46,293.115,221.75,10.75,Retail,3,2,2,322,Loyal Customer,Active,7.0,United Kingdom,1172.46,2010-09
14127,2010-10-10 11:53:00,2011-08-09 10:49:00,6,828,1900.0800000000002,316.68,138.0,19.5,Retail,2,3,3,233,Loyal Customer,Active,122.0,United Kingdom,1900.0800000000002,2010-10
14128,2010-06-06 14:05:00,2011-10-10 12:00:00,3,814,924.21,308.07,271.3333333333333,21.666666666666668,Retail,2,2,2,222,Average Customer,Active,60.0,United Kingdom,924.21,2010-06
14129,2010-05-09 14:54:00,2011-12-08 11:02:00,9,1414,2591.34,287.9266666666667,157.11111111111111,12.11111111111111,Retail,3,3,3,333,Best Customer,Active,1.0,United Kingdom,2591.34,2010-05
14130,2009-12-11 16:33:00,2011-01-24 16:05:00,4,1215,1858.77,464.6925,303.75,54.75,Wholesale,,,,,,,,,,
14131,2010-03-01 11:59:00,2010-03-01 11:59:00,1,105,168.22,168.22,105.0,45.0,Retail,1,1,1,111,At Risk / Lost Customer,Churned,648.0,United Kingdom,168.22,2010-03
14132,2011-06-09 12:04:00,2011-12-07 13:35:00,11,3368,3586.0299999999997,326.00272727272727,306.1818181818182,18.181818181818183,Retail,3,3,3,333,Best Customer,Active,1.0,United Kingdom,3586.0299999999997,2011-06
14133,2009-12-06 12:10:00,2011-08-02 11:34:00,4,398,911.14,227.785,99.5,9.0,Retail,2,2,2,222,Average Customer,Active,129.0,United Kingdom,911.14,2009-12
14134,2009-12-10 09:25:00,2010-11-22 12:26:00,15,5814,11123.35,741.5566666666667,387.6,12.0,Retail,1,3,3,133,Loyal Customer,Churned,382.0,United Kingdom,11123.35,2009-12
14135,2009-12-02 08:58:00,2011-12-08 11:38:00,24,8534,8839.67,368.31958333333336,355.5833333333333,9.125,Retail,3,3,3,333,Best Customer,Active,1.0,United Kingdom,8839.67,2009-12
14136,2009-12-08 09:19:00,2010-11-04 11:53:00,5,1148,1570.81,314.162,229.6,21.2,Retail,1,2,3,123,Average Customer,Churned,400.0,United Kingdom,1570.81,2009-12
14137,2010-01-13 12:30:00,2010-01-13 12:30:00,1,462,332.7,332.7,462.0,11.0,Retail,1,1,1,111,At Risk / Lost Customer,Churned,695.0,United Kingdom,332.7,2010-01
14138,2011-10-07 09:38:00,2011-12-08 12:44:00,2,600,965.8800000000001,482.94000000000005,300.0,23.0,Retail,3,1,2,312,Average Customer,Active,1.0,United Kingdom,965.8800000000001,2011-10
14139,2010-06-15 09:17:00,2011-10-24 13:34:00,4,1049,1086.8,271.7,262.25,17.25,Retail,2,2,2,222,Average Customer,Active,45.0,United Kingdom,1086.8,2010-06
14140,2011-11-08 11:20:00,2011-12-06 09:05:00,2,811,935.05,467.525,405.5,33.0,Retail,3,1,2,312,Average Customer,Active,3.0,United Kingdom,935.05,2011-11
14141,2011-08-26 14:40:00,2011-12-07 09:53:00,4,355,915.13,228.7825,88.75,10.0,Retail,3,2,2,322,Loyal Customer,Active,2.0,United Kingdom,915.13,2011-08
14142,2010-03-03 15:13:00,2010-12-01 16:33:00,2,518,671.34,335.67,259.0,22.0,Retail,1,1,2,112,At Risk / Lost Customer,Churned,372.0,United Kingdom,671.34,2010-03
14143,2011-07-29 09:48:00,2011-07-29 09:48:00,1,30,115.8,115.8,30.0,7.0,Retail,2,1,1,211,At Risk / Lost Customer,Active,133.0,United Kingdom,115.8,2011-07
14144,2010-08-10 15:17:00,2010-08-10 15:17:00,1,12,30.599999999999998,30.599999999999998,12.0,1.0,Retail,1,1,1,111,At Risk / Lost Customer,Churned,485.0,United Kingdom,30.599999999999998,2010-08
14145,2010-04-08 09:47:00,2011-10-24 12:10:00,7,1655,7600.05,1085.7214285714285,236.42857142857142,3.5714285714285716,Retail,2,3,3,233,Loyal Customer,Active,46.0,United Kingdom,7600.05,2010-04
14146,2010-01-13 16:04:00,2011-12-01 10:18:00,12,5780,9450.3,787.525,481.6666666666667,38.0,Retail,3,3,3,333,Best Customer,Active,8.0,United Kingdom,9450.3,2010-01
14147,2010-03-09 13:43:00,2011-09-22 18:10:00,9,995,2590.2,287.79999999999995,110.55555555555556,3.3333333333333335,Retail,2,3,3,233,Loyal Customer,Active,77.0,United Kingdom,2590.2,2010-03
14148,2010-10-21 14:08:00,2011-04-20 12:02:00,2,223,466.29,233.145,111.5,8.5,Retail,2,1,2,212,Average Customer,Churned,233.0,United Kingdom,466.29,2010-10
14149,2011-05-03 09:44:00,2011-05-03 09:44:00,1,218,446.62,446.62,218.0,28.0,Retail,2,1,2,212,Average Customer,Churned,220.0,United Kingdom,446.62,2011-05
14150,2010-12-15 10:04:00,2011-11-04 10:05:00,2,496,658.64,329.32,248.0,13.0,Retail,3,1,2,312,Average Customer,Active,35.0,United Kingdom,658.64,2010-12
14151,2009-12-23 10:54:00,2010-02-04 15:35:00,2,405,679.45,339.725,202.5,22.0,Retail,1,1,2,112,At Risk / Lost Customer,Churned,672.0,United Kingdom,679.45,2009-12
14152,2010-02-18 13:57:00,2011-09-25 12:54:00,7,1844,1997.3400000000001,285.3342857142857,263.42857142857144,19.0,Retail,2,3,3,233,Loyal Customer,Active,74.0,United Kingdom,1997.3400000000001,2010-02
14153,2010-08-13 14:35:00,2010-08-13 14:35:00,1,312,233.4,233.4,312.0,17.0,Retail,1,1,1,111,At Risk / Lost Customer,Churned,482.0,United Kingdom,233.4,2010-08
14154,2010-01-13 12:47:00,2011-04-14 16:26:00,8,3222,6460.7,807.5875,402.75,36.5,Retail,2,3,3,233,Loyal Customer,Churned,238.0,United Kingdom,6460.7,2010-01
14155,2011-03-18 14:13:00,2011-03-18 14:13:00,1,25,118.75,118.75,25.0,6.0,Retail,2,1,1,211,At Risk / Lost Customer,Churned,265.0,United Kingdom,118.75,2011-03
14156,2009-12-01 12:30:00,2011-11-30 10:54:00,156,164325,313437.62,2009.2155128205127,1053.3653846153845,25.858974358974358,Wholesale,,,,,,,,,,
14157,2010-03-03 16:49:00,2011-11-20 11:32:00,5,521,978.69,195.738,104.2,16.6,Retail,3,2,2,322,Loyal Customer,Active,19.0,United Kingdom,978.69,2010-03
14158,2011-10-30 15:08:00,2011-10-30 15:08:00,1,781,507.66,507.66,781.0,41.0,Wholesale,,,,,,,,,,
14159,2009-12-03 12:31:00,2011-11-20 12:36:00,20,6520,7860.8,393.04,326.0,89.45,Wholesale,,,,,,,,,,
14160,2010-01-10 12:06:00,2010-04-08 14:30:00,7,4661,8421.47,1203.0671428571427,665.8571428571429,15.285714285714286,Wholesale,,,,,,,,,,
14161,2009-12-13 11:46:00,2011-05-08 11:41:00,7,1480,2996.93,428.1328571428571,211.42857142857142,38.57142857142857,Retail,2,3,3,233,Loyal Customer,Churned,215.0,United Kingdom,2996.93,2009-12
14162,2011-02-20 12:32:00,2011-06-19 11:36:00,2,142,289.36,144.68,71.0,12.5,Retail,2,1,1,211,At Risk / Lost Customer,Churned,173.0,United Kingdom,289.36,2011-02
14163,2010-09-03 17:15:00,2011-09-13 15:18:00,5,950,2594.62,518.924,190.0,11.6,Retail,2,2,3,223,Loyal Customer,Active,86.0,United Kingdom,2594.62,2010-09
14164,2011-09-20 12:18:00,2011-09-30 12:24:00,2,1033,1631.77,815.885,516.5,14.5,Wholesale,,,,,,,,,,
14165,2011-03-09 12:39:00,2011-03-09 12:39:00,1,53,120.44,120.44,53.0,23.0,Retail,1,1,1,111,At Risk / Lost Customer,Churned,275.0,United Kingdom,120.44,2011-03
14166,2010-03-23 15:10:00,2010-07-22 19:42:00,2,82,251.15,125.575,41.0,25.0,Retail,1,1,1,111,At Risk / Lost Customer,Churned,504.0,United Kingdom,251.15,2010-03
14167,2010-01-27 16:07:00,2011-10-31 14:29:00,8,340,1274.29,159.28625,42.5,13.375,Retail,3,3,2,332,Loyal Customer,Active,38.0,United Kingdom,1274.29,2010-01
14168,2010-05-24 12:28:00,2010-10-15 10:49:00,2,147,370.45,185.225,73.5,7.5,Retail,1,1,1,111,At Risk / Lost Customer,Churned,420.0,United Kingdom,370.45,2010-05
14169,2010-09-21 13:39:00,2010-10-05 08:45:00,2,205,621.51,310.755,102.5,30.0,Retail,1,1,2,112,At Risk / Lost Customer,Churned,430.0,United Kingdom,621.51,2010-09
14170,2010-11-09 14:06:00,2010-11-29 13:10:00,3,270,570.18,190.05999999999997,90.0,47.333333333333336,Retail,1,2,2,122,Average Customer,Churned,374.0,United Kingdom,570.18,2010-11
14171,2009-12-09 13:50:00,2011-09-02 16:43:00,2,211,498.79,249.395,105.5,31.5,Retail,2,1,2,212,Average Customer,Active,97.0,United Kingdom,498.79,2009-12
14172,2010-03-07 10:58:00,2010-04-13 13:26:00,3,78,369.02,123.00666666666666,26.0,14.666666666666666,Retail,1,2,1,121,At Risk / Lost Customer,Churned,604.0,United Kingdom,369.02,2010-03
14173,2009-12-09 12:46:00,2011-11-29 11:54:00,6,194,586.0,97.66666666666667,32.333333333333336,5.5,Retail,3,3,2,332,Loyal Customer,Active,10.0,United Kingdom,586.0,2009-12
14174,2011-11-06 13:17:00,2011-11-06 13:17:00,1,94,134.46,134.46,94.0,26.0,Retail,3,1,1,311,Average Customer,Active,32.0,United Kingdom,134.46,2011-11
14175,2010-03-22 10:43:00,2011-10-11 11:55:00,8,3009,7678.88,959.86,376.125,41.375,Retail,2,3,3,233,Loyal Customer,Active,59.0,United Kingdom,7678.88,2010-03
14176,2010-11-23 13:21:00,2011-02-15 13:12:00,5,265,756.46,151.292,53.0,7.4,Retail,1,2,2,122,Average Customer,Churned,296.0,United Kingdom,756.46,2010-11
14177,2010-02-26 11:59:00,2011-09-14 15:11:00,13,1043,2209.69,169.97615384615386,80.23076923076923,15.538461538461538,Retail,2,3,3,233,Loyal Customer,Active,85.0,United Kingdom,2209.69,2010-02
14178,2011-06-10 12:51:00,2011-12-01 12:01:00,7,1494,1600.26,228.60857142857142,213.42857142857142,44.142857142857146,Retail,3,3,3,333,Best Customer,Active,8.0,United Kingdom,1600.26,2011-06
14179,2011-10-18 14:00:00,2011-10-30 12:07:00,2,319,701.57,350.785,159.5,72.5,Wholesale,,,,,,,,,,
14180,2010-06-09 14:56:00,2011-11-29 10:56:00,33,847,6117.5,185.37878787878788,25.666666666666668,8.757575757575758,Retail,3,3,3,333,Best Customer,Active,10.0,United Kingdom,6117.5,2010-06
14181,2010-05-26 12:32:00,2010-10-25 08:27:00,2,120,308.35,154.175,60.0,26.0,Retail,1,1,1,111,At Risk / Lost Customer,Churned,410.0,United Kingdom,308.35,2010-05
14182,2010-04-22 15:36:00,2010-09-22 11:45:00,4,174,678.77,169.6925,43.5,12.5,Retail,1,2,2,122,Average Customer,Churned,443.0,United Kingdom,678.77,2010-04
14183,2010-08-15 15:36:00,2010-10-24 14:45:00,2,60,278.34000000000003,139.17000000000002,30.0,16.5,Retail,1,1,1,111,At Risk / Lost Customer,Churned,410.0,United Kingdom,278.34000000000003,2010-08
14184,2011-10-04 12:43:00,2011-10-04 12:43:00,1,127,452.89,452.89,127.0,24.0,Retail,2,1,2,212,Average Customer,Active,66.0,United Kingdom,452.89,2011-10
14185,2011-01-12 13:52:00,2011-01-12 13:52:00,1,6,197.65,197.65,6.0,3.0,Retail,1,1,1,111,At Risk / Lost Customer,Churned,330.0,United Kingdom,197.65,2011-01
14186,2010-03-05 11:17:00,2010-10-08 13:30:00,5,1550,1550.63,310.12600000000003,310.0,20.8,Retail,1,2,3,123,Average Customer,Churned,426.0,United Kingdom,1550.63,2010-03
14187,2010-08-23 12:06:00,2010-08-23 12:06:00,1,50,123.5,123.5,50.0,8.0,Retail,1,1,1,111,At Risk / Lost Customer,Churned,473.0,United Kingdom,123.5,2010-08
14188,2011-02-02 13:46:00,2011-11-09 12:45:00,6,1162,2054.36,342.3933333333334,193.66666666666666,10.833333333333334,Retail,3,3,3,333,Best Customer,Active,30.0,United Kingdom,2054.36,2011-02
14189,2010-11-16 09:28:00,2011-12-07 15:55:00,16,4392,5503.15,343.946875,274.5,19.1875,Retail,3,3,3,333,Best Customer,Active,1.0,United Kingdom,5503.15,2010-11
14190,2010-02-11 14:27:00,2010-02-11 14:27:00,1,2,79.9,79.9,2.0,1.0,Retail,1,1,1,111,At Risk / Lost Customer,Churned,665.0,United Kingdom,79.9,2010-02
14191,2009-12-11 10:48:00,2011-12-08 09:23:00,15,3724,4817.66,321.1773333333333,248.26666666666668,17.666666666666668,Retail,3,3,3,333,Best Customer,Active,1.0,United Kingdom,4817.66,2009-12
14192,2010-11-16 17:44:00,2010-11-16 17:44:00,1,218,293.74,293.74,218.0,14.0,Retail,1,1,1,111,At Risk / Lost Customer,Churned,387.0,United Kingdom,293.74,2010-11
14193,2010-11-08 12:31:00,2011-10-03 09:34:00,3,653,1210.19,403.3966666666667,217.66666666666666,21.333333333333332,Retail,2,2,2,222,Average Customer,Active,67.0,United Kingdom,1210.19,2010-11
14194,2010-01-06 12:16:00,2011-12-05 10:38:00,36,10037,18670.59,518.6275,278.80555555555554,26.444444444444443,Retail,3,3,3,333,Best Customer,Active,4.0,United Kingdom,18670.59,2010-01
14195,2010-03-15 17:12:00,2011-05-22 10:29:00,6,2144,2615.6,435.93333333333334,357.3333333333333,2.6666666666666665,Retail,2,3,3,233,Loyal Customer,Churned,201.0,United Kingdom,2615.6,2010-03
14196,2011-08-25 10:25:00,2011-08-25 10:25:00,1,142,335.52,335.52,142.0,6.0,Retail,2,1,1,211,At Risk / Lost Customer,Active,106.0,United Kingdom,335.52,2011-08
14197,2010-10-25 10:01:00,2010-10-25 10:01:00,1,143,390.05,390.05,143.0,20.0,Retail,1,1,1,111,At Risk / Lost Customer,Churned,410.0,United Kingdom,390.05,2010-10
14198,2010-01-05 10:07:00,2011-11-21 16:35:00,9,623,1569.73,174.41444444444446,69.22222222222223,10.11111111111111,Retail,3,3,3,333,Best Customer,Active,17.0,United Kingdom,1569.73,2010-01
14199,2010-06-27 12:13:00,2011-05-05 13:44:00,4,254,1091.7,272.925,63.5,4.5,Retail,2,2,2,222,Average Customer,Churned,217.0,United Kingdom,1091.7,2010-06
14200,2010-04-01 13:01:00,2010-04-01 13:01:00,1,140,379.2,379.2,140.0,21.0,Retail,1,1,1,111,At Risk / Lost Customer,Churned,616.0,United Kingdom,379.2,2010-04
14201,2010-04-30 13:00:00,2011-10-10 13:27:00,10,806,1193.54,119.354,80.6,5.5,Retail,2,3,2,232,Loyal Customer,Active,59.0,United Kingdom,1193.54,2010-04
14202,2010-03-25 10:36:00,2010-11-23 17:13:00,3,166,847.76,282.58666666666664,55.333333333333336,9.666666666666666,Retail,1,2,2,122,Average Customer,Churned,380.0,United Kingdom,847.76,2010-03
14203,2010-11-07 13:35:00,2010-11-07 13:35:00,1,80,339.34,339.34,80.0,16.0,Retail,1,1,1,111,At Risk / Lost Customer,Churned,396.0,United Kingdom,339.34,2010-11
14204,2009-12-02 13:26:00,2011-12-07 13:38:00,4,469,1024.83,256.2075,117.25,53.75,Wholesale,,,,,,,,,,
14205,2010-03-07 12:20:00,2011-11-23 10:55:00,9,1342,2414.2,268.2444444444444,149.11111111111111,13.666666666666666,Retail,3,3,3,333,Best Customer,Active,16.0,United Kingdom,2414.2,2010-03
14206,2010-11-02 11:37:00,2011-04-14 16:38:00,3,930,1185.01,395.00333333333333,310.0,23.666666666666668,Retail,2,2,2,222,Average Customer,Churned,238.0,United Kingdom,1185.01,2010-11
14207,2010-01-21 09:33:00,2010-01-21 09:33:00,1,36,157.8,157.8,36.0,2.0,Retail,1,1,1,111,At Risk / Lost Customer,Churned,687.0,United Kingdom,157.8,2010-01
14208,2010-06-06 13:11:00,2011-09-06 12:48:00,2,529,567.05,283.525,264.5,17.5,Retail,2,1,2,212,Average Customer,Active,94.0,United Kingdom,567.05,2010-06
14209,2010-01-22 10:28:00,2011-11-29 10:18:00,15,1739,4993.27,332.8846666666667,115.93333333333334,15.4,Retail,3,3,3,333,Best Customer,Active,10.0,United Kingdom,4993.27,2010-01
14210,2010-01-06 10:17:00,2011-08-26 12:36:00,16,2511,5556.570000000001,347.28562500000004,156.9375,19.625,Retail,2,3,3,233,Loyal Customer,Active,105.0,United Kingdom,5556.570000000001,2010-01
14211,2009-12-09 12:48:00,2011-10-17 13:23:00,18,2575,4402.29,244.57166666666666,143.05555555555554,13.333333333333334,Retail,2,3,3,233,Loyal Customer,Active,52.0,United Kingdom,4402.29,2009-12
14212,2010-09-20 11:48:00,2011-09-11 12:45:00,2,2046,2190.14,1095.07,1023.0,10.5,Wholesale,,,,,,,,,,
14213,2010-10-31 10:37:00,2010-10-31 10:37:00,1,244,1192.2,1192.2,244.0,5.0,Retail,1,1,2,112,At Risk / Lost Customer,Churned,404.0,United Kingdom,1192.2,2010-10
14214,2011-03-07 12:26:00,2011-11-09 10:31:00,5,751,1004.38,200.876,150.2,13.4,Retail,3,2,2,322,Loyal Customer,Active,30.0,United Kingdom,1004.38,2011-03
14215,2009-12-08 09:35:00,2011-11-28 12:19:00,9,2181,3250.33,361.1477777777778,242.33333333333334,20.666666666666668,Retail,3,3,3,333,Best Customer,Active,11.0,United Kingdom,3250.33,2009-12
14216,2010-10-21 15:07:00,2011-12-06 14:56:00,5,712,2150.04,430.008,142.4,15.4,Retail,3,2,3,323,Loyal Customer,Active,2.0,United Kingdom,2150.04,2010-10
14217,2010-06-30 12:54:00,2011-12-08 11:53:00,23,1230,3298.59,143.41695652173914,53.47826086956522,7.565217391304348,Retail,3,3,3,333,Best Customer,Active,1.0,United Kingdom,3298.59,2010-06
14218,2011-10-28 10:00:00,2011-10-28 10:00:00,1,160,169.48000000000002,169.48000000000002,160.0,12.0,Retail,3,1,1,311,Average Customer,Active,42.0,United Kingdom,169.48000000000002,2011-10
14219,2010-08-03 14:42:00,2011-12-05 16:23:00,3,363,633.83,211.27666666666667,121.0,14.333333333333334,Retail,3,2,2,322,Loyal Customer,Active,3.0,United Kingdom,633.83,2010-08
14220,2010-05-19 13:26:00,2011-04-06 13:23:00,4,468,1515.0,378.75,117.0,9.5,Retail,2,2,3,223,Loyal Customer,Churned,246.0,United Kingdom,1515.0,2010-05
14221,2010-04-06 14:10:00,2011-10-28 13:42:00,17,3808,6517.49,383.38176470588235,224.0,20.41176470588235,Retail,3,3,3,333,Best Customer,Active,41.0,United Kingdom,6517.49,2010-04
14222,2011-06-15 16:42:00,2011-06-15 16:42:00,1,607,683.17,683.17,607.0,41.0,Wholesale,,,,,,,,,,
14223,2011-03-20 16:02:00,2011-09-08 13:38:00,3,585,991.13,330.37666666666667,195.0,20.0,Retail,2,2,2,222,Average Customer,Active,91.0,United Kingdom,991.13,2011-03
14224,2010-06-13 13:46:00,2011-08-21 13:24:00,9,826,1841.71,204.63444444444445,91.77777777777777,24.77777777777778,Retail,2,3,3,233,Loyal Customer,Active,109.0,United Kingdom,1841.71,2010-06
14225,2010-01-12 15:02:00,2010-10-01 10:32:00,4,1167,2031.07,507.7675,291.75,21.25,Retail,1,2,3,123,Average Customer,Churned,434.0,United Kingdom,2031.07,2010-01
14226,2010-09-24 14:32:00,2011-11-11 11:34:00,6,1714,2985.13,497.5216666666667,285.6666666666667,16.0,Retail,3,3,3,333,Best Customer,Active,28.0,United Kingdom,2985.13,2010-09
14227,2010-02-08 09:38:00,2011-11-13 15:48:00,15,4048,6368.71,424.5806666666667,269.8666666666667,25.133333333333333,Retail,3,3,3,333,Best Customer,Active,25.0,United Kingdom,6368.71,2010-02
14228,2010-06-11 12:29:00,2010-09-28 09:45:00,3,260,745.5,248.5,86.66666666666667,12.666666666666666,Retail,1,2,2,122,Average Customer,Churned,437.0,United Kingdom,745.5,2010-06
14229,2010-08-25 11:47:00,2011-10-19 10:04:00,7,934,2594.04,370.57714285714286,133.42857142857142,10.285714285714286,Retail,2,3,3,233,Loyal Customer,Active,51.0,United Kingdom,2594.04,2010-08
14230,2010-06-09 13:56:00,2010-09-30 09:07:00,3,246,979.8000000000001,326.6,82.0,11.0,Retail,1,2,2,122,Average Customer,Churned,435.0,United Kingdom,979.8000000000001,2010-06
14231,2010-09-15 09:52:00,2011-06-09 11:05:00,4,610,1235.6200000000001,308.90500000000003,152.5,17.25,Retail,2,2,2,222,Average Customer,Churned,183.0,United Kingdom,1235.6200000000001,2010-09
14232,2011-03-20 12:44:00,2011-10-28 11:09:00,5,1941,2048.07,409.61400000000003,388.2,23.0,Retail,3,2,3,323,Loyal Customer,Active,42.0,United Kingdom,2048.07,2011-03
14233,2010-03-05 16:35:00,2011-10-21 15:54:00,7,1261,2904.27,414.8957142857143,180.14285714285714,10.428571428571429,Retail,2,3,3,233,Loyal Customer,Active,48.0,United Kingdom,2904.27,2010-03
14234,2011-10-13 13:58:00,2011-11-17 17:53:00,4,951,754.12,188.53,237.75,33.75,Retail,3,2,2,322,Loyal Customer,Active,21.0,United Kingdom,754.12,2011-10
14235,2010-03-30 13:36:00,2011-09-25 14:37:00,9,3014,4717.99,524.2211111111111,334.8888888888889,16.444444444444443,Retail,2,3,3,233,Loyal Customer,Active,74.0,United Kingdom,4717.99,2010-03
14236,2010-07-22 14:27:00,2011-09-20 09:13:00,5,774,1555.34,311.068,154.8,9.4,Retail,2,2,3,223,Loyal Customer,Active,80.0,United Kingdom,1555.34,2010-07
14237,2010-04-28 10:04:00,2010-12-01 13:20:00,2,238,471.14,235.57,119.0,13.0,Retail,1,1,2,112,At Risk / Lost Customer,Churned,372.0,United Kingdom,471.14,2010-04
14238,2009-12-05 10:58:00,2011-01-17 14:40:00,3,189,434.23,144.74333333333334,63.0,4.333333333333333,Retail,1,2,2,122,Average Customer,Churned,325.0,United Kingdom,434.23,2009-12
14239,2009-12-05 12:36:00,2011-10-27 14:40:00,21,1729,4263.17,203.00809523809525,82.33333333333333,10.0,Retail,3,3,3,333,Best Customer,Active,42.0,United Kingdom,4263.17,2009-12
14240,2010-10-12 12:48:00,2011-11-09 13:45:00,3,655,1247.49,415.83,218.33333333333334,20.333333333333332,Retail,3,2,2,322,Loyal Customer,Active,29.0,United Kingdom,1247.49,2010-10
14241,2010-01-12 15:11:00,2011-06-09 11:46:00,2,242,333.70000000000005,166.85000000000002,121.0,6.0,Retail,2,1,1,211,At Risk / Lost Customer,Churned,183.0,United Kingdom,333.70000000000005,2010-01
14242,2011-01-18 08:53:00,2011-04-19 11:46:00,2,123,280.55,140.275,61.5,8.0,Retail,2,1,1,211,At Risk / Lost Customer,Churned,234.0,United Kingdom,280.55,2011-01
14243,2010-08-20 13:41:00,2011-12-01 11:12:00,17,3631,7217.75,424.5735294117647,213.58823529411765,21.352941176470587,Retail,3,3,3,333,Best Customer,Active,8.0,United Kingdom,7217.75,2010-08
14244,2010-02-17 11:40:00,2010-02-17 11:40:00,1,814,366.41999999999996,366.41999999999996,814.0,16.0,Wholesale,,,,,,,,,,
14245,2011-03-21 10:41:00,2011-05-04 08:40:00,2,976,1693.45,846.725,488.0,54.0,Wholesale,,,,,,,,,,
14246,2011-04-08 08:25:00,2011-08-21 11:50:00,3,804,1474.06,491.3533333333333,268.0,25.0,Retail,2,2,3,223,Loyal Customer,Active,110.0,United Kingdom,1474.06,2011-04
14247,2010-06-06 15:07:00,2011-03-06 15:21:00,5,378,753.56,150.712,75.6,21.6,Retail,1,2,2,122,Average Customer,Churned,277.0,United Kingdom,753.56,2010-06
14248,2010-07-12 14:27:00,2011-01-25 14:45:00,3,692,1032.95,344.31666666666666,230.66666666666666,15.666666666666666,Retail,1,2,2,122,Average Customer,Churned,317.0,United Kingdom,1032.95,2010-07
14249,2010-01-29 14:21:00,2010-10-25 12:34:00,12,2383,5400.461,450.0384166666667,198.58333333333334,21.833333333333332,Retail,1,3,3,133,Loyal Customer,Churned,410.0,United Kingdom,5400.461,2010-01
14250,2011-09-11 13:44:00,2011-12-02 14:30:00,3,1200,1904.05,634.6833333333333,400.0,37.0,Retail,3,2,3,323,Loyal Customer,Active,6.0,United Kingdom,1904.05,2011-09
14251,2011-10-13 12:46:00,2011-12-08 08:32:00,5,1674,2879.7000000000003,575.94,334.8,15.6,Retail,3,2,3,323,Loyal Customer,Active,1.0,United Kingdom,2879.7000000000003,2011-10
14252,2010-11-23 13:36:00,2010-11-23 13:36:00,1,111,350.99,350.99,111.0,10.0,Retail,1,1,1,111,At Risk / Lost Customer,Churned,380.0,United Kingdom,350.99,2010-11
14253,2010-03-26 15:08:00,2010-08-03 14:55:00,2,88,363.40000000000003,181.70000000000002,44.0,6.0,Retail,1,1,1,111,At Risk / Lost Customer,Churned,492.0,United Kingdom,363.40000000000003,2010-03
14254,2010-10-03 11:52:00,2010-10-03 11:52:00,1,263,601.03,601.03,263.0,23.0,Retail,1,1,2,112,At Risk / Lost Customer,Churned,432.0,United Kingdom,601.03,2010-10
14255,2010-06-11 15:54:00,2010-06-11 15:54:00,1,1,1000.63,1000.63,1.0,1.0,Retail,1,1,2,112,At Risk / Lost Customer,Churned,545.0,United Kingdom,1000.63,2010-06
14256,2010-01-14 10:35:00,2011-03-24 13:17:00,5,1147,2460.79,492.158,229.4,26.6,Retail,2,2,3,223,Loyal Customer,Churned,259.0,United Kingdom,2460.79,2010-01
14257,2010-03-01 15:36:00,2011-10-06 16:54:00,9,3332,5954.45,661.6055555555555,370.22222222222223,26.666666666666668,Retail,2,3,3,233,Loyal Customer,Active,63.0,United Kingdom,5954.45,2010-03
14258,2009-12-04 08:36:00,2011-11-30 15:27:00,25,17512,32051.34,1282.0536,700.48,12.04,Wholesale,,,,,,,,,,
14259,2011-07-21 10:44:00,2011-07-21 10:44:00,1,68,120.0,120.0,68.0,5.0,Retail,2,1,1,211,At Risk / Lost Customer,Churned,141.0,United Kingdom,120.0,2011-07
14260,2010-06-09 11:23:00,2010-08-25 14:55:00,3,544,824.28,274.76,181.33333333333334,17.0,Retail,1,2,2,122,Average Customer,Churned,470.0,United Kingdom,824.28,2010-06
14261,2011-09-22 10:47:00,2011-10-20 10:04:00,2,406,1163.45,581.725,203.0,26.0,Retail,2,1,2,212,Average Customer,Active,50.0,United Kingdom,1163.45,2011-09
14262,2011-04-13 12:23:00,2011-12-01 14:17:00,8,1645,2618.23,327.27875,205.625,17.875,Retail,3,3,3,333,Best Customer,Active,7.0,United Kingdom,2618.23,2011-04
14263,2010-10-12 14:09:00,2010-10-12 14:09:00,1,171,322.93,322.93,171.0,16.0,Retail,1,1,1,111,At Risk / Lost Customer,Churned,422.0,United Kingdom,322.93,2010-10
14264,2010-04-07 13:21:00,2011-07-08 10:20:00,6,553,1517.3600000000001,252.89333333333335,92.16666666666667,13.166666666666666,Retail,2,3,3,233,Loyal Customer,Churned,154.0,United Kingdom,1517.3600000000001,2010-04
14265,2010-04-06 14:39:00,2011-08-22 13:32:00,4,715,1373.35,343.3375,178.75,19.75,Retail,2,2,2,222,Average Customer,Active,108.0,Unspecified,1373.35,2010-04
14266,2010-10-07 13:32:00,2010-10-07 13:32:00,1,24,40.56,40.56,24.0,1.0,Retail,1,1,1,111,At Risk / Lost Customer,Churned,427.0,United Kingdom,40.56,2010-10
14267,2011-03-24 11:38:00,2011-06-30 10:09:00,3,530,1516.24,505.41333333333336,176.66666666666666,18.333333333333332,Retail,2,2,3,223,Loyal Customer,Churned,162.0,United Kingdom,1516.24,2011-03
14268,2010-08-26 10:45:00,2010-08-26 10:45:00,1,147,354.85,354.85,147.0,19.0,Retail,1,1,1,111,At Risk / Lost Customer,Churned,470.0,United Kingdom,354.85,2010-08
14269,2010-09-26 12:53:00,2010-09-26 12:53:00,1,123,295.73,295.73,123.0,16.0,Retail,1,1,1,111,At Risk / Lost Customer,Churned,438.0,United Kingdom,295.73,2010-09
14270,2011-01-12 09:33:00,2011-01-12 09:33:00,1,197,492.65000000000003,492.65000000000003,197.0,29.0,Retail,1,1,2,112,At Risk / Lost Customer,Churned,331.0,United Kingdom,492.65000000000003,2011-01
14271,2010-10-26 17:01:00,2011-04-28 12:47:00,2,148,214.18,107.09,74.0,19.0,Retail,2,1,1,211,At Risk / Lost Customer,Churned,225.0,United Kingdom,214.18,2010-10
14272,2010-05-06 14:01:00,2011-09-27 10:08:00,4,1097,920.81,230.2025,274.25,16.0,Retail,2,2,2,222,Average Customer,Active,73.0,United Kingdom,920.81,2010-05
14273,2011-04-11 13:24:00,2011-10-19 13:20:00,4,264,559.97,139.9925,66.0,7.25,Retail,2,2,2,222,Average Customer,Active,50.0,United Kingdom,559.97,2011-04
14274,2010-01-22 12:51:00,2010-01-22 12:51:00,1,178,256.6,256.6,178.0,15.0,Retail,1,1,1,111,At Risk / Lost Customer,Churned,685.0,United Kingdom,256.6,2010-01
14275,2010-04-11 12:32:00,2010-11-09 09:06:00,6,538,1189.3799999999999,198.23,89.66666666666667,3.8333333333333335,Retail,1,3,2,132,Average Customer,Churned,395.0,United Kingdom,1189.3799999999999,2010-04
14276,2010-02-17 13:10:00,2011-09-02 09:45:00,7,1406,2102.68,300.3828571428571,200.85714285714286,17.285714285714285,Retail,2,3,3,233,Loyal Customer,Active,98.0,United Kingdom,2102.68,2010-02
14277,2009-12-13 15:43:00,2011-11-24 15:01:00,9,89806,17197.61,1910.8455555555556,9978.444444444445,41.44444444444444,Wholesale,,,,,,,,,,
14278,2010-10-26 12:07:00,2010-10-26 12:07:00,1,131,205.83,205.83,131.0,13.0,Retail,1,1,1,111,At Risk / Lost Customer,Churned,409.0,United Kingdom,205.83,2010-10
14279,2010-01-27 16:34:00,2010-07-07 08:42:00,2,46,191.86,95.93,23.0,1.5,Retail,1,1,1,111,At Risk / Lost Customer,Churned,520.0,United Kingdom,191.86,2010-01
14280,2011-05-27 10:37:00,2011-05-27 10:37:00,1,52,134.04,134.04,52.0,8.0,Retail,2,1,1,211,At Risk / Lost Customer,Churned,196.0,United Kingdom,134.04,2011-05
14281,2010-10-27 14:45:00,2010-10-27 14:45:00,1,45,245.15,245.15,45.0,7.0,Retail,1,1,1,111,At Risk / Lost Customer,Churned,407.0,United Kingdom,245.15,2010-10
14282,2010-02-15 11:22:00,2011-12-06 17:04:00,25,5166,7250.76,290.0304,206.64,9.56,Retail,3,3,3,333,Best Customer,Active,2.0,United Kingdom,7250.76,2010-02
14283,2010-05-19 12:22:00,2010-09-02 14:46:00,4,550,628.4399999999999,157.10999999999999,137.5,10.25,Retail,1,2,2,122,Average Customer,Churned,462.0,United Kingdom,628.4399999999999,2010-05
14284,2010-02-24 12:06:00,2011-11-09 08:11:00,3,510,1299.65,433.2166666666667,170.0,22.333333333333332,Retail,3,2,2,322,Loyal Customer,Active,30.0,United Kingdom,1299.65,2010-02
14285,2009-12-08 14:13:00,2011-11-18 14:50:00,8,954,3284.42,410.5525,119.25,7.5,Retail,3,3,3,333,Best Customer,Active,20.0,United Kingdom,3284.42,2009-12
14286,2009-12-04 08:40:00,2011-11-16 10:34:00,7,8795,8479.76,1211.3942857142858,1256.4285714285713,71.28571428571429,Wholesale,,,,,,,,,,
14287,2011-05-25 11:41:00,2011-12-01 13:25:00,3,261,176.63,58.876666666666665,87.0,3.0,Retail,3,2,1,321,Average Customer,Active,7.0,United Kingdom,176.63,2011-05
14288,2011-05-10 13:22:00,2011-05-10 13:22:00,1,188,426.6,426.6,188.0,16.0,Retail,2,1,2,212,Average Customer,Churned,212.0,United Kingdom,426.6,2011-05
14289,2011-02-23 12:33:00,2011-12-01 11:44:00,6,292,911.26,151.87666666666667,48.666666666666664,7.833333333333333,Retail,3,3,2,332,Loyal Customer,Active,8.0,United Kingdom,911.26,2011-02
14290,2009-12-08 11:44:00,2011-11-28 14:02:00,8,1600,4516.56,564.57,200.0,18.875,Retail,3,3,3,333,Best Customer,Active,10.0,United Kingdom,4516.56,2009-12
14291,2009-12-09 10:46:00,2011-12-08 10:26:00,23,6146,7904.1,343.6565217391304,267.2173913043478,21.47826086956522,Retail,3,3,3,333,Best Customer,Active,1.0,United Kingdom,7904.1,2009-12
14292,2010-03-19 11:10:00,2011-12-02 11:50:00,16,3429,9226.25,576.640625,214.3125,12.0625,Retail,3,3,3,333,Best Customer,Active,7.0,United Kingdom,9226.25,2010-03
14293,2009-12-10 10:57:00,2011-12-06 15:17:00,9,1558,2903.01,322.5566666666667,173.11111111111111,13.222222222222221,Retail,3,3,3,333,Best Customer,Active,2.0,United Kingdom,2903.01,2009-12
14294,2010-10-28 16:25:00,2010-10-28 16:25:00,1,190,375.34,375.34,190.0,23.0,Retail,1,1,1,111,At Risk / Lost Customer,Churned,406.0,United Kingdom,375.34,2010-10
14295,2009-12-08 09:49:00,2011-10-30 15:50:00,5,1029,2362.91,472.582,205.8,14.4,Retail,3,2,3,323,Loyal Customer,Active,39.0,United Kingdom,2362.91,2009-12
14296,2010-05-14 14:34:00,2010-10-14 14:14:00,2,314,456.40000000000003,228.20000000000002,157.0,13.5,Retail,1,1,2,112,At Risk / Lost Customer,Churned,420.0,United Kingdom,456.40000000000003,2010-05
14297,2011-03-10 08:31:00,2011-11-22 09:06:00,4,865,1305.33,326.3325,216.25,15.5,Retail,3,2,2,322,Loyal Customer,Active,17.0,United Kingdom,1305.33,2011-03
14298,2009-12-11 13:49:00,2011-12-01 13:12:00,82,100272,91194.49,1112.1279268292683,1222.8292682926829,34.926829268292686,Wholesale,,,,,,,,,,
14299,2009-12-02 10:58:00,2011-12-01 16:05:00,27,8136,14070.25,521.1203703703703,301.3333333333333,12.407407407407407,Retail,3,3,3,333,Best Customer,Active,7.0,United Kingdom,14070.25,2009-12
14300,2011-11-21 08:57:00,2011-11-21 08:57:00,1,32,43.2,43.2,32.0,3.0,Retail,3,1,1,311,Average Customer,Active,18.0,United Kingdom,43.2,2011-11
14301,2010-02-11 13:07:00,2011-08-14 15:33:00,4,1686,1992.18,498.045,421.5,13.25,Retail,2,2,3,223,Loyal Customer,Active,116.0,United Kingdom,1992.18,2010-02
14302,2009-12-02 08:16:00,2010-10-05 08:10:00,3,298,742.9000000000001,247.63333333333335,99.33333333333333,9.333333333333334,Retail,1,2,2,122,Average Customer,Churned,430.0,United Kingdom,742.9000000000001,2009-12
14303,2010-10-01 10:31:00,2010-10-28 15:37:00,2,218,277.94,138.97,109.0,11.0,Retail,1,1,1,111,At Risk / Lost Customer,Churned,406.0,United Kingdom,277.94,2010-10
14304,2010-05-18 10:50:00,2011-05-01 11:50:00,3,775,1725.01,575.0033333333333,258.3333333333333,29.333333333333332,Retail,2,2,3,223,Loyal Customer,Churned,222.0,United Kingdom,1725.01,2010-05
14305,2011-07-27 14:14:00,2011-09-29 15:29:00,3,1089,1858.96,619.6533333333333,363.0,35.0,Retail,2,2,3,223,Loyal Customer,Active,70.0,United Kingdom,1858.96,2011-07
14306,2010-01-31 13:42:00,2011-10-19 13:23:00,6,2065,3151.4,525.2333333333333,344.1666666666667,7.666666666666667,Retail,2,3,3,233,Loyal Customer,Active,50.0,United Kingdom,3151.4,2010-01
14307,2009-12-07 13:06:00,2011-09-12 09:38:00,10,2816,4287.92,428.79200000000003,281.6,26.2,Retail,2,3,3,233,Loyal Customer,Active,88.0,United Kingdom,4287.92,2009-12
14308,2010-06-08 16:39:00,2010-06-08 16:48:00,2,2,1147.02,573.51,1.0,1.0,Retail,1,1,2,112,At Risk / Lost Customer,Churned,548.0,United Kingdom,1147.02,2010-06
14309,2010-06-07 10:24:00,2011-12-01 13:33:00,11,2583,3780.81,343.71,234.8181818181818,17.181818181818183,Retail,3,3,3,333,Best Customer,Active,7.0,United Kingdom,3780.81,2010-06
14310,2010-10-03 12:34:00,2010-10-03 12:34:00,1,230,492.1,492.1,230.0,22.0,Retail,1,1,2,112,At Risk / Lost Customer,Churned,432.0,United Kingdom,492.1,2010-10
14311,2010-05-21 10:28:00,2011-04-11 10:14:00,2,235,516.45,258.225,117.5,15.5,Retail,2,1,2,212,Average Customer,Churned,242.0,United Kingdom,516.45,2010-05
14312,2010-07-23 15:05:00,2011-10-24 09:46:00,11,1904,3090.29,280.93545454545455,173.0909090909091,16.363636363636363,Retail,2,3,3,233,Loyal Customer,Active,46.0,United Kingdom,3090.29,2010-07
14314,2010-10-05 08:00:00,2011-08-25 10:39:00,2,332,229.8,114.9,166.0,5.0,Retail,2,1,1,211,At Risk / Lost Customer,Active,106.0,United Kingdom,229.8,2010-10
14315,2010-03-15 12:49:00,2011-10-26 12:06:00,8,1344,3197.82,399.7275,168.0,16.625,Retail,2,3,3,233,Loyal Customer,Active,44.0,United Kingdom,3197.82,2010-03
14316,2010-03-19 15:18:00,2010-10-13 16:31:00,5,4494,1370.34,274.068,898.8,6.2,Wholesale,,,,,,,,,,
14317,2011-10-06 10:44:00,2011-10-06 10:44:00,1,255,508.58000000000004,508.58000000000004,255.0,24.0,Retail,2,1,2,212,Average Customer,Active,64.0,United Kingdom,508.58000000000004,2011-10
14318,2010-09-05 15:32:00,2010-09-05 15:32:00,1,152,158.02,158.02,152.0,9.0,Retail,1,1,1,111,At Risk / Lost Customer,Churned,459.0,United Kingdom,158.02,2010-09
14319,2010-10-11 13:38:00,2010-10-11 13:38:00,1,329,494.85,494.85,329.0,26.0,Retail,1,1,2,112,At Risk / Lost Customer,Churned,423.0,United Kingdom,494.85,2010-10
14320,2010-01-21 11:44:00,2011-05-17 09:24:00,5,713,1346.75,269.35,142.6,16.2,Retail,2,2,2,222,Average Customer,Churned,206.0,United Kingdom,1346.75,2010-01
14321,2010-08-23 12:56:00,2011-11-29 09:47:00,7,3275,2218.06,316.86571428571426,467.85714285714283,25.571428571428573,Retail,3,3,3,333,Best Customer,Active,10.0,United Kingdom,2218.06,2010-08
14322,2010-02-18 08:49:00,2010-10-06 15:17:00,4,158,474.1,118.525,39.5,3.25,Retail,1,2,2,122,Average Customer,Churned,428.0,United Kingdom,474.1,2010-02
14323,2011-04-15 11:44:00,2011-08-17 11:37:00,2,350,605.0600000000001,302.53000000000003,175.0,18.0,Retail,2,1,2,212,Average Customer,Active,114.0,United Kingdom,605.0600000000001,2011-04
14324,2010-01-15 13:31:00,2010-10-26 11:44:00,2,402,701.61,350.805,201.0,20.5,Retail,1,1,2,112,At Risk / Lost Customer,Churned,409.0,United Kingdom,701.61,2010-01
14325,2010-05-19 09:20:00,2010-05-19 09:20:00,1,320,245.48000000000002,245.48000000000002,320.0,18.0,Retail,1,1,1,111,At Risk / Lost Customer,Churned,569.0,United Kingdom,245.48000000000002,2010-05
14326,2010-06-25 12:10:00,2011-04-11 15:04:00,3,572,940.98,313.66,190.66666666666666,19.0,Retail,2,2,2,222,Average Customer,Churned,241.0,United Kingdom,940.98,2010-06
14327,2010-01-08 14:04:00,2011-06-29 13:58:00,6,1296,1894.93,315.82166666666666,216.0,17.666666666666668,Retail,2,3,3,233,Loyal Customer,Churned,162.0,United Kingdom,1894.93,2010-01
14328,2010-09-27 16:01:00,2010-09-27 16:01:00,1,1,445.05,445.05,1.0,1.0,Retail,1,1,2,112,At Risk / Lost Customer,Churned,437.0,United Kingdom,445.05,2010-09
14329,2009-12-16 15:31:00,2011-11-22 15:50:00,15,5913,9887.62,659.1746666666667,394.2,36.8,Retail,3,3,3,333,Best Customer,Active,16.0,United Kingdom,9887.62,2009-12
14330,2010-03-26 09:10:00,2010-03-26 09:10:00,1,103,200.63,200.63,103.0,13.0,Retail,1,1,1,111,At Risk / Lost Customer,Churned,623.0,United Kingdom,200.63,2010-03
14331,2011-07-27 15:14:00,2011-08-07 13:17:00,2,252,462.65999999999997,231.32999999999998,126.0,14.0,Retail,2,1,2,212,Average Customer,Active,123.0,United Kingdom,462.65999999999997,2011-07
14332,2010-10-19 13:01:00,2011-11-17 11:54:00,5,875,1917.41,383.482,175.0,12.2,Retail,3,2,3,323,Loyal Customer,Active,22.0,United Kingdom,1917.41,2010-10
14333,2011-10-03 10:38:00,2011-10-03 10:38:00,1,58,415.2,415.2,58.0,15.0,Retail,2,1,1,211,At Risk / Lost Customer,Active,67.0,United Kingdom,415.2,2011-10
14334,2010-05-20 10:04:00,2011-11-23 10:01:00,12,2986,4318.48,359.8733333333333,248.83333333333334,21.5,Retail,3,3,3,333,Best Customer,Active,16.0,United Kingdom,4318.48,2010-05
14335,2011-09-04 13:07:00,2011-11-23 13:41:00,2,375,454.86,227.43,187.5,29.5,Retail,3,1,2,312,Average Customer,Active,15.0,Germany,454.86,2011-09
14336,2011-03-08 16:48:00,2011-11-23 11:40:00,4,1759,1614.91,403.7275,439.75,22.5,Retail,3,2,3,323,Loyal Customer,Active,16.0,United Kingdom,1614.91,2011-03
14338,2010-06-21 10:32:00,2011-07-01 14:08:00,3,622,928.1,309.3666666666667,207.33333333333334,16.666666666666668,Retail,2,2,2,222,Average Customer,Churned,160.0,United Kingdom,928.1,2010-06
14339,2010-10-07 08:50:00,2011-04-11 11:06:00,2,456,620.27,310.135,228.0,11.5,Retail,2,1,2,212,Average Customer,Churned,242.0,United Kingdom,620.27,2010-10
14340,2011-05-05 09:44:00,2011-05-05 09:44:00,1,58,134.7,134.7,58.0,6.0,Retail,2,1,1,211,At Risk / Lost Customer,Churned,218.0,United Kingdom,134.7,2011-05
14341,2009-12-01 12:20:00,2011-10-25 15:48:00,18,2813,4452.02,247.33444444444447,156.27777777777777,14.666666666666666,Retail,2,3,3,233,Loyal Customer,Active,44.0,United Kingdom,4452.02,2009-12
14342,2010-08-24 13:03:00,2011-11-18 13:21:00,6,521,918.44,153.07333333333335,86.83333333333333,5.5,Retail,3,3,2,332,Loyal Customer,Active,20.0,United Kingdom,918.44,2010-08
14343,2010-01-18 16:47:00,2010-10-14 13:05:00,4,626,1079.66,269.915,156.5,57.5,Wholesale,,,,,,,,,,
14344,2010-03-23 15:47:00,2011-08-04 13:51:00,20,1546,2993.05,149.6525,77.3,11.45,Retail,2,3,3,233,Loyal Customer,Active,126.0,United Kingdom,2993.05,2010-03
14345,2011-11-01 09:51:00,2011-11-01 09:51:00,1,50,108.97999999999999,108.97999999999999,50.0,6.0,Retail,3,1,1,311,Average Customer,Active,38.0,United Kingdom,108.97999999999999,2011-11
14346,2010-07-30 10:44:00,2011-08-11 09:47:00,5,1878,2315.75,463.15,375.6,29.2,Retail,2,2,3,223,Loyal Customer,Active,120.0,United Kingdom,2315.75,2010-07
14347,2009-12-03 10:49:00,2009-12-03 10:49:00,1,48,82.6,82.6,48.0,6.0,Retail,1,1,1,111,At Risk / Lost Customer,Churned,736.0,United Kingdom,82.6,2009-12
14348,2011-03-24 16:23:00,2011-03-24 16:23:00,1,183,409.57,409.57,183.0,18.0,Retail,2,1,1,211,At Risk / Lost Customer,Churned,259.0,United Kingdom,409.57,2011-03
14349,2011-11-29 15:39:00,2011-11-29 15:39:00,1,86,133.5,133.5,86.0,31.0,Retail,3,1,1,311,Average Customer,Active,9.0,United Kingdom,133.5,2011-11
14350,2010-10-05 15:52:00,2011-03-10 14:14:00,3,543,972.03,324.01,181.0,19.666666666666668,Retail,1,2,2,122,Average Customer,Churned,273.0,United Kingdom,972.03,2010-10
14351,2011-06-28 11:56:00,2011-06-28 11:56:00,1,12,51.0,51.0,12.0,1.0,Retail,2,1,1,211,At Risk / Lost Customer,Churned,164.0,United Kingdom,51.0,2011-06
14352,2011-03-11 14:58:00,2011-07-05 15:41:00,4,538,1078.96,269.74,134.5,11.25,Retail,2,2,2,222,Average Customer,Churned,156.0,United Kingdom,1078.96,2011-03
14353,2010-10-04 12:38:00,2011-05-08 16:06:00,3,344,376.5,125.5,114.66666666666667,8.333333333333334,Retail,2,2,1,221,Average Customer,Churned,214.0,United Kingdom,376.5,2010-10
14354,2011-11-09 15:36:00,2011-12-04 11:32:00,2,210,163.62,81.81,105.0,4.5,Retail,3,1,1,311,Average Customer,Active,5.0,United Kingdom,163.62,2011-11
14355,2010-03-22 15:08:00,2010-12-09 12:16:00,3,617,840.0500000000001,280.0166666666667,205.66666666666666,20.0,Retail,1,2,2,122,Average Customer,Churned,365.0,United Kingdom,840.0500000000001,2010-03
14356,2011-09-19 14:43:00,2011-09-21 09:18:00,2,277,701.23,350.615,138.5,16.5,Retail,2,1,2,212,Average Customer,Active,79.0,United Kingdom,701.23,2011-09
14357,2011-10-27 16:23:00,2011-10-27 16:23:00,1,147,225.12,225.12,147.0,39.0,Retail,3,1,1,311,Average Customer,Active,42.0,United Kingdom,225.12,2011-10
14358,2010-10-07 17:26:00,2010-11-15 15:51:00,2,338,400.06,200.03,169.0,12.5,Retail,1,1,1,111,At Risk / Lost Customer,Churned,388.0,United Kingdom,400.06,2010-10
14359,2011-09-13 09:03:00,2011-11-20 13:17:00,3,371,912.18,304.06,123.66666666666667,18.333333333333332,Retail,3,2,2,322,Loyal Customer,Active,18.0,United Kingdom,912.18,2011-09
14360,2011-09-06 11:58:00,2011-11-08 09:12:00,4,1139,2118.03,529.5075,284.75,29.25,Retail,3,2,3,323,Loyal Customer,Active,31.0,United Kingdom,2118.03,2011-09
14361,2010-05-10 12:29:00,2010-05-10 12:29:00,1,251,214.70999999999998,214.70999999999998,251.0,14.0,Retail,1,1,1,111,At Risk / Lost Customer,Churned,578.0,United Kingdom,214.70999999999998,2010-05
14362,2011-11-17 15:08:00,2011-11-17 15:08:00,1,96,151.5,151.5,96.0,37.0,Retail,3,1,1,311,Average Customer,Active,21.0,United Kingdom,151.5,2011-11
14363,2010-09-14 14:39:00,2010-11-02 17:01:00,2,105,227.47000000000003,113.73500000000001,52.5,4.0,Retail,1,1,1,111,At Risk / Lost Customer,Churned,401.0,United Kingdom,227.47000000000003,2010-09
14364,2011-05-12 12:56:00,2011-08-23 11:01:00,8,1967,3717.35,464.66875,245.875,8.625,Retail,2,3,3,233,Loyal Customer,Active,108.0,United Kingdom,3717.35,2011-05
14365,2010-01-27 09:44:00,2010-11-10 09:52:00,2,557,634.68,317.34,278.5,25.5,Retail,1,1,2,112,At Risk / Lost Customer,Churned,394.0,United Kingdom,634.68,2010-01
14366,2010-07-02 17:23:00,2010-07-02 17:23:00,1,16,136.0,136.0,16.0,1.0,Retail,1,1,1,111,At Risk / Lost Customer,Churned,524.0,United Kingdom,136.0,2010-07
14367,2011-03-08 14:12:00,2011-12-01 13:19:00,16,4426,9227.82,576.73875,276.625,32.5,Retail,3,3,3,333,Best Customer,Active,7.0,United Kingdom,9227.82,2011-03
14368,2011-01-24 09:52:00,2011-01-24 09:52:00,1,36,155.0,155.0,36.0,8.0,Retail,1,1,1,111,At Risk / Lost Customer,Churned,319.0,United Kingdom,155.0,2011-01
14369,2010-02-16 10:28:00,2010-03-07 15:47:00,2,255,469.13,234.565,127.5,13.0,Retail,1,1,2,112,At Risk / Lost Customer,Churned,641.0,United Kingdom,469.13,2010-02
14370,2010-02-01 08:35:00,2010-09-15 10:53:00,6,266,1175.78,195.96333333333334,44.333333333333336,7.333333333333333,Retail,1,3,2,132,Average Customer,Churned,450.0,United Kingdom,1175.78,2010-02
14371,2011-02-17 16:35:00,2011-02-17 16:35:00,1,34,100.5,100.5,34.0,4.0,Retail,1,1,1,111,At Risk / Lost Customer,Churned,294.0,United Kingdom,100.5,2011-02
14372,2010-04-19 15:57:00,2010-09-22 16:17:00,2,378,860.08,430.04,189.0,19.0,Retail,1,1,2,112,At Risk / Lost Customer,Churned,442.0,United Kingdom,860.08,2010-04
14373,2010-12-16 15:40:00,2010-12-16 15:40:00,1,17,76.55,76.55,17.0,4.0,Retail,1,1,1,111,At Risk / Lost Customer,Churned,357.0,United Kingdom,76.55,2010-12
14374,2010-06-16 14:25:00,2010-06-16 14:25:00,1,20,108.0,108.0,20.0,7.0,Retail,1,1,1,111,At Risk / Lost Customer,Churned,540.0,United Kingdom,108.0,2010-06
14375,2010-06-16 14:34:00,2011-06-07 13:44:00,3,647,1106.82,368.94,215.66666666666666,64.33333333333333,Wholesale,,,,,,,,,,
14376,2010-01-25 15:36:00,2010-01-25 15:36:00,1,50,215.46,215.46,50.0,17.0,Retail,1,1,1,111,At Risk / Lost Customer,Churned,682.0,United Kingdom,215.46,2010-01
14377,2011-03-22 13:38:00,2011-06-01 13:32:00,2,219,617.05,308.525,109.5,5.5,Retail,2,1,2,212,Average Customer,Churned,190.0,United Kingdom,617.05,2011-03
14378,2010-03-28 12:22:00,2010-03-28 12:22:00,1,57,131.25,131.25,57.0,9.0,Retail,1,1,1,111,At Risk / Lost Customer,Churned,621.0,United Kingdom,131.25,2010-03
14379,2010-08-16 15:31:00,2011-10-26 16:43:00,4,712,1265.16,316.29,178.0,30.75,Retail,2,2,2,222,Average Customer,Active,43.0,United Kingdom,1265.16,2010-08
14380,2010-01-26 17:11:00,2010-01-26 17:11:00,1,1,48.96,48.96,1.0,1.0,Retail,1,1,1,111,At Risk / Lost Customer,Churned,681.0,United Kingdom,48.96,2010-01
14381,2010-09-14 16:15:00,2011-10-18 17:10:00,2,449,625.9399999999999,312.96999999999997,224.5,56.0,Wholesale,,,,,,,,,,
14382,2010-11-14 16:32:00,2011-11-13 16:18:00,2,1667,1193.6299999999999,596.8149999999999,833.5,129.0,Wholesale,,,,,,,,,,
14383,2011-06-29 10:18:00,2011-11-01 15:53:00,3,817,1247.69,415.8966666666667,272.3333333333333,19.666666666666668,Retail,3,2,2,322,Loyal Customer,Active,37.0,United Kingdom,1247.69,2011-06
14384,2010-07-27 09:53:00,2010-07-27 09:53:00,1,30,58.5,58.5,30.0,3.0,Retail,1,1,1,111,At Risk / Lost Customer,Churned,500.0,United Kingdom,58.5,2010-07
14385,2011-11-16 11:55:00,2011-11-30 15:36:00,3,159,202.11,67.37,53.0,4.666666666666667,Retail,3,2,1,321,Average Customer,Active,8.0,United Kingdom,202.11,2011-11
14386,2011-02-16 09:45:00,2011-02-16 09:45:00,1,54,142.4,142.4,54.0,7.0,Retail,1,1,1,111,At Risk / Lost Customer,Churned,296.0,United Kingdom,142.4,2011-02
14387,2011-08-22 14:13:00,2011-11-07 12:29:00,3,795,1727.6,575.8666666666667,265.0,46.0,Retail,3,2,3,323,Loyal Customer,Active,32.0,United Kingdom,1727.6,2011-08
14388,2010-01-20 11:54:00,2011-11-29 13:32:00,16,4190,6388.2,399.2625,261.875,24.5625,Retail,3,3,3,333,Best Customer,Active,9.0,United Kingdom,6388.2,2010-01
14389,2010-04-28 14:57:00,2011-10-05 15:17:00,5,1388,1898.01,379.602,277.6,17.4,Retail,2,2,3,223,Loyal Customer,Active,64.0,United Kingdom,1898.01,2010-04
14390,2010-10-10 14:30:00,2011-11-29 13:49:00,13,2830,6150.03,473.0792307692308,217.69230769230768,34.84615384615385,Retail,3,3,3,333,Best Customer,Active,9.0,United Kingdom,6150.03,2010-10
14391,2010-05-12 09:42:00,2010-05-12 09:42:00,1,168,135.6,135.6,168.0,14.0,Retail,1,1,1,111,At Risk / Lost Customer,Churned,576.0,United Kingdom,135.6,2010-05
14392,2010-10-03 12:56:00,2010-10-03 12:56:00,1,114,266.4,266.4,114.0,14.0,Retail,1,1,1,111,At Risk / Lost Customer,Churned,431.0,United Kingdom,266.4,2010-10
14393,2011-05-05 18:16:00,2011-05-05 18:16:00,1,13,67.95,67.95,13.0,5.0,Retail,2,1,1,211,At Risk / Lost Customer,Churned,217.0,United Kingdom,67.95,2011-05
14394,2010-05-24 10:43:00,2010-05-24 10:43:00,1,58,93.8,93.8,58.0,6.0,Retail,1,1,1,111,At Risk / Lost Customer,Churned,564.0,United Kingdom,93.8,2010-05
14395,2010-04-18 13:12:00,2011-12-07 14:34:00,20,3872,7801.93,390.0965,193.6,37.8,Retail,3,3,3,333,Best Customer,Active,1.0,United Kingdom,7801.93,2010-04
14396,2009-12-02 14:21:00,2011-10-05 16:09:00,7,959,1969.38,281.34000000000003,137.0,34.714285714285715,Retail,2,3,3,233,Loyal Customer,Active,64.0,United Kingdom,1969.38,2009-12
14397,2011-05-10 12:25:00,2011-12-07 09:22:00,19,1890,2612.96,137.52421052631578,99.47368421052632,4.578947368421052,Retail,3,3,3,333,Best Customer,Active,2.0,United Kingdom,2612.96,2011-05
14398,2010-06-30 11:57:00,2010-11-03 13:46:00,2,267,707.79,353.895,133.5,26.5,Retail,1,1,2,112,At Risk / Lost Customer,Churned,400.0,United Kingdom,707.79,2010-06
14399,2010-02-03 13:09:00,2010-11-10 13:23:00,8,965,2108.21,263.52625,120.625,23.625,Retail,1,3,3,133,Loyal Customer,Churned,393.0,United Kingdom,2108.21,2010-02
14400,2010-03-18 12:11:00,2011-07-13 15:50:00,3,1706,1732.47,577.49,568.6666666666666,24.333333333333332,Wholesale,,,,,,,,,,
14401,2009-12-14 13:22:00,2011-12-05 13:30:00,22,6401,6795.9,308.9045454545454,290.95454545454544,12.090909090909092,Retail,3,3,3,333,Best Customer,Active,3.0,United Kingdom,6795.9,2009-12
14402,2010-02-25 13:20:00,2010-02-25 13:20:00,1,240,285.6,285.6,240.0,8.0,Retail,1,1,1,111,At Risk / Lost Customer,Churned,651.0,United Kingdom,285.6,2010-02
14403,2010-03-10 14:00:00,2011-08-01 12:57:00,6,737,1880.51,313.41833333333335,122.83333333333333,4.166666666666667,Retail,2,3,3,233,Loyal Customer,Active,129.0,United Kingdom,1880.51,2010-03
14404,2009-12-20 14:40:00,2011-11-06 12:30:00,13,1577,2724.13,209.54846153846154,121.3076923076923,13.846153846153847,Retail,3,3,3,333,Best Customer,Active,33.0,United Kingdom,2724.13,2009-12
14405,2010-11-18 11:40:00,2010-11-18 11:40:00,1,100,195.0,195.0,100.0,2.0,Retail,1,1,1,111,At Risk / Lost Customer,Churned,386.0,United Kingdom,195.0,2010-11
14406,2011-08-12 16:54:00,2011-08-12 16:54:00,1,77,156.75,156.75,77.0,8.0,Retail,2,1,1,211,At Risk / Lost Customer,Active,118.0,United Kingdom,156.75,2011-08
14407,2011-03-08 11:59:00,2011-08-24 14:02:00,6,1415,2157.73,359.62166666666667,235.83333333333334,12.166666666666666,Retail,2,3,3,233,Loyal Customer,Active,106.0,United Kingdom,2157.73,2011-03
14408,2009-12-07 12:18:00,2011-11-29 11:41:00,11,2438,4102.27,372.9336363636364,221.63636363636363,11.454545454545455,Retail,3,3,3,333,Best Customer,Active,10.0,United Kingdom,4102.27,2009-12
14409,2010-05-21 16:45:00,2011-09-29 18:18:00,9,2233,3427.29,380.81,248.11111111111111,11.555555555555555,Retail,2,3,3,233,Loyal Customer,Active,70.0,United Kingdom,3427.29,2010-05
14410,2010-09-28 15:46:00,2011-09-08 15:08:00,11,1371,2631.9,239.26363636363638,124.63636363636364,33.72727272727273,Retail,2,3,3,233,Loyal Customer,Active,91.0,United Kingdom,2631.9,2010-09
14411,2011-02-02 10:56:00,2011-02-02 10:56:00,1,196,1063.0,1063.0,196.0,14.0,Retail,1,1,2,112,At Risk / Lost Customer,Churned,310.0,United Kingdom,1063.0,2011-02
14412,2010-10-11 12:33:00,2011-10-28 10:45:00,3,1428,1426.19,475.3966666666667,476.0,28.0,Retail,3,2,3,323,Loyal Customer,Active,42.0,United Kingdom,1426.19,2010-10
14413,2010-01-19 14:27:00,2010-12-12 13:37:00,4,277,764.52,191.13,69.25,24.0,Retail,1,2,2,122,Average Customer,Churned,361.0,United Kingdom,764.52,2010-01
14414,2010-11-30 10:12:00,2011-09-09 12:09:00,8,2877,2399.33,299.91625,359.625,14.75,Retail,2,3,3,233,Loyal Customer,Active,91.0,United Kingdom,2399.33,2010-11
14415,2009-12-16 14:08:00,2011-12-08 14:38:00,23,6263,11980.09,520.8734782608695,272.30434782608694,52.130434782608695,Retail,3,3,3,333,Best Customer,Active,0.0,United Kingdom,11980.09,2009-12
14416,2011-10-28 15:10:00,2011-11-17 15:22:00,2,326,490.22,245.11,163.0,7.0,Retail,3,1,2,312,Average Customer,Active,21.0,United Kingdom,490.22,2011-10
14417,2010-11-17 10:55:00,2010-11-17 10:55:00,1,543,524.65,524.65,543.0,106.0,Wholesale,,,,,,,,,,
14418,2011-08-23 17:18:00,2011-12-06 11:39:00,3,1711,1937.25,645.75,570.3333333333334,40.666666666666664,Wholesale,,,,,,,,,,
14419,2010-11-22 11:09:00,2011-11-29 11:22:00,7,552,1254.64,179.23428571428573,78.85714285714286,31.857142857142858,Retail,3,3,2,332,Loyal Customer,Active,10.0,United Kingdom,1254.64,2010-11
14420,2010-01-17 12:41:00,2011-09-01 18:07:00,4,1120,1639.17,409.7925,280.0,23.0,Retail,2,2,3,223,Loyal Customer,Active,98.0,United Kingdom,1639.17,2010-01
14421,2010-01-17 11:30:00,2011-10-13 13:24:00,6,1342,2469.37,411.56166666666667,223.66666666666666,16.0,Retail,2,3,3,233,Loyal Customer,Active,56.0,United Kingdom,2469.37,2010-01
14422,2009-12-17 12:12:00,2011-12-09 11:26:00,19,6067,10271.52,540.6063157894737,319.3157894736842,29.05263157894737,Retail,3,3,3,333,Best Customer,Active,0.0,United Kingdom,10271.52,2009-12
14423,2010-01-14 11:49:00,2011-05-05 15:12:00,3,419,916.6099999999999,305.53666666666663,139.66666666666666,5.0,Retail,2,2,2,222,Average Customer,Churned,217.0,United Kingdom,916.6099999999999,2010-01
14424,2011-11-22 11:48:00,2011-11-22 11:48:00,1,48,322.08,322.08,48.0,1.0,Retail,3,1,1,311,Average Customer,Active,17.0,United Kingdom,322.08,2011-11
14425,2009-12-02 11:31:00,2010-10-01 10:24:00,3,325,661.39,220.46333333333334,108.33333333333333,13.0,Retail,1,2,2,122,Average Customer,Churned,434.0,United Kingdom,661.39,2009-12
14426,2010-03-04 14:36:00,2011-11-16 12:25:00,17,7023,11727.94,689.8788235294118,413.11764705882354,35.529411764705884,Retail,3,3,3,333,Best Customer,Active,23.0,United Kingdom,11727.94,2010-03
14427,2010-03-18 09:49:00,2011-10-20 14:23:00,4,538,1263.52,315.88,134.5,11.0,Retail,2,2,2,222,Average Customer,Active,49.0,United Kingdom,1263.52,2010-03
14428,2011-01-18 16:39:00,2011-12-02 13:17:00,5,428,1224.06,244.81199999999998,85.6,26.2,Retail,3,2,2,322,Loyal Customer,Active,6.0,United Kingdom,1224.06,2011-01
14429,2010-11-01 10:08:00,2010-11-01 10:08:00,1,286,516.28,516.28,286.0,22.0,Retail,1,1,2,112,At Risk / Lost Customer,Churned,403.0,United Kingdom,516.28,2010-11
14430,2010-04-11 15:59:00,2010-07-16 11:35:00,3,446,1220.9,406.9666666666667,148.66666666666666,11.666666666666666,Retail,1,2,2,122,Average Customer,Churned,511.0,United Kingdom,1220.9,2010-04
14431,2010-01-21 10:49:00,2011-02-10 10:40:00,4,1202,2614.2,653.55,300.5,20.25,Retail,1,2,3,123,Average Customer,Churned,302.0,United Kingdom,2614.2,2010-01
14432,2011-09-11 14:09:00,2011-11-30 08:04:00,6,2013,2248.5,374.75,335.5,62.0,Wholesale,,,,,,,,,,
14433,2010-08-31 12:35:00,2010-08-31 12:35:00,1,131,280.7,280.7,131.0,72.0,Wholesale,,,,,,,,,,
14434,2011-09-28 15:31:00,2011-11-18 08:56:00,6,368,1372.8,228.79999999999998,61.333333333333336,2.0,Retail,3,3,2,332,Loyal Customer,Active,21.0,United Kingdom,1372.8,2011-09
14435,2010-07-26 12:33:00,2010-07-26 12:33:00,1,282,90.42,90.42,282.0,3.0,Retail,1,1,1,111,At Risk / Lost Customer,Churned,501.0,United Kingdom,90.42,2010-07
14436,2010-06-04 11:32:00,2011-09-02 10:13:00,2,297,271.70000000000005,135.85000000000002,148.5,5.5,Retail,2,1,1,211,At Risk / Lost Customer,Active,98.0,United Kingdom,271.70000000000005,2010-06
14437,2010-05-05 12:20:00,2010-12-09 09:27:00,5,420,873.34,174.668,84.0,8.4,Retail,1,2,2,122,Average Customer,Churned,365.0,United Kingdom,873.34,2010-05
14438,2011-02-06 14:56:00,2011-02-06 14:56:00,1,82,131.9,131.9,82.0,9.0,Retail,1,1,1,111,At Risk / Lost Customer,Churned,305.0,United Kingdom,131.9,2011-02
14439,2010-01-21 14:01:00,2011-01-24 11:39:00,5,2244,9443.04,1888.6080000000002,448.8,25.8,Retail,1,2,3,123,Average Customer,Churned,319.0,Greece,9443.04,2010-01
14440,2009-12-02 12:13:00,2011-12-01 15:42:00,13,1605,5982.03,460.1561538461538,123.46153846153847,9.846153846153847,Retail,3,3,3,333,Best Customer,Active,7.0,United Kingdom,5982.03,2009-12
14441,2010-01-18 10:40:00,2011-12-09 09:07:00,11,1260,4611.6900000000005,419.2445454545455,114.54545454545455,13.909090909090908,Retail,3,3,3,333,Best Customer,Active,0.0,United Kingdom,4611.6900000000005,2010-01
14442,2010-01-18 12:59:00,2011-05-19 11:36:00,7,1431,5367.0199999999995,766.7171428571428,204.42857142857142,26.142857142857142,Retail,2,3,3,233,Loyal Customer,Churned,204.0,Channel Islands,5367.0199999999995,2010-01
14443,2010-11-25 14:18:00,2011-10-17 10:10:00,5,1357,2082.97,416.59399999999994,271.4,26.6,Retail,2,2,3,223,Loyal Customer,Active,53.0,United Kingdom,2082.97,2010-11
14444,2010-09-09 18:56:00,2010-09-09 18:56:00,1,172,120.44,120.44,172.0,11.0,Retail,1,1,1,111,At Risk / Lost Customer,Churned,455.0,United Kingdom,120.44,2010-09
14445,2010-09-10 11:09:00,2010-09-10 11:09:00,1,83,221.65,221.65,83.0,32.0,Retail,1,1,1,111,At Risk / Lost Customer,Churned,455.0,United Kingdom,221.65,2010-09
14446,2010-11-18 12:08:00,2011-12-09 11:34:00,5,1091,1200.28,240.05599999999998,218.2,61.4,Wholesale,,,,,,,,,,
14447,2010-11-04 13:32:00,2011-11-21 08:28:00,6,913,1711.73,285.28833333333336,152.16666666666666,17.666666666666668,Retail,3,3,3,333,Best Customer,Active,18.0,United Kingdom,1711.73,2010-11
14448,2010-12-10 17:26:00,2011-11-30 13:50:00,2,104,375.35,187.675,52.0,10.0,Retail,3,1,1,311,Average Customer,Active,8.0,United Kingdom,375.35,2010-12
14449,2010-09-29 13:15:00,2011-11-21 12:06:00,8,1604,2230.96,278.87,200.5,58.125,Wholesale,,,,,,,,,,
14450,2010-04-08 12:09:00,2011-06-12 10:46:00,7,522,1128.44,161.2057142857143,74.57142857142857,10.857142857142858,Retail,2,3,2,232,Loyal Customer,Churned,180.0,United Kingdom,1128.44,2010-04
14451,2010-01-17 10:35:00,2011-10-10 13:38:00,12,1737,3258.68,271.5566666666667,144.75,41.166666666666664,Retail,2,3,3,233,Loyal Customer,Active,59.0,United Kingdom,3258.68,2010-01
14452,2010-07-06 13:13:00,2011-11-29 12:06:00,4,285,658.95,164.7375,71.25,31.5,Retail,3,2,2,322,Loyal Customer,Active,10.0,United Kingdom,658.95,2010-07
14453,2011-06-02 14:15:00,2011-06-02 14:15:00,1,49,119.93,119.93,49.0,22.0,Retail,2,1,1,211,At Risk / Lost Customer,Churned,189.0,United Kingdom,119.93,2011-06
14454,2009-12-06 12:56:00,2010-11-28 13:26:00,5,400,977.3,195.45999999999998,80.0,21.4,Retail,1,2,2,122,Average Customer,Churned,375.0,United Kingdom,977.3,2009-12
14455,2010-08-01 13:26:00,2010-10-03 15:48:00,4,706,617.72,154.43,176.5,18.5,Retail,1,2,2,122,Average Customer,Churned,431.0,United Kingdom,617.72,2010-08
14456,2011-07-20 13:06:00,2011-12-04 13:59:00,9,2885,3017.28,335.25333333333333,320.55555555555554,102.33333333333333,Wholesale,,,,,,,,,,
14457,2011-02-02 09:39:00,2011-02-02 09:39:00,1,88,113.64,113.64,88.0,4.0,Retail,1,1,1,111,At Risk / Lost Customer,Churned,310.0,United Kingdom,113.64,2011-02
14458,2010-11-24 12:43:00,2010-11-24 12:43:00,1,317,228.07,228.07,317.0,46.0,Retail,1,1,1,111,At Risk / Lost Customer,Churned,380.0,United Kingdom,228.07,2010-11
14459,2010-02-26 13:26:00,2011-07-07 13:35:00,2,2303,5375.741,2687.8705,1151.5,56.5,Wholesale,,,,,,,,,,
14460,2009-12-15 19:06:00,2011-08-21 14:19:00,9,1879,1093.5,121.5,208.77777777777777,4.666666666666667,Retail,2,3,2,232,Loyal Customer,Active,109.0,United Kingdom,1093.5,2009-12
14461,2010-01-18 12:48:00,2011-07-14 17:11:00,13,3005,6676.91,513.6084615384615,231.15384615384616,48.61538461538461,Retail,2,3,3,233,Loyal Customer,Churned,147.0,United Kingdom,6676.91,2010-01
14462,2010-10-03 14:13:00,2011-10-04 15:55:00,12,1063,2242.81,186.90083333333334,88.58333333333333,22.583333333333332,Retail,2,3,3,233,Loyal Customer,Active,65.0,United Kingdom,2242.81,2010-10
14463,2010-07-28 11:35:00,2011-09-02 15:20:00,4,210,786.5699999999999,196.64249999999998,52.5,2.0,Retail,2,2,2,222,Average Customer,Active,97.0,United Kingdom,786.5699999999999,2010-07
14464,2010-03-22 15:20:00,2010-05-20 18:00:00,2,62,111.0,55.5,31.0,2.0,Retail,1,1,1,111,At Risk / Lost Customer,Churned,567.0,United Kingdom,111.0,2010-03
14465,2010-01-07 15:03:00,2011-04-07 12:38:00,11,2539,3925.85,356.8954545454545,230.8181818181818,17.272727272727273,Retail,2,3,3,233,Loyal Customer,Churned,246.0,United Kingdom,3925.85,2010-01
14466,2009-12-13 15:44:00,2011-11-10 14:07:00,13,2507,4267.15,328.2423076923077,192.84615384615384,15.76923076923077,Retail,3,3,3,333,Best Customer,Active,28.0,United Kingdom,4267.15,2009-12
14467,2009-12-02 12:44:00,2011-11-22 12:48:00,12,1187,2203.2400000000002,183.60333333333335,98.91666666666667,24.833333333333332,Retail,3,3,3,333,Best Customer,Active,17.0,United Kingdom,2203.2400000000002,2009-12
14468,2009-12-06 12:21:00,2009-12-06 12:21:00,1,164,204.24,204.24,164.0,12.0,Retail,1,1,1,111,At Risk / Lost Customer,Churned,733.0,United Kingdom,204.24,2009-12
14469,2010-01-29 11:12:00,2010-10-19 14:30:00,4,973,2093.46,523.365,243.25,36.0,Retail,1,2,3,123,Average Customer,Churned,415.0,United Kingdom,2093.46,2010-01
14470,2010-10-05 12:39:00,2011-11-28 10:31:00,3,282,712.04,237.34666666666666,94.0,20.0,Retail,3,2,2,322,Loyal Customer,Active,11.0,United Kingdom,712.04,2010-10
14471,2009-12-07 12:26:00,2010-04-27 17:12:00,2,187,400.95,200.475,93.5,20.5,Retail,1,1,1,111,At Risk / Lost Customer,Churned,590.0,United Kingdom,400.95,2009-12
14472,2010-01-19 13:09:00,2011-08-28 11:01:00,9,1271,2118.72,235.4133333333333,141.22222222222223,32.666666666666664,Retail,2,3,3,233,Loyal Customer,Active,103.0,United Kingdom,2118.72,2010-01
14473,2011-03-02 13:56:00,2011-09-26 15:10:00,2,88,234.34000000000003,117.17000000000002,44.0,3.5,Retail,2,1,1,211,At Risk / Lost Customer,Active,73.0,United Kingdom,234.34000000000003,2011-03
14474,2010-05-09 12:12:00,2011-10-24 13:26:00,2,448,1258.8899999999999,629.4449999999999,224.0,63.0,Wholesale,,,,,,,,,,
14475,2010-10-27 09:20:00,2011-09-29 10:46:00,4,541,1151.15,287.7875,135.25,12.0,Retail,2,2,2,222,Average Customer,Active,71.0,United Kingdom,1151.15,2010-10
14476,2011-03-27 15:39:00,2011-03-27 15:39:00,1,110,193.0,193.0,110.0,17.0,Retail,2,1,1,211,At Risk / Lost Customer,Churned,256.0,United Kingdom,193.0,2011-03
14477,2010-01-04 15:41:00,2011-11-20 11:11:00,7,1120,1969.6,281.37142857142857,160.0,2.0,Retail,3,3,3,333,Best Customer,Active,19.0,United Kingdom,1969.6,2010-01
14478,2009-12-01 13:20:00,2010-11-22 15:29:00,4,1226,1276.66,319.165,306.5,17.0,Retail,1,2,2,122,Average Customer,Churned,381.0,United Kingdom,1276.66,2009-12
14479,2009-12-06 13:48:00,2011-03-31 09:07:00,4,562,1124.71,281.1775,140.5,33.75,Retail,2,2,2,222,Average Customer,Churned,253.0,United Kingdom,1124.71,2009-12
14480,2009-12-21 16:32:00,2011-11-28 16:35:00,4,670,1299.52,324.88,167.5,16.25,Retail,3,2,2,322,Loyal Customer,Active,10.0,United Kingdom,1299.52,2009-12
14481,2010-01-31 12:43:00,2011-06-28 10:38:00,5,1568,2284.69,456.938,313.6,29.6,Retail,2,2,3,223,Loyal Customer,Churned,164.0,United Kingdom,2284.69,2010-01
14482,2010-08-26 14:13:00,2011-11-21 13:14:00,12,2869,4306.72,358.8933333333334,239.08333333333334,19.416666666666668,Retail,3,3,3,333,Best Customer,Active,17.0,United Kingdom,4306.72,2010-08
14483,2009-12-03 10:16:00,2011-03-03 10:26:00,2,193,257.1,128.55,96.5,6.5,Retail,1,1,1,111,At Risk / Lost Customer,Churned,281.0,United Kingdom,257.1,2009-12
14484,2009-12-17 10:57:00,2011-10-20 14:11:00,4,744,1070.98,267.745,186.0,13.25,Retail,2,2,2,222,Average Customer,Active,49.0,United Kingdom,1070.98,2009-12
14485,2011-11-01 12:25:00,2011-11-01 12:25:00,1,70,162.8,162.8,70.0,44.0,Retail,3,1,1,311,Average Customer,Active,38.0,United Kingdom,162.8,2011-11
14486,2010-06-04 10:30:00,2010-07-16 09:42:00,2,90,175.5,87.75,45.0,3.0,Retail,1,1,1,111,At Risk / Lost Customer,Churned,511.0,United Kingdom,175.5,2010-06
14487,2010-11-25 13:36:00,2011-11-13 12:17:00,7,761,1266.27,180.8957142857143,108.71428571428571,22.571428571428573,Retail,3,3,2,332,Loyal Customer,Active,26.0,United Kingdom,1266.27,2010-11
14488,2011-10-03 09:30:00,2011-10-03 09:30:00,1,799,1064.28,1064.28,799.0,46.0,Wholesale,,,,,,,,,,
14489,2010-04-06 09:52:00,2011-05-16 14:51:00,4,1011,1574.93,393.7325,252.75,25.0,Retail,2,2,3,223,Loyal Customer,Churned,206.0,United Kingdom,1574.93,2010-04
14490,2010-10-07 11:36:00,2010-10-29 15:04:00,2,933,1273.47,636.735,466.5,40.0,Retail,1,1,2,112,At Risk / Lost Customer,Churned,405.0,United Kingdom,1273.47,2010-10
14491,2010-12-02 12:10:00,2011-06-17 15:22:00,2,139,340.93,170.465,69.5,8.5,Retail,2,1,1,211,At Risk / Lost Customer,Churned,174.0,United Kingdom,340.93,2010-12
14492,2010-03-30 14:23:00,2010-10-05 13:21:00,7,751,1921.91,274.55857142857144,107.28571428571429,13.142857142857142,Retail,1,3,3,133,Loyal Customer,Churned,429.0,United Kingdom,1921.91,2010-03
14493,2010-03-08 08:33:00,2011-12-02 16:14:00,10,3148,5087.86,508.78599999999994,314.8,34.3,Retail,3,3,3,333,Best Customer,Active,6.0,United Kingdom,5087.86,2010-03
14494,2009-12-08 13:25:00,2011-11-14 09:21:00,3,210,401.46,133.82,70.0,5.666666666666667,Retail,3,2,1,321,Average Customer,Active,25.0,United Kingdom,401.46,2009-12
14495,2010-02-18 08:49:00,2011-10-20 12:28:00,3,68,174.8,58.26666666666667,22.666666666666668,2.3333333333333335,Retail,2,2,1,221,Average Customer,Active,50.0,United Kingdom,174.8,2010-02
14496,2010-03-16 13:15:00,2011-02-01 09:01:00,7,905,2363.89,337.6985714285714,129.28571428571428,15.142857142857142,Retail,1,3,3,133,Loyal Customer,Churned,311.0,United Kingdom,2363.89,2010-03
14497,2010-02-04 09:59:00,2011-02-03 17:01:00,2,332,697.0600000000001,348.53000000000003,166.0,20.0,Retail,1,1,2,112,At Risk / Lost Customer,Churned,308.0,United Kingdom,697.0600000000001,2010-02
14498,2010-06-07 16:05:00,2011-10-28 12:09:00,10,2120,3900.83,390.08299999999997,212.0,36.3,Retail,3,3,3,333,Best Customer,Active,42.0,United Kingdom,3900.83,2010-06
14499,2010-08-27 11:57:00,2011-11-13 13:01:00,7,1231,2101.79,300.2557142857143,175.85714285714286,42.857142857142854,Retail,3,3,3,333,Best Customer,Active,25.0,United Kingdom,2101.79,2010-08
14500,2011-06-03 10:08:00,2011-09-12 16:45:00,3,117,356.85,118.95,39.0,2.0,Retail,2,2,1,221,Average Customer,Active,87.0,United Kingdom,356.85,2011-06
14501,2011-01-24 10:43:00,2011-06-09 12:02:00,2,161,251.21,125.605,80.5,5.0,Retail,2,1,1,211,At Risk / Lost Customer,Churned,183.0,United Kingdom,251.21,2011-01
14502,2011-01-30 15:52:00,2011-11-20 11:50:00,11,1480,2429.83,220.89363636363635,134.54545454545453,53.54545454545455,Wholesale,,,,,,,,,,
14503,2011-06-14 10:00:00,2011-12-06 13:30:00,6,2004,3543.26,590.5433333333334,334.0,27.333333333333332,Retail,3,3,3,333,Best Customer,Active,2.0,United Kingdom,3543.26,2011-06
14504,2011-03-06 14:38:00,2011-10-23 16:00:00,4,308,673.26,168.315,77.0,26.75,Retail,2,2,2,222,Average Customer,Active,46.0,United Kingdom,673.26,2011-03
14505,2009-12-09 14:48:00,2011-11-22 15:45:00,19,5325,11879.08,625.2147368421053,280.2631578947368,80.52631578947368,Wholesale,,,,,,,,,,
14506,2010-04-19 08:27:00,2011-11-22 13:02:00,7,936,2960.25,422.89285714285717,133.71428571428572,55.142857142857146,Wholesale,,,,,,,,,,
14507,2009-12-10 17:04:00,2011-11-16 12:21:00,11,1491,3216.7400000000002,292.4309090909091,135.54545454545453,23.0,Retail,3,3,3,333,Best Customer,Active,23.0,United Kingdom,3216.7400000000002,2009-12
14508,2010-06-17 13:02:00,2011-11-17 19:48:00,5,347,822.92,164.584,69.4,33.8,Retail,3,2,2,322,Loyal Customer,Active,21.0,United Kingdom,822.92,2010-06
14509,2010-06-23 13:21:00,2010-06-23 13:21:00,1,38,110.95,110.95,38.0,25.0,Retail,1,1,1,111,At Risk / Lost Customer,Churned,533.0,United Kingdom,110.95,2010-06
14510,2010-09-29 13:35:00,2010-11-29 12:46:00,3,793,979.85,326.6166666666667,264.3333333333333,25.0,Retail,1,2,2,122,Average Customer,Churned,375.0,United Kingdom,979.85,2010-09
14511,2011-07-29 12:13:00,2011-11-28 17:05:00,5,784,1314.81,262.962,156.8,13.6,Retail,3,2,2,322,Loyal Customer,Active,10.0,United Kingdom,1314.81,2011-07
14512,2009-12-07 13:49:00,2011-06-05 12:39:00,7,736,1215.97,173.71,105.14285714285714,11.285714285714286,Retail,2,3,2,232,Loyal Customer,Churned,187.0,United Kingdom,1215.97,2009-12
14513,2010-05-20 17:57:00,2011-08-31 11:25:00,6,593,788.01,131.335,98.83333333333333,3.1666666666666665,Retail,2,3,2,232,Loyal Customer,Active,100.0,United Kingdom,788.01,2010-05
14514,2009-12-13 13:21:00,2011-10-09 16:05:00,9,2362,4380.04,486.6711111111111,262.44444444444446,34.666666666666664,Retail,2,3,3,233,Loyal Customer,Active,60.0,United Kingdom,4380.04,2009-12
14515,2010-06-07 12:37:00,2011-11-22 11:37:00,12,1893,3724.06,310.3383333333333,157.75,14.416666666666666,Retail,3,3,3,333,Best Customer,Active,17.0,United Kingdom,3724.06,2010-06
14516,2010-07-11 14:07:00,2010-07-11 14:07:00,1,63,151.17,151.17,63.0,35.0,Retail,1,1,1,111,At Risk / Lost Customer,Churned,515.0,United Kingdom,151.17,2010-07
14517,2011-07-21 11:42:00,2011-11-06 14:20:00,2,91,330.45,165.225,45.5,9.0,Retail,3,1,1,311,Average Customer,Active,32.0,United Kingdom,330.45,2011-07
14518,2011-10-06 14:43:00,2011-10-06 14:43:00,1,278,174.37,174.37,278.0,16.0,Retail,2,1,1,211,At Risk / Lost Customer,Active,63.0,United Kingdom,174.37,2011-10
14519,2009-12-11 10:40:00,2010-01-25 11:18:00,2,81,203.14,101.57,40.5,19.0,Retail,1,1,1,111,At Risk / Lost Customer,Churned,683.0,United Kingdom,203.14,2009-12
14520,2011-02-22 09:15:00,2011-12-08 09:46:00,2,146,270.6,135.3,73.0,2.0,Retail,3,1,1,311,Average Customer,Active,1.0,United Kingdom,270.6,2011-02
14521,2010-08-05 16:35:00,2010-08-05 16:35:00,1,211,199.45000000000002,199.45000000000002,211.0,17.0,Retail,1,1,1,111,At Risk / Lost Customer,Churned,490.0,United Kingdom,199.45000000000002,2010-08
14522,2010-01-24 13:55:00,2011-11-15 13:24:00,8,956,1748.42,218.5525,119.5,5.5,Retail,3,3,3,333,Best Customer,Active,23.0,United Kingdom,1748.42,2010-01
14523,2011-08-23 13:13:00,2011-08-23 13:13:00,1,251,241.09,241.09,251.0,12.0,Retail,2,1,1,211,At Risk / Lost Customer,Active,107.0,United Kingdom,241.09,2011-08
14524,2010-10-19 11:44:00,2011-11-08 12:29:00,13,1169,2909.86,223.8353846153846,89.92307692307692,24.692307692307693,Retail,3,3,3,333,Best Customer,Active,31.0,United Kingdom,2909.86,2010-10
14525,2009-12-13 14:01:00,2011-11-20 11:37:00,17,5106,8026.54,472.14941176470586,300.3529411764706,30.11764705882353,Retail,3,3,3,333,Best Customer,Active,19.0,United Kingdom,8026.54,2009-12
14526,2010-11-15 13:32:00,2010-11-15 13:32:00,1,178,258.65,258.65,178.0,41.0,Retail,1,1,1,111,At Risk / Lost Customer,Churned,388.0,United Kingdom,258.65,2010-11
14527,2009-12-02 12:06:00,2011-12-07 12:19:00,122,6647,27246.88,223.3350819672131,54.48360655737705,21.614754098360656,Retail,3,3,3,333,Best Customer,Active,2.0,United Kingdom,27246.88,2009-12
14528,2011-11-02 17:09:00,2011-11-02 17:09:00,1,278,364.21999999999997,364.21999999999997,278.0,18.0,Retail,3,1,1,311,Average Customer,Active,36.0,United Kingdom,364.21999999999997,2011-11
14529,2011-08-21 14:10:00,2011-10-10 15:27:00,3,325,578.61,192.87,108.33333333333333,68.0,Wholesale,,,,,,,,,,
14530,2010-01-21 11:25:00,2011-11-14 10:38:00,16,2989,6088.87,380.554375,186.8125,29.125,Retail,3,3,3,333,Best Customer,Active,25.0,United Kingdom,6088.87,2010-01
14531,2010-08-17 10:16:00,2010-08-17 10:16:00,1,260,376.34,376.34,260.0,29.0,Retail,1,1,1,111,At Risk / Lost Customer,Churned,479.0,United Kingdom,376.34,2010-08
14532,2010-01-10 11:47:00,2011-04-17 13:05:00,11,1111,3845.78,349.61636363636364,101.0,28.363636363636363,Retail,2,3,3,233,Loyal Customer,Churned,235.0,United Kingdom,3845.78,2010-01
14533,2010-04-08 12:13:00,2011-11-15 12:05:00,11,6038,3466.37,315.12454545454545,548.9090909090909,8.090909090909092,Wholesale,,,,,,,,,,
14534,2010-03-15 14:16:00,2011-12-07 12:19:00,26,2822,6187.66,237.98692307692306,108.53846153846153,26.76923076923077,Retail,3,3,3,333,Best Customer,Active,2.0,United Kingdom,6187.66,2010-03
14535,2010-02-24 15:03:00,2011-10-10 15:39:00,9,3214,5973.2300000000005,663.6922222222223,357.1111111111111,90.44444444444444,Wholesale,,,,,,,,,,
14536,2011-03-25 12:21:00,2011-03-25 12:21:00,1,39,170.95,170.95,39.0,18.0,Retail,2,1,1,211,At Risk / Lost Customer,Churned,259.0,United Kingdom,170.95,2011-03
14537,2010-03-26 13:44:00,2011-10-13 10:54:00,2,228,641.4,320.7,114.0,11.5,Retail,2,1,2,212,Average Customer,Active,57.0,United Kingdom,641.4,2010-03
14538,2010-01-25 15:42:00,2011-10-06 10:31:00,5,284,1370.8400000000001,274.168,56.8,10.4,Retail,2,2,2,222,Average Customer,Active,64.0,United Kingdom,1370.8400000000001,2010-01
14539,2011-10-26 12:03:00,2011-11-24 09:50:00,2,428,537.48,268.74,214.0,16.0,Retail,3,1,2,312,Average Customer,Active,15.0,United Kingdom,537.48,2011-10
14540,2009-12-07 13:00:00,2011-11-30 10:15:00,11,1595,3709.64,337.24,145.0,23.09090909090909,Retail,3,3,3,333,Best Customer,Active,9.0,United Kingdom,3709.64,2009-12
14541,2010-01-07 11:59:00,2011-10-12 10:08:00,14,1123,2491.38,177.9557142857143,80.21428571428571,11.857142857142858,Retail,2,3,3,233,Loyal Customer,Active,58.0,United Kingdom,2491.38,2010-01
14542,2011-06-07 08:19:00,2011-06-07 08:19:00,1,19,103.25,103.25,19.0,5.0,Retail,2,1,1,211,At Risk / Lost Customer,Churned,185.0,United Kingdom,103.25,2011-06
14543,2009-12-01 13:47:00,2011-11-11 12:45:00,39,2639,14587.87,374.0479487179487,67.66666666666667,5.358974358974359,Retail,3,3,3,333,Best Customer,Active,28.0,United Kingdom,14587.87,2009-12
14544,2010-08-26 16:00:00,2011-11-15 15:06:00,3,2412,2938.53,979.5100000000001,804.0,59.333333333333336,Wholesale,,,,,,,,,,
14545,2010-02-03 15:23:00,2010-02-03 15:23:00,1,236,349.25,349.25,236.0,23.0,Retail,1,1,1,111,At Risk / Lost Customer,Churned,673.0,United Kingdom,349.25,2010-02
14546,2009-12-06 13:10:00,2011-12-04 13:00:00,11,2688,5184.84,471.34909090909093,244.36363636363637,71.0909090909091,Wholesale,,,,,,,,,,
14547,2011-10-16 14:35:00,2011-12-06 11:06:00,8,2639,3974.75,496.84375,329.875,43.375,Retail,3,3,3,333,Best Customer,Active,3.0,United Kingdom,3974.75,2011-10
14548,2009-12-06 14:00:00,2011-07-12 12:19:00,9,986,2541.29,282.36555555555555,109.55555555555556,11.444444444444445,Retail,2,3,3,233,Loyal Customer,Churned,150.0,United Kingdom,2541.29,2009-12
14549,2009-12-02 14:06:00,2011-02-01 13:47:00,4,394,913.6,228.4,98.5,35.75,Retail,1,2,2,122,Average Customer,Churned,310.0,United Kingdom,913.6,2009-12
14550,2010-08-13 12:05:00,2011-11-29 12:12:00,4,771,1345.06,336.265,192.75,23.5,Retail,3,2,2,322,Loyal Customer,Active,10.0,United Kingdom,1345.06,2010-08
14551,2010-01-27 12:06:00,2011-11-21 13:36:00,7,486,878.09,125.44142857142857,69.42857142857143,11.0,Retail,3,3,2,332,Loyal Customer,Active,17.0,United Kingdom,878.09,2010-01
14552,2010-04-26 13:44:00,2011-07-11 12:49:00,3,258,507.93,169.31,86.0,51.333333333333336,Retail,2,2,2,222,Average Customer,Churned,151.0,United Kingdom,507.93,2010-04
14553,2010-07-18 12:07:00,2011-11-20 13:20:00,9,1118,1818.6,202.06666666666666,124.22222222222223,30.88888888888889,Retail,3,3,3,333,Best Customer,Active,18.0,United Kingdom,1818.6,2010-07
14554,2011-10-18 13:04:00,2011-11-29 16:44:00,4,1443,2279.4900000000002,569.8725000000001,360.75,47.25,Retail,3,2,3,323,Loyal Customer,Active,9.0,United Kingdom,2279.4900000000002,2011-10
14555,2009-12-18 11:39:00,2011-10-13 16:24:00,6,842,2304.03,384.00500000000005,140.33333333333334,18.666666666666668,Retail,2,3,3,233,Loyal Customer,Active,56.0,United Kingdom,2304.03,2009-12
14556,2010-01-20 11:49:00,2010-04-22 14:57:00,3,323,815.69,271.8966666666667,107.66666666666667,65.33333333333333,Wholesale,,,,,,,,,,
14557,2011-09-15 15:48:00,2011-09-15 15:48:00,1,510,788.38,788.38,510.0,16.0,Wholesale,,,,,,,,,,
14558,2009-12-08 10:41:00,2010-02-23 12:51:00,3,162,655.5,218.5,54.0,5.0,Retail,1,2,2,122,Average Customer,Churned,653.0,United Kingdom,655.5,2009-12
14559,2010-11-14 16:05:00,2010-11-14 16:05:00,1,72,75.6,75.6,72.0,2.0,Retail,1,1,1,111,At Risk / Lost Customer,Churned,389.0,United Kingdom,75.6,2010-11
14560,2009-12-02 10:15:00,2011-12-02 15:22:00,44,4580,6114.03,138.95522727272726,104.0909090909091,4.5227272727272725,Retail,3,3,3,333,Best Customer,Active,6.0,United Kingdom,6114.03,2009-12
14561,2011-06-08 13:26:00,2011-09-25 12:39:00,3,1014,1080.76,360.25333333333333,338.0,23.0,Retail,2,2,2,222,Average Customer,Active,75.0,United Kingdom,1080.76,2011-06
14562,2010-02-07 14:10:00,2011-12-06 11:05:00,26,2574,6638.150000000001,255.31346153846155,99.0,22.5,Retail,3,3,3,333,Best Customer,Active,3.0,United Kingdom,6638.150000000001,2010-02
14563,2010-04-26 12:51:00,2010-07-18 12:01:00,2,279,640.54,320.27,139.5,51.5,Retail,1,1,2,112,At Risk / Lost Customer,Churned,509.0,United Kingdom,640.54,2010-04
14564,2009-12-04 09:27:00,2010-10-01 09:02:00,2,1295,2605.62,1302.81,647.5,53.5,Wholesale,,,,,,,,,,
14565,2010-08-23 09:48:00,2011-09-05 09:07:00,5,1940,3859.2200000000003,771.844,388.0,32.0,Retail,2,2,3,223,Loyal Customer,Active,95.0,United Kingdom,3859.2200000000003,2010-08
14566,2010-06-24 10:34:00,2011-08-21 11:05:00,4,2400,4092.0,1023.0,600.0,4.0,Wholesale,,,,,,,,,,
14567,2011-08-01 13:48:00,2011-10-14 10:21:00,2,412,1530.3600000000001,765.1800000000001,206.0,16.5,Retail,2,1,3,213,Average Customer,Active,56.0,United Kingdom,1530.3600000000001,2011-08
14568,2010-09-30 17:15:00,2010-09-30 17:15:00,1,645,919.7,919.7,645.0,47.0,Wholesale,,,,,,,,,,
14569,2010-04-15 11:49:00,2011-12-08 14:58:00,4,257,597.3299999999999,149.33249999999998,64.25,8.0,Retail,3,2,2,322,Loyal Customer,Active,0.0,United Kingdom,597.3299999999999,2010-04
14570,2010-09-22 13:07:00,2011-03-04 10:58:00,3,431,613.75,204.58333333333334,143.66666666666666,22.0,Retail,1,2,2,122,Average Customer,Churned,280.0,United Kingdom,613.75,2010-09
14571,2010-10-10 15:06:00,2010-10-10 15:06:00,1,56,160.0,160.0,56.0,30.0,Retail,1,1,1,111,At Risk / Lost Customer,Churned,424.0,United Kingdom,160.0,2010-10
14572,2010-03-28 13:47:00,2011-12-06 14:40:00,11,2878,5526.88,502.44363636363636,261.6363636363636,43.45454545454545,Retail,3,3,3,333,Best Customer,Active,2.0,United Kingdom,5526.88,2010-03
14573,2010-01-08 16:34:00,2011-06-13 11:15:00,13,683,2163.12,166.39384615384614,52.53846153846154,23.53846153846154,Retail,2,3,3,233,Loyal Customer,Churned,179.0,United Kingdom,2163.12,2010-01
14574,2009-12-07 12:42:00,2009-12-07 12:42:00,1,63,143.70000000000002,143.70000000000002,63.0,11.0,Retail,1,1,1,111,At Risk / Lost Customer,Churned,732.0,United Kingdom,143.70000000000002,2009-12
14575,2010-08-08 14:51:00,2010-08-08 14:51:00,1,163,420.22,420.22,163.0,71.0,Wholesale,,,,,,,,,,
14576,2010-12-02 17:51:00,2010-12-02 17:51:00,1,12,35.400000000000006,35.400000000000006,12.0,1.0,Retail,1,1,1,111,At Risk / Lost Customer,Churned,371.0,United Kingdom,35.400000000000006,2010-12
14577,2009-12-11 12:09:00,2011-11-27 12:47:00,7,569,1364.15,194.87857142857143,81.28571428571429,25.0,Retail,3,3,2,332,Loyal Customer,Active,12.0,United Kingdom,1364.15,2009-12
14578,2011-12-06 17:18:00,2011-12-06 17:18:00,1,240,168.63,168.63,240.0,24.0,Retail,3,1,1,311,Average Customer,Active,2.0,United Kingdom,168.63,2011-12
14579,2010-10-03 14:36:00,2010-10-03 14:36:00,1,56,105.56,105.56,56.0,24.0,Retail,1,1,1,111,At Risk / Lost Customer,Churned,431.0,United Kingdom,105.56,2010-10
14580,2010-07-09 15:20:00,2010-07-09 15:20:00,1,3,14.850000000000001,14.850000000000001,3.0,1.0,Retail,1,1,1,111,At Risk / Lost Customer,Churned,517.0,United Kingdom,14.850000000000001,2010-07
14581,2010-06-13 15:48:00,2011-11-23 12:39:00,2,304,409.65,204.825,152.0,29.5,Retail,3,1,1,311,Average Customer,Active,16.0,United Kingdom,409.65,2010-06
14582,2011-10-30 11:56:00,2011-10-30 11:56:00,1,73,114.11,114.11,73.0,6.0,Retail,3,1,1,311,Average Customer,Active,40.0,United Kingdom,114.11,2011-10
14583,2010-03-28 15:16:00,2011-12-04 12:32:00,8,1071,1660.29,207.53625,133.875,54.625,Wholesale,,,,,,,,,,
14584,2010-02-17 14:01:00,2011-06-23 18:33:00,8,960,1738.16,217.27,120.0,27.0,Retail,2,3,3,233,Loyal Customer,Churned,168.0,United Kingdom,1738.16,2010-02
14585,2010-10-19 12:17:00,2011-10-20 14:33:00,5,630,1143.27,228.654,126.0,22.2,Retail,2,2,2,222,Average Customer,Active,49.0,United Kingdom,1143.27,2010-10
14586,2011-03-08 10:04:00,2011-03-08 10:04:00,1,444,237.36,237.36,444.0,19.0,Retail,1,1,1,111,At Risk / Lost Customer,Churned,276.0,United Kingdom,237.36,2011-03
14587,2011-01-12 13:16:00,2011-11-21 11:34:00,9,749,1580.29,175.58777777777777,83.22222222222223,40.77777777777778,Retail,3,3,3,333,Best Customer,Active,18.0,United Kingdom,1580.29,2011-01
14588,2010-05-10 15:08:00,2010-05-10 15:08:00,1,62,135.39,135.39,62.0,16.0,Retail,1,1,1,111,At Risk / Lost Customer,Churned,577.0,United Kingdom,135.39,2010-05
14589,2010-12-03 11:42:00,2010-12-03 11:42:00,1,5,39.75,39.75,5.0,3.0,Retail,1,1,1,111,At Risk / Lost Customer,Churned,371.0,United Kingdom,39.75,2010-12
14590,2009-12-07 14:10:00,2010-10-11 12:06:00,20,901,2993.37,149.6685,45.05,10.0,Retail,1,3,3,133,Loyal Customer,Churned,424.0,United Kingdom,2993.37,2009-12
14591,2011-05-10 14:09:00,2011-11-24 13:57:00,4,1228,1320.21,330.0525,307.0,41.0,Retail,3,2,2,322,Loyal Customer,Active,14.0,United Kingdom,1320.21,2011-05
14592,2011-10-06 18:08:00,2011-11-04 16:35:00,3,407,557.94,185.98000000000002,135.66666666666666,52.333333333333336,Retail,3,2,2,322,Loyal Customer,Active,34.0,United Kingdom,557.94,2011-10
14593,2009-12-09 12:57:00,2011-11-18 12:48:00,12,1848,3665.5299999999997,305.4608333333333,154.0,47.75,Retail,3,3,3,333,Best Customer,Active,21.0,United Kingdom,3665.5299999999997,2009-12
14594,2010-12-01 13:54:00,2011-12-02 13:28:00,2,183,363.33,181.665,91.5,25.5,Retail,3,1,1,311,Average Customer,Active,6.0,United Kingdom,363.33,2010-12
14595,2010-01-20 13:59:00,2011-11-20 12:12:00,8,1228,2164.45,270.55625,153.5,17.0,Retail,3,3,3,333,Best Customer,Active,19.0,United Kingdom,2164.45,2010-01
14596,2010-03-23 12:13:00,2010-03-23 12:13:00,1,75,222.22000000000003,222.22000000000003,75.0,50.0,Retail,1,1,1,111,At Risk / Lost Customer,Churned,626.0,United Kingdom,222.22000000000003,2010-03
14597,2010-09-28 13:17:00,2011-11-28 13:13:00,6,1436,2184.63,364.105,239.33333333333334,14.5,Retail,3,3,3,333,Best Customer,Active,10.0,United Kingdom,2184.63,2010-09
14598,2010-05-19 13:07:00,2011-10-26 13:19:00,2,354,384.04,192.02,177.0,44.5,Retail,2,1,1,211,At Risk / Lost Customer,Active,43.0,United Kingdom,384.04,2010-05
14599,2010-07-18 15:54:00,2010-11-14 14:49:00,2,292,457.89,228.945,146.0,38.5,Retail,1,1,2,112,At Risk / Lost Customer,Churned,389.0,United Kingdom,457.89,2010-07
14600,2010-11-11 15:56:00,2011-02-07 09:48:00,2,487,865.1700000000001,432.58500000000004,243.5,27.0,Retail,1,1,2,112,At Risk / Lost Customer,Churned,305.0,United Kingdom,865.1700000000001,2010-11
14601,2011-11-29 09:48:00,2011-11-29 09:48:00,1,168,213.96,213.96,168.0,7.0,Retail,3,1,1,311,Average Customer,Active,10.0,United Kingdom,213.96,2011-11
14602,2010-02-21 15:47:00,2010-02-21 15:47:00,1,80,205.35999999999999,205.35999999999999,80.0,31.0,Retail,1,1,1,111,At Risk / Lost Customer,Churned,655.0,United Kingdom,205.35999999999999,2010-02
14603,2011-03-10 10:27:00,2011-03-10 10:27:00,1,400,660.0,660.0,400.0,2.0,Retail,1,1,2,112,At Risk / Lost Customer,Churned,274.0,United Kingdom,660.0,2011-03
14604,2010-03-16 13:00:00,2010-03-16 13:00:00,1,88,143.85999999999999,143.85999999999999,88.0,20.0,Retail,1,1,1,111,At Risk / Lost Customer,Churned,632.0,United Kingdom,143.85999999999999,2010-03
14605,2009-12-08 13:59:00,2010-11-30 14:07:00,4,416,921.5600000000001,230.39000000000001,104.0,26.0,Retail,1,2,2,122,Average Customer,Churned,373.0,United Kingdom,921.5600000000001,2009-12
14606,2009-12-03 12:40:00,2011-12-08 19:28:00,192,15217,29951.37,155.99671874999999,79.25520833333333,32.802083333333336,Retail,3,3,3,333,Best Customer,Active,0.0,United Kingdom,29951.37,2009-12
14607,2009-12-15 11:25:00,2011-11-24 10:35:00,22,15335,23763.13,1080.1422727272727,697.0454545454545,9.181818181818182,Wholesale,,,,,,,,,,
14608,2009-12-06 12:34:00,2011-12-05 16:52:00,11,927,3352.94,304.8127272727273,84.27272727272727,3.909090909090909,Retail,3,3,3,333,Best Customer,Active,3.0,United Kingdom,3352.94,2009-12
14609,2010-02-09 09:48:00,2011-09-28 12:54:00,10,12720,1486.2,148.62,1272.0,1.3,Wholesale,,,,,,,,,,
14610,2010-07-13 16:06:00,2010-11-09 10:58:00,2,15,24.35,12.175,7.5,5.0,Retail,1,1,1,111,At Risk / Lost Customer,Churned,395.0,United Kingdom,24.35,2010-07
14611,2010-04-20 10:19:00,2010-09-22 09:19:00,2,582,604.3299999999999,302.16499999999996,291.0,19.0,Retail,1,1,2,112,At Risk / Lost Customer,Churned,443.0,United Kingdom,604.3299999999999,2010-04
14612,2010-10-20 16:01:00,2010-10-20 16:01:00,1,134,877.7,877.7,134.0,14.0,Retail,1,1,2,112,At Risk / Lost Customer,Churned,414.0,United Kingdom,877.7,2010-10
14613,2010-01-28 13:02:00,2010-01-28 13:02:00,1,72,76.32000000000001,76.32000000000001,72.0,1.0,Retail,1,1,1,111,At Risk / Lost Customer,Churned,679.0,United Kingdom,76.32000000000001,2010-01
14614,2010-11-18 13:04:00,2010-11-18 13:04:00,1,189,295.13,295.13,189.0,19.0,Retail,1,1,1,111,At Risk / Lost Customer,Churned,385.0,United Kingdom,295.13,2010-11
14615,2010-06-09 13:59:00,2010-11-10 13:36:00,5,495,951.76,190.352,99.0,9.6,Retail,1,2,2,122,Average Customer,Churned,393.0,United Kingdom,951.76,2010-06
14616,2010-06-09 09:42:00,2011-04-11 09:54:00,5,170,527.78,105.556,34.0,1.0,Retail,2,2,2,222,Average Customer,Churned,242.0,United Kingdom,527.78,2010-06
14617,2010-10-20 10:40:00,2010-11-02 11:41:00,2,81,190.47000000000003,95.23500000000001,40.5,4.5,Retail,1,1,1,111,At Risk / Lost Customer,Churned,402.0,United Kingdom,190.47000000000003,2010-10
14618,2010-06-11 10:11:00,2011-11-30 13:45:00,7,704,1342.32,191.76,100.57142857142857,7.142857142857143,Retail,3,3,2,332,Loyal Customer,Active,8.0,United Kingdom,1342.32,2010-06
14619,2010-06-16 14:41:00,2011-04-08 07:37:00,2,594,1291.24,645.62,297.0,30.0,Retail,2,1,2,212,Average Customer,Churned,245.0,United Kingdom,1291.24,2010-06
14620,2011-03-01 08:30:00,2011-05-18 11:58:00,2,214,412.78000000000003,206.39000000000001,107.0,13.0,Retail,2,1,1,211,At Risk / Lost Customer,Churned,205.0,United Kingdom,412.78000000000003,2011-03
14621,2010-01-25 09:08:00,2011-12-08 16:22:00,9,1706,3000.57,333.3966666666667,189.55555555555554,17.666666666666668,Retail,3,3,3,333,Best Customer,Active,0.0,United Kingdom,3000.57,2010-01
14622,2011-06-08 12:42:00,2011-06-08 12:42:00,1,146,320.58000000000004,320.58000000000004,146.0,21.0,Retail,2,1,1,211,At Risk / Lost Customer,Churned,184.0,United Kingdom,320.58000000000004,2011-06
14623,2010-04-16 17:12:00,2011-11-07 13:56:00,10,1025,2016.98,201.698,102.5,28.1,Retail,3,3,3,333,Best Customer,Active,31.0,United Kingdom,2016.98,2010-04
14624,2010-04-14 10:44:00,2011-10-13 13:44:00,6,645,814.07,135.67833333333334,107.5,8.5,Retail,2,3,2,232,Loyal Customer,Active,56.0,United Kingdom,814.07,2010-04
14625,2009-12-16 13:23:00,2011-05-27 15:32:00,11,2155,4497.88,408.89818181818185,195.9090909090909,24.181818181818183,Retail,2,3,3,233,Loyal Customer,Churned,195.0,United Kingdom,4497.88,2009-12
14626,2009-12-10 14:57:00,2011-11-16 10:37:00,11,3135,5410.92,491.9018181818182,285.0,21.09090909090909,Retail,3,3,3,333,Best Customer,Active,23.0,United Kingdom,5410.92,2009-12
14627,2010-11-25 16:32:00,2010-11-25 16:32:00,1,284,462.75,462.75,284.0,29.0,Retail,1,1,2,112,At Risk / Lost Customer,Churned,378.0,United Kingdom,462.75,2010-11
14628,2010-01-25 14:40:00,2011-09-09 14:58:00,5,1147,1998.0,399.6,229.4,17.2,Retail,2,2,3,223,Loyal Customer,Active,90.0,United Kingdom,1998.0,2010-01
14629,2011-10-23 16:13:00,2011-12-05 16:55:00,2,378,955.26,477.63,189.0,74.0,Wholesale,,,,,,,,,,
14630,2010-08-12 16:38:00,2010-08-12 16:38:00,1,111,338.65,338.65,111.0,21.0,Retail,1,1,1,111,At Risk / Lost Customer,Churned,483.0,United Kingdom,338.65,2010-08
14631,2010-08-09 14:45:00,2011-10-20 11:17:00,6,1407,2025.69,337.615,234.5,15.166666666666666,Retail,2,3,3,233,Loyal Customer,Active,50.0,United Kingdom,2025.69,2010-08
14632,2011-03-22 08:49:00,2011-03-22 08:49:00,1,96,114.56,114.56,96.0,8.0,Retail,2,1,1,211,At Risk / Lost Customer,Churned,262.0,United Kingdom,114.56,2011-03
14633,2011-03-18 17:07:00,2011-03-18 17:07:00,1,96,344.90000000000003,344.90000000000003,96.0,20.0,Retail,2,1,1,211,At Risk / Lost Customer,Churned,265.0,United Kingdom,344.90000000000003,2011-03
14634,2010-06-16 09:48:00,2010-09-28 10:40:00,4,1906,2124.46,531.115,476.5,27.25,Retail,1,2,3,123,Average Customer,Churned,437.0,United Kingdom,2124.46,2010-06
14635,2010-09-12 10:47:00,2010-09-12 10:47:00,1,118,215.22,215.22,118.0,15.0,Retail,1,1,1,111,At Risk / Lost Customer,Churned,453.0,United Kingdom,215.22,2010-09
14636,2011-03-16 09:52:00,2011-11-03 16:12:00,2,241,609.85,304.925,120.5,14.0,Retail,3,1,2,312,Average Customer,Active,35.0,United Kingdom,609.85,2011-03
14637,2010-01-31 15:52:00,2010-01-31 15:52:00,1,100,106.67999999999999,106.67999999999999,100.0,7.0,Retail,1,1,1,111,At Risk / Lost Customer,Churned,676.0,United Kingdom,106.67999999999999,2010-01
14638,2011-10-20 10:10:00,2011-10-20 10:10:00,1,166,443.6,443.6,166.0,16.0,Retail,2,1,2,212,Average Customer,Active,50.0,United Kingdom,443.6,2011-10
14639,2010-02-16 12:35:00,2011-10-18 15:06:00,9,2410,4978.96,553.2177777777778,267.77777777777777,32.44444444444444,Retail,2,3,3,233,Loyal Customer,Active,51.0,United Kingdom,4978.96,2010-02
14640,2010-01-22 15:44:00,2011-11-15 13:07:00,10,1645,3649.36,364.93600000000004,164.5,20.3,Retail,3,3,3,333,Best Customer,Active,23.0,United Kingdom,3649.36,2010-01
14641,2011-11-18 10:42:00,2011-11-18 10:42:00,1,90,110.46,110.46,90.0,7.0,Retail,3,1,1,311,Average Customer,Active,21.0,United Kingdom,110.46,2011-11
14642,2011-10-12 11:08:00,2011-10-12 11:08:00,1,76,96.12,96.12,76.0,2.0,Retail,2,1,1,211,At Risk / Lost Customer,Active,58.0,United Kingdom,96.12,2011-10
14643,2009-12-11 11:52:00,2011-06-22 14:41:00,5,1377,1679.89,335.978,275.4,12.4,Retail,2,2,3,223,Loyal Customer,Churned,169.0,United Kingdom,1679.89,2009-12
14644,2009-12-03 16:24:00,2011-10-03 08:30:00,7,770,2247.72,321.1028571428571,110.0,8.857142857142858,Retail,2,3,3,233,Loyal Customer,Active,67.0,United Kingdom,2247.72,2009-12
14645,2010-03-15 11:33:00,2011-07-06 09:15:00,3,587,876.89,292.2966666666667,195.66666666666666,16.0,Retail,2,2,2,222,Average Customer,Churned,156.0,United Kingdom,876.89,2010-03
14646,2009-12-02 16:52:00,2011-12-08 12:12:00,152,367833,528602.52,3477.648157894737,2419.9539473684213,25.335526315789473,Wholesale,,,,,,,,,,
14647,2010-07-04 13:27:00,2011-05-22 13:40:00,2,175,506.04,253.02,87.5,21.0,Retail,2,1,2,212,Average Customer,Churned,200.0,United Kingdom,506.04,2010-07
14648,2009-12-10 13:59:00,2010-10-19 13:12:00,15,3265,4466.65,297.77666666666664,217.66666666666666,27.0,Retail,1,3,3,133,Loyal Customer,Churned,415.0,United Kingdom,4466.65,2009-12
14649,2010-01-20 13:10:00,2011-12-05 12:30:00,9,2415,3651.19,405.6877777777778,268.3333333333333,55.333333333333336,Wholesale,,,,,,,,,,
14650,2010-04-29 20:27:00,2010-04-29 20:27:00,1,22,62.5,62.5,22.0,4.0,Retail,1,1,1,111,At Risk / Lost Customer,Churned,588.0,United Kingdom,62.5,2010-04
14651,2010-03-18 11:39:00,2011-10-03 15:52:00,9,880,2025.52,225.05777777777777,97.77777777777777,30.88888888888889,Retail,2,3,3,233,Loyal Customer,Active,66.0,United Kingdom,2025.52,2010-03
14652,2011-09-23 14:21:00,2011-09-23 14:21:00,1,53,114.18,114.18,53.0,29.0,Retail,2,1,1,211,At Risk / Lost Customer,Active,76.0,United Kingdom,114.18,2011-09
14653,2009-12-02 11:51:00,2011-12-08 13:45:00,12,1969,3593.06,299.4216666666667,164.08333333333334,31.666666666666668,Retail,3,3,3,333,Best Customer,Active,0.0,United Kingdom,3593.06,2009-12
14654,2009-12-01 12:57:00,2009-12-01 12:57:00,1,273,246.86,246.86,273.0,27.0,Retail,1,1,1,111,At Risk / Lost Customer,Churned,737.0,United Kingdom,246.86,2009-12
14655,2010-04-22 14:29:00,2011-12-01 16:28:00,7,2341,3878.51,554.0728571428572,334.42857142857144,14.714285714285714,Retail,3,3,3,333,Best Customer,Active,7.0,United Kingdom,3878.51,2010-04
14656,2010-04-15 12:10:00,2011-06-23 13:51:00,5,309,790.0,158.0,61.8,39.4,Retail,2,2,2,222,Average Customer,Churned,168.0,United Kingdom,790.0,2010-04
14657,2010-09-30 19:57:00,2011-11-22 12:47:00,6,879,1450.19,241.69833333333335,146.5,33.333333333333336,Retail,3,3,3,333,Best Customer,Active,17.0,United Kingdom,1450.19,2010-09
14658,2011-08-14 15:42:00,2011-12-04 15:35:00,2,47,247.15,123.575,23.5,14.5,Retail,3,1,1,311,Average Customer,Active,4.0,United Kingdom,247.15,2011-08
14659,2011-01-28 12:43:00,2011-12-01 12:17:00,9,1195,2529.93,281.1033333333333,132.77777777777777,27.88888888888889,Retail,3,3,3,333,Best Customer,Active,8.0,United Kingdom,2529.93,2011-01
14660,2011-08-31 10:40:00,2011-09-14 11:34:00,2,228,285.74,142.87,114.0,15.0,Retail,2,1,1,211,At Risk / Lost Customer,Active,86.0,United Kingdom,285.74,2011-08
14661,2011-11-13 11:51:00,2011-11-13 11:51:00,1,35,107.95,107.95,35.0,4.0,Retail,3,1,1,311,Average Customer,Active,26.0,United Kingdom,107.95,2011-11
14662,2009-12-03 16:47:00,2011-11-11 12:13:00,7,907,1376.43,196.63285714285715,129.57142857142858,33.142857142857146,Retail,3,3,2,332,Loyal Customer,Active,28.0,United Kingdom,1376.43,2009-12
14663,2010-10-05 13:12:00,2010-10-05 13:21:00,2,397,490.6,245.3,198.5,31.5,Retail,1,1,2,112,At Risk / Lost Customer,Churned,429.0,United Kingdom,490.6,2010-10
14664,2011-11-06 14:56:00,2011-11-20 10:59:00,2,465,636.24,318.12,232.5,48.0,Retail,3,1,2,312,Average Customer,Active,19.0,United Kingdom,636.24,2011-11
14665,2010-04-26 11:17:00,2011-10-10 09:14:00,7,1144,2749.65,392.8071428571429,163.42857142857142,18.857142857142858,Retail,2,3,3,233,Loyal Customer,Active,60.0,United Kingdom,2749.65,2010-04
14666,2011-11-15 12:57:00,2011-11-15 12:57:00,1,161,195.25,195.25,161.0,14.0,Retail,3,1,1,311,Average Customer,Active,23.0,United Kingdom,195.25,2011-11
14667,2009-12-02 12:38:00,2011-11-29 11:30:00,54,11939,20395.34,377.6914814814815,221.09259259259258,23.185185185185187,Retail,3,3,3,333,Best Customer,Active,10.0,United Kingdom,20395.34,2009-12
14668,2010-09-20 15:03:00,2010-09-20 15:03:00,1,49,111.63,111.63,49.0,10.0,Retail,1,1,1,111,At Risk / Lost Customer,Churned,444.0,United Kingdom,111.63,2010-09
14669,2009-12-02 13:06:00,2011-04-12 11:43:00,7,2043,3216.78,459.54,291.85714285714283,53.57142857142857,Wholesale,,,,,,,,,,
14670,2009-12-07 13:59:00,2011-03-04 14:13:00,3,423,583.33,194.44333333333336,141.0,58.0,Wholesale,,,,,,,,,,
14671,2010-05-20 18:21:00,2010-06-08 13:39:00,2,571,1127.45,563.725,285.5,26.5,Retail,1,1,2,112,At Risk / Lost Customer,Churned,548.0,United Kingdom,1127.45,2010-05
14672,2010-01-28 11:33:00,2011-04-19 10:19:00,4,646,1113.14,278.285,161.5,26.25,Retail,2,2,2,222,Average Customer,Churned,234.0,United Kingdom,1113.14,2010-01
14673,2010-10-26 10:14:00,2011-12-06 14:31:00,7,1822,3037.32,433.90285714285716,260.2857142857143,21.142857142857142,Retail,3,3,3,333,Best Customer,Active,2.0,United Kingdom,3037.32,2010-10
14674,2010-07-18 14:25:00,2010-07-18 14:25:00,1,103,173.66,173.66,103.0,14.0,Retail,1,1,1,111,At Risk / Lost Customer,Churned,508.0,United Kingdom,173.66,2010-07
14675,2010-11-16 12:22:00,2011-11-23 12:58:00,2,660,1015.58,507.79,330.0,103.5,Wholesale,,,,,,,,,,
14676,2010-03-10 09:30:00,2011-11-08 13:29:00,12,8792,8356.79,696.3991666666667,732.6666666666666,11.083333333333334,Wholesale,,,,,,,,,,
14677,2010-04-26 09:48:00,2010-04-26 09:48:00,1,139,184.91,184.91,139.0,14.0,Retail,1,1,1,111,At Risk / Lost Customer,Churned,592.0,United Kingdom,184.91,2010-04
14678,2010-05-09 14:32:00,2010-05-09 14:32:00,1,179,403.39,403.39,179.0,24.0,Retail,1,1,1,111,At Risk / Lost Customer,Churned,578.0,United Kingdom,403.39,2010-05
14679,2009-12-08 17:13:00,2010-11-23 11:51:00,3,794,1289.44,429.81333333333333,264.6666666666667,21.0,Retail,1,2,2,122,Average Customer,Churned,381.0,United Kingdom,1289.44,2009-12
14680,2009-12-04 12:36:00,2011-11-14 16:59:00,58,26894,55688.5,960.1465517241379,463.6896551724138,21.775862068965516,Retail,3,3,3,333,Best Customer,Active,24.0,United Kingdom,55688.5,2009-12
14681,2010-02-24 08:54:00,2011-09-29 15:52:00,6,172,875.1500000000001,145.85833333333335,28.666666666666668,3.3333333333333335,Retail,2,3,2,232,Loyal Customer,Active,70.0,United Kingdom,875.1500000000001,2010-02
14682,2010-02-05 14:47:00,2011-06-05 12:12:00,6,949,1514.81,252.46833333333333,158.16666666666666,14.333333333333334,Retail,2,3,3,233,Loyal Customer,Churned,187.0,United Kingdom,1514.81,2010-02
14683,2010-04-30 17:18:00,2010-04-30 17:18:00,1,386,146.56,146.56,386.0,21.0,Retail,1,1,1,111,At Risk / Lost Customer,Churned,587.0,United Kingdom,146.56,2010-04
14684,2010-11-14 14:07:00,2011-11-14 11:33:00,6,1005,1430.03,238.33833333333334,167.5,80.33333333333333,Wholesale,,,,,,,,,,
14685,2009-12-13 11:32:00,2010-05-12 13:08:00,8,1969,4536.64,567.08,246.125,22.375,Retail,1,3,3,133,Loyal Customer,Churned,575.0,United Kingdom,4536.64,2009-12
14686,2010-02-18 18:29:00,2010-10-21 18:31:00,5,457,852.53,170.506,91.4,42.4,Retail,1,2,2,122,Average Customer,Churned,413.0,United Kingdom,852.53,2010-02
14687,2010-06-06 10:36:00,2011-08-25 11:59:00,3,850,1402.06,467.3533333333333,283.3333333333333,13.333333333333334,Retail,2,2,2,222,Average Customer,Active,106.0,United Kingdom,1402.06,2010-06
14688,2010-09-09 12:35:00,2011-12-02 12:26:00,28,5041,7190.42,256.80071428571426,180.03571428571428,17.321428571428573,Retail,3,3,3,333,Best Customer,Active,7.0,United Kingdom,7190.42,2010-09
14689,2011-05-15 11:22:00,2011-05-15 11:22:00,1,76,112.8,112.8,76.0,13.0,Retail,2,1,1,211,At Risk / Lost Customer,Churned,208.0,United Kingdom,112.8,2011-05
14690,2010-10-25 12:20:00,2011-10-26 15:39:00,4,341,777.68,194.42,85.25,25.75,Retail,2,2,2,222,Average Customer,Active,43.0,United Kingdom,777.68,2010-10
14691,2011-05-11 09:55:00,2011-11-09 12:30:00,5,707,2114.33,422.866,141.4,14.2,Retail,3,2,3,323,Loyal Customer,Active,30.0,United Kingdom,2114.33,2011-05
14692,2010-04-01 14:04:00,2011-07-25 15:08:00,12,890,1715.1399999999999,142.9283333333333,74.16666666666667,12.75,Retail,2,3,3,233,Loyal Customer,Active,136.0,United Kingdom,1715.1399999999999,2010-04
14693,2010-07-02 08:28:00,2011-03-20 12:50:00,7,388,1165.36,166.48,55.42857142857143,10.714285714285714,Retail,2,3,2,232,Loyal Customer,Churned,264.0,United Kingdom,1165.36,2010-07
14694,2010-04-01 19:46:00,2010-04-01 19:46:00,1,193,244.31,244.31,193.0,15.0,Retail,1,1,1,111,At Risk / Lost Customer,Churned,616.0,United Kingdom,244.31,2010-04
14695,2009-12-07 11:05:00,2010-07-08 14:18:00,3,661,1534.22,511.4066666666667,220.33333333333334,27.0,Retail,1,2,3,123,Average Customer,Churned,518.0,United Kingdom,1534.22,2009-12
14696,2010-10-14 11:43:00,2011-12-05 13:43:00,8,1867,2473.28,309.16,233.375,19.25,Retail,3,3,3,333,Best Customer,Active,3.0,United Kingdom,2473.28,2010-10
14697,2011-05-05 15:29:00,2011-05-05 15:39:00,2,181,188.60999999999999,94.30499999999999,90.5,11.0,Retail,2,1,1,211,At Risk / Lost Customer,Churned,217.0,United Kingdom,188.60999999999999,2011-05
14698,2011-10-19 12:54:00,2011-12-08 12:26:00,5,602,1217.27,243.454,120.4,38.0,Retail,3,2,2,322,Loyal Customer,Active,1.0,United Kingdom,1217.27,2011-10
14699,2010-07-02 12:04:00,2011-05-09 14:54:00,4,484,702.6,175.65,121.0,12.5,Retail,2,2,2,222,Average Customer,Churned,213.0,United Kingdom,702.6,2010-07
14700,2010-08-11 12:19:00,2011-11-07 14:40:00,5,1606,3076.06,615.212,321.2,33.0,Retail,3,2,3,323,Loyal Customer,Active,31.0,United Kingdom,3076.06,2010-08
14701,2010-01-24 12:15:00,2011-11-29 12:38:00,15,1744,4487.11,299.1406666666666,116.26666666666667,38.53333333333333,Retail,3,3,3,333,Best Customer,Active,10.0,United Kingdom,4487.11,2010-01
14702,2009-12-10 20:22:00,2011-12-08 19:29:00,29,2878,6368.78,219.61310344827587,99.24137931034483,23.344827586206897,Retail,3,3,3,333,Best Customer,Active,0.0,United Kingdom,6368.78,2009-12
14703,2011-11-25 09:23:00,2011-11-25 09:23:00,1,183,318.17,318.17,183.0,22.0,Retail,3,1,1,311,Average Customer,Active,14.0,United Kingdom,318.17,2011-11
14704,2010-03-25 17:21:00,2011-11-28 12:51:00,11,1164,1752.92,159.35636363636365,105.81818181818181,38.45454545454545,Retail,3,3,3,333,Best Customer,Active,10.0,United Kingdom,1752.92,2010-03
14705,2011-05-25 12:39:00,2011-05-25 12:39:00,1,100,179.0,179.0,100.0,1.0,Retail,2,1,1,211,At Risk / Lost Customer,Churned,198.0,United Kingdom,179.0,2011-05
14706,2010-03-31 11:09:00,2010-03-31 11:09:00,1,246,367.54,367.54,246.0,25.0,Retail,1,1,1,111,At Risk / Lost Customer,Churned,618.0,United Kingdom,367.54,2010-03
14707,2010-05-12 11:07:00,2010-09-30 11:37:00,2,96,139.2,69.6,48.0,1.0,Retail,1,1,1,111,At Risk / Lost Customer,Churned,435.0,United Kingdom,139.2,2010-05
14708,2010-09-10 10:26:00,2011-12-07 08:21:00,5,1159,1793.22,358.644,231.8,8.2,Retail,3,2,3,323,Loyal Customer,Active,2.0,United Kingdom,1793.22,2010-09
14709,2009-12-05 15:26:00,2011-11-24 15:41:00,25,4141,8886.33,355.4532,165.64,14.28,Retail,3,3,3,333,Best Customer,Active,14.0,United Kingdom,8886.33,2009-12
14710,2009-12-03 17:12:00,2011-11-25 14:53:00,13,1135,1899.79,146.1376923076923,87.3076923076923,31.76923076923077,Retail,3,3,3,333,Best Customer,Active,13.0,United Kingdom,1899.79,2009-12
14711,2011-03-22 13:32:00,2011-11-29 14:58:00,11,966,2839.62,258.1472727272727,87.81818181818181,30.818181818181817,Retail,3,3,3,333,Best Customer,Active,9.0,United Kingdom,2839.62,2011-03
14712,2010-10-17 14:49:00,2011-11-10 12:59:00,4,411,1328.0700000000002,332.01750000000004,102.75,8.0,Retail,3,2,2,322,Loyal Customer,Active,28.0,United Kingdom,1328.0700000000002,2010-10
14713,2009-12-03 19:22:00,2011-11-30 16:26:00,21,3329,5115.76,243.60761904761907,158.52380952380952,32.04761904761905,Retail,3,3,3,333,Best Customer,Active,8.0,United Kingdom,5115.76,2009-12
14714,2010-01-21 11:51:00,2011-11-15 13:07:00,4,642,906.24,226.56,160.5,22.75,Retail,3,2,2,322,Loyal Customer,Active,23.0,United Kingdom,906.24,2010-01
14715,2010-01-19 12:18:00,2011-11-15 12:10:00,8,1030,1825.45,228.18125,128.75,16.875,Retail,3,3,3,333,Best Customer,Active,24.0,United Kingdom,1825.45,2010-01
14716,2010-09-21 12:07:00,2011-10-27 17:29:00,3,643,543.28,181.09333333333333,214.33333333333334,30.666666666666668,Retail,3,2,2,322,Loyal Customer,Active,42.0,United Kingdom,543.28,2010-09
14717,2009-12-06 13:05:00,2009-12-06 13:05:00,1,32,81.3,81.3,32.0,11.0,Retail,1,1,1,111,At Risk / Lost Customer,Churned,732.0,United Kingdom,81.3,2009-12
14718,2010-10-25 13:07:00,2010-10-25 13:07:00,1,202,226.42,226.42,202.0,11.0,Retail,1,1,1,111,At Risk / Lost Customer,Churned,409.0,United Kingdom,226.42,2010-10
14719,2011-04-04 14:17:00,2011-12-08 12:43:00,5,1025,1581.84,316.368,205.0,46.2,Retail,3,2,3,323,Loyal Customer,Active,1.0,United Kingdom,1581.84,2011-04
14720,2011-08-05 12:06:00,2011-12-04 12:02:00,3,219,663.81,221.26999999999998,73.0,12.333333333333334,Retail,3,2,2,322,Loyal Customer,Active,5.0,United Kingdom,663.81,2011-08
14721,2010-11-25 13:08:00,2010-11-25 13:08:00,1,57,109.07,109.07,57.0,24.0,Retail,1,1,1,111,At Risk / Lost Customer,Churned,378.0,United Kingdom,109.07,2010-11
14722,2010-08-10 13:28:00,2011-07-15 14:58:00,3,214,489.52,163.17333333333332,71.33333333333333,29.0,Retail,2,2,2,222,Average Customer,Churned,146.0,United Kingdom,489.52,2010-08
14723,2009-12-04 11:22:00,2011-11-29 15:23:00,11,1168,1803.06,163.91454545454545,106.18181818181819,35.45454545454545,Retail,3,3,3,333,Best Customer,Active,9.0,United Kingdom,1803.06,2009-12
14724,2010-04-28 13:26:00,2010-04-28 13:26:00,1,184,341.9,341.9,184.0,40.0,Retail,1,1,1,111,At Risk / Lost Customer,Churned,589.0,United Kingdom,341.9,2010-04
14725,2010-06-23 11:34:00,2011-11-15 12:42:00,4,1335,1252.74,313.185,333.75,23.75,Retail,3,2,2,322,Loyal Customer,Active,24.0,United Kingdom,1252.74,2010-06
14726,2010-02-23 12:35:00,2010-02-23 12:35:00,1,82,116.5,116.5,82.0,15.0,Retail,1,1,1,111,At Risk / Lost Customer,Churned,654.0,United Kingdom,116.5,2010-02
14727,2010-06-11 13:23:00,2011-03-10 14:45:00,3,458,463.72999999999996,154.57666666666665,152.66666666666666,15.0,Retail,1,2,2,122,Average Customer,Churned,273.0,United Kingdom,463.72999999999996,2010-06
14728,2010-10-22 15:57:00,2010-10-22 15:57:00,1,68,190.58,190.58,68.0,14.0,Retail,1,1,1,111,At Risk / Lost Customer,Churned,412.0,United Kingdom,190.58,2010-10
14729,2010-03-24 13:30:00,2010-12-01 12:43:00,3,372,586.24,195.41333333333333,124.0,42.666666666666664,Retail,1,2,2,122,Average Customer,Churned,373.0,United Kingdom,586.24,2010-03
14730,2011-03-08 12:49:00,2011-12-08 14:39:00,8,1078,1897.57,237.19625,134.75,54.5,Wholesale,,,,,,,,,,
14731,2011-05-11 13:06:00,2011-10-23 15:54:00,3,256,380.02,126.67333333333333,85.33333333333333,14.666666666666666,Retail,2,2,1,221,Average Customer,Active,46.0,United Kingdom,380.02,2011-05
14732,2009-12-09 10:48:00,2011-12-01 14:34:00,19,2273,5517.07,290.3721052631579,119.63157894736842,14.578947368421053,Retail,3,3,3,333,Best Customer,Active,7.0,United Kingdom,5517.07,2009-12
14733,2010-11-02 15:42:00,2011-11-23 15:39:00,15,5799,14335.15,955.6766666666666,386.6,21.2,Retail,3,3,3,333,Best Customer,Active,15.0,United Kingdom,14335.15,2010-11
14734,2010-06-06 15:15:00,2010-10-10 12:04:00,4,378,1056.42,264.105,94.5,15.75,Retail,1,2,2,122,Average Customer,Churned,425.0,United Kingdom,1056.42,2010-06
14735,2009-12-04 11:32:00,2011-12-06 12:09:00,56,4513,12240.16,218.5742857142857,80.58928571428571,6.535714285714286,Retail,3,3,3,333,Best Customer,Active,3.0,United Kingdom,12240.16,2009-12
14736,2010-08-11 15:13:00,2010-08-11 15:21:00,2,148,374.05,187.025,74.0,43.0,Retail,1,1,1,111,At Risk / Lost Customer,Churned,484.0,United Kingdom,374.05,2010-08
14737,2010-11-04 11:29:00,2011-12-06 10:16:00,4,1071,3554.17,888.5425,267.75,11.25,Retail,3,2,3,323,Loyal Customer,Active,3.0,United Kingdom,3554.17,2010-11
14738,2009-12-07 10:21:00,2011-10-28 08:56:00,9,757,1821.9,202.43333333333334,84.11111111111111,8.777777777777779,Retail,3,3,3,333,Best Customer,Active,42.0,United Kingdom,1821.9,2009-12
14739,2009-12-02 13:23:00,2011-12-05 16:54:00,25,9696,11573.62,462.94480000000004,387.84,9.76,Retail,3,3,3,333,Best Customer,Active,3.0,United Kingdom,11573.62,2009-12
14740,2010-02-25 11:40:00,2011-05-26 18:17:00,11,2081,4161.06,378.27818181818185,189.1818181818182,21.0,Retail,2,3,3,233,Loyal Customer,Churned,196.0,United Kingdom,4161.06,2010-02
14741,2010-10-18 09:33:00,2011-11-28 08:48:00,7,1006,1713.09,244.72714285714284,143.71428571428572,10.857142857142858,Retail,3,3,3,333,Best Customer,Active,11.0,United Kingdom,1713.09,2010-10
14742,2010-09-30 14:07:00,2010-09-30 14:07:00,1,374,579.85,579.85,374.0,34.0,Retail,1,1,2,112,At Risk / Lost Customer,Churned,434.0,United Kingdom,579.85,2010-09
14743,2010-04-26 10:26:00,2010-04-26 10:26:00,1,40,50.48,50.48,40.0,3.0,Retail,1,1,1,111,At Risk / Lost Customer,Churned,592.0,United Kingdom,50.48,2010-04
14744,2010-05-18 14:06:00,2011-11-23 12:51:00,14,2399,3660.08,261.4342857142857,171.35714285714286,8.428571428571429,Retail,3,3,3,333,Best Customer,Active,15.0,United Kingdom,3660.08,2010-05
14745,2010-03-12 10:33:00,2011-08-19 10:05:00,12,1969,2551.41,212.61749999999998,164.08333333333334,11.666666666666666,Retail,2,3,3,233,Loyal Customer,Active,112.0,United Kingdom,2551.41,2010-03
14746,2010-10-12 11:06:00,2010-10-29 14:44:00,4,398,593.5,148.375,99.5,2.25,Retail,1,2,2,122,Average Customer,Churned,405.0,United Kingdom,593.5,2010-10
14747,2011-04-04 14:09:00,2011-04-04 14:09:00,1,84,328.2,328.2,84.0,18.0,Retail,2,1,1,211,At Risk / Lost Customer,Churned,248.0,United Kingdom,328.2,2011-04
14748,2010-03-04 17:08:00,2011-11-10 18:33:00,10,2422,2681.9,268.19,242.2,15.9,Retail,3,3,3,333,Best Customer,Active,28.0,United Kingdom,2681.9,2010-03
14749,2010-08-17 12:36:00,2010-08-17 12:36:00,1,403,310.15,310.15,403.0,18.0,Retail,1,1,1,111,At Risk / Lost Customer,Churned,479.0,United Kingdom,310.15,2010-08
14750,2009-12-03 17:57:00,2009-12-03 17:57:00,1,65,112.03,112.03,65.0,32.0,Retail,1,1,1,111,At Risk / Lost Customer,Churned,735.0,United Kingdom,112.03,2009-12
14751,2009-12-13 14:08:00,2010-01-24 13:37:00,2,65,126.45,63.225,32.5,3.5,Retail,1,1,1,111,At Risk / Lost Customer,Churned,683.0,United Kingdom,126.45,2009-12
14752,2011-10-27 11:55:00,2011-10-27 11:55:00,1,260,389.64,389.64,260.0,5.0,Retail,2,1,1,211,At Risk / Lost Customer,Active,43.0,United Kingdom,389.64,2011-10
14753,2010-09-05 11:04:00,2011-09-13 14:50:00,2,412,869.51,434.755,206.0,24.0,Retail,2,1,2,212,Average Customer,Active,86.0,United Kingdom,869.51,2010-09
14754,2010-01-18 11:04:00,2011-10-26 12:01:00,6,1010,1547.93,257.98833333333334,168.33333333333334,22.666666666666668,Retail,2,3,3,233,Loyal Customer,Active,44.0,United Kingdom,1547.93,2010-01
14755,2009-12-03 16:51:00,2011-11-30 11:24:00,25,4401,9972.550000000001,398.90200000000004,176.04,19.0,Retail,3,3,3,333,Best Customer,Active,9.0,United Kingdom,9972.550000000001,2009-12
14756,2010-10-11 11:50:00,2011-11-24 18:13:00,3,1423,2653.76,884.5866666666667,474.3333333333333,39.666666666666664,Retail,3,2,3,323,Loyal Customer,Active,14.0,United Kingdom,2653.76,2010-10
14757,2011-09-25 14:36:00,2011-09-25 14:36:00,1,160,420.5,420.5,160.0,19.0,Retail,2,1,1,211,At Risk / Lost Customer,Active,74.0,United Kingdom,420.5,2011-09
14758,2010-04-08 08:27:00,2011-07-18 08:21:00,7,840,2864.97,409.28142857142853,120.0,19.428571428571427,Retail,2,3,3,233,Loyal Customer,Churned,144.0,United Kingdom,2864.97,2010-04
14759,2011-04-21 10:55:00,2011-12-05 12:03:00,3,569,1625.97,541.99,189.66666666666666,34.0,Retail,3,2,3,323,Loyal Customer,Active,4.0,United Kingdom,1625.97,2011-04
14760,2011-02-15 16:27:00,2011-02-15 16:27:00,1,40,89.2,89.2,40.0,5.0,Retail,1,1,1,111,At Risk / Lost Customer,Churned,296.0,United Kingdom,89.2,2011-02
14761,2010-09-21 14:22:00,2011-10-12 12:10:00,3,206,447.92,149.30666666666667,68.66666666666667,8.0,Retail,2,2,2,222,Average Customer,Active,58.0,United Kingdom,447.92,2010-09
14762,2010-03-23 15:36:00,2011-03-21 08:20:00,2,428,417.57,208.785,214.0,15.0,Retail,2,1,1,211,At Risk / Lost Customer,Churned,263.0,United Kingdom,417.57,2010-03
14764,2011-10-24 11:54:00,2011-10-24 11:54:00,1,190,278.3,278.3,190.0,6.0,Retail,2,1,1,211,At Risk / Lost Customer,Active,46.0,United Kingdom,278.3,2011-10
14765,2011-06-16 19:49:00,2011-11-10 19:53:00,3,135,254.11,84.70333333333333,45.0,13.0,Retail,3,2,1,321,Average Customer,Active,28.0,United Kingdom,254.11,2011-06
14766,2010-06-06 11:11:00,2011-12-01 16:05:00,11,3999,6375.7300000000005,579.6118181818182,363.54545454545456,30.363636363636363,Retail,3,3,3,333,Best Customer,Active,7.0,United Kingdom,6375.7300000000005,2010-06
14767,2010-08-22 14:54:00,2010-08-22 14:54:00,1,117,382.81,382.81,117.0,18.0,Retail,1,1,1,111,At Risk / Lost Customer,Churned,473.0,United Kingdom,382.81,2010-08
14768,2011-08-04 13:25:00,2011-11-22 12:54:00,2,52,192.60000000000002,96.30000000000001,26.0,2.5,Retail,3,1,1,311,Average Customer,Active,16.0,United Kingdom,192.60000000000002,2011-08
14769,2009-12-16 09:17:00,2011-12-07 10:24:00,17,11058,15514.11,912.594705882353,650.4705882352941,80.88235294117646,Wholesale,,,,,,,,,,
14770,2010-02-25 18:58:00,2011-04-21 14:21:00,8,1598,3637.64,454.705,199.75,24.625,Retail,2,3,3,233,Loyal Customer,Churned,231.0,United Kingdom,3637.64,2010-02
14771,2009-12-03 09:44:00,2010-03-28 12:52:00,2,622,594.62,297.31,311.0,23.5,Retail,1,1,2,112,At Risk / Lost Customer,Churned,620.0,United Kingdom,594.62,2009-12
14772,2011-08-19 15:04:00,2011-08-19 15:04:00,1,82,139.26,139.26,82.0,9.0,Retail,2,1,1,211,At Risk / Lost Customer,Active,111.0,United Kingdom,139.26,2011-08
14773,2010-04-26 10:29:00,2010-04-26 10:29:00,1,53,140.55,140.55,53.0,10.0,Retail,1,1,1,111,At Risk / Lost Customer,Churned,592.0,United Kingdom,140.55,2010-04
14774,2010-06-29 12:26:00,2010-06-29 12:26:00,1,99,241.45,241.45,99.0,13.0,Retail,1,1,1,111,At Risk / Lost Customer,Churned,528.0,United Kingdom,241.45,2010-06
14775,2010-12-02 16:38:00,2011-10-12 15:27:00,3,1174,1011.9,337.3,391.3333333333333,20.0,Retail,2,2,2,222,Average Customer,Active,57.0,United Kingdom,1011.9,2010-12
14776,2010-09-19 14:12:00,2011-10-19 15:34:00,15,4658,3708.3,247.22,310.53333333333336,12.666666666666666,Retail,2,3,3,233,Loyal Customer,Active,50.0,United Kingdom,3708.3,2010-09
14777,2010-11-01 12:50:00,2010-11-01 12:50:00,1,212,307.56,307.56,212.0,16.0,Retail,1,1,1,111,At Risk / Lost Customer,Churned,403.0,United Kingdom,307.56,2010-11
14778,2011-02-04 11:43:00,2011-08-04 15:23:00,2,306,730.86,365.43,153.0,17.5,Retail,2,1,2,212,Average Customer,Active,126.0,United Kingdom,730.86,2011-02
14779,2011-01-20 12:04:00,2011-03-04 12:42:00,3,84,386.15,128.71666666666667,28.0,13.666666666666666,Retail,1,2,1,121,At Risk / Lost Customer,Churned,280.0,United Kingdom,386.15,2011-01
14780,2011-09-21 15:15:00,2011-10-16 12:46:00,2,310,447.68,223.84,155.0,13.5,Retail,2,1,2,212,Average Customer,Active,54.0,United Kingdom,447.68,2011-09
14782,2011-01-24 11:12:00,2011-01-24 11:12:00,1,114,200.10000000000002,200.10000000000002,114.0,6.0,Retail,1,1,1,111,At Risk / Lost Customer,Churned,319.0,United Kingdom,200.10000000000002,2011-01
14783,2010-02-18 16:16:00,2010-02-18 16:16:00,1,262,307.3,307.3,262.0,17.0,Retail,1,1,1,111,At Risk / Lost Customer,Churned,658.0,United Kingdom,307.3,2010-02
14784,2010-11-15 09:49:00,2011-11-13 13:30:00,3,363,449.93,149.97666666666666,121.0,9.0,Retail,3,2,2,322,Loyal Customer,Active,25.0,United Kingdom,449.93,2010-11
14785,2011-11-24 13:40:00,2011-11-29 13:21:00,2,84,77.4,38.7,42.0,1.5,Retail,3,1,1,311,Average Customer,Active,9.0,United Kingdom,77.4,2011-11
14786,2010-06-07 13:42:00,2010-06-07 13:42:00,1,112,90.96,90.96,112.0,7.0,Retail,1,1,1,111,At Risk / Lost Customer,Churned,549.0,United Kingdom,90.96,2010-06
14787,2010-08-25 14:38:00,2010-08-25 14:38:00,1,59,110.65,110.65,59.0,14.0,Retail,1,1,1,111,At Risk / Lost Customer,Churned,470.0,United Kingdom,110.65,2010-08
14788,2010-04-22 18:16:00,2011-12-02 17:06:00,3,719,1156.32,385.44,239.66666666666666,19.333333333333332,Retail,3,2,2,322,Loyal Customer,Active,6.0,United Kingdom,1156.32,2010-04
14789,2011-11-11 08:59:00,2011-11-11 08:59:00,1,116,197.64,197.64,116.0,6.0,Retail,3,1,1,311,Average Customer,Active,28.0,United Kingdom,197.64,2011-11
14790,2009-12-11 14:37:00,2011-11-23 09:28:00,10,2642,2526.62,252.66199999999998,264.2,14.5,Retail,3,3,3,333,Best Customer,Active,16.0,United Kingdom,2526.62,2009-12
14791,2010-04-12 10:24:00,2010-04-12 10:24:00,1,127,303.63,303.63,127.0,19.0,Retail,1,1,1,111,At Risk / Lost Customer,Churned,606.0,United Kingdom,303.63,2010-04
14792,2011-10-07 09:19:00,2011-10-07 09:19:00,1,2,6.2,6.2,2.0,2.0,Retail,2,1,1,211,At Risk / Lost Customer,Active,63.0,United Kingdom,6.2,2011-10
14793,2010-06-22 16:54:00,2011-11-18 14:50:00,2,361,625.9,312.95,180.5,19.5,Retail,3,1,2,312,Average Customer,Active,20.0,United Kingdom,625.9,2010-06
14794,2010-08-09 15:44:00,2011-12-07 10:11:00,10,783,1953.9,195.39000000000001,78.3,10.4,Retail,3,3,3,333,Best Customer,Active,2.0,United Kingdom,1953.9,2010-08
14795,2011-06-26 13:04:00,2011-06-26 13:04:00,1,17,131.45000000000002,131.45000000000002,17.0,6.0,Retail,2,1,1,211,At Risk / Lost Customer,Churned,165.0,United Kingdom,131.45000000000002,2011-06
14796,2009-12-14 15:06:00,2011-12-08 15:31:00,27,7188,10169.33,376.64185185185187,266.22222222222223,54.44444444444444,Wholesale,,,,,,,,,,
14797,2010-07-20 14:07:00,2010-07-20 14:07:00,1,99,300.31,300.31,99.0,16.0,Retail,1,1,1,111,At Risk / Lost Customer,Churned,506.0,United Kingdom,300.31,2010-07
14798,2010-03-01 08:38:00,2011-10-18 10:58:00,8,601,724.31,90.53875,75.125,6.125,Retail,2,3,2,232,Loyal Customer,Active,52.0,United Kingdom,724.31,2010-03
14799,2009-12-02 11:18:00,2011-10-19 16:16:00,2,495,338.15,169.075,247.5,11.5,Retail,2,1,1,211,At Risk / Lost Customer,Active,50.0,United Kingdom,338.15,2009-12
14800,2010-09-30 14:38:00,2011-10-23 12:46:00,17,6501,7191.33,423.01941176470586,382.4117647058824,34.88235294117647,Retail,2,3,3,233,Loyal Customer,Active,47.0,United Kingdom,7191.33,2010-09
14801,2011-10-09 15:24:00,2011-10-09 15:24:00,1,173,189.34,189.34,173.0,56.0,Wholesale,,,,,,,,,,
14802,2010-09-27 16:32:00,2010-09-27 16:34:00,2,2,1502.98,751.49,1.0,1.0,Retail,1,1,3,113,Average Customer,Churned,437.0,United Kingdom,1502.98,2010-09
14803,2011-02-20 13:21:00,2011-06-30 13:58:00,3,370,845.55,281.84999999999997,123.33333333333333,13.666666666666666,Retail,2,2,2,222,Average Customer,Churned,161.0,United Kingdom,845.55,2011-02
14804,2011-12-01 11:20:00,2011-12-01 11:20:00,1,121,353.27,353.27,121.0,12.0,Retail,3,1,1,311,Average Customer,Active,8.0,United Kingdom,353.27,2011-12
14805,2010-03-28 12:34:00,2011-11-24 16:20:00,7,416,1082.55,154.65,59.42857142857143,18.142857142857142,Retail,3,3,2,332,Loyal Customer,Active,14.0,United Kingdom,1082.55,2010-03
14806,2010-09-26 15:50:00,2011-09-25 15:32:00,2,423,303.43,151.715,211.5,10.0,Retail,2,1,1,211,At Risk / Lost Customer,Active,74.0,United Kingdom,303.43,2010-09
14807,2010-02-28 11:33:00,2010-11-14 12:47:00,2,234,504.14,252.07,117.0,19.0,Retail,1,1,2,112,At Risk / Lost Customer,Churned,390.0,United Kingdom,504.14,2010-02
14808,2011-06-20 12:53:00,2011-10-31 12:21:00,8,2120,2718.6,339.825,265.0,27.75,Retail,3,3,3,333,Best Customer,Active,39.0,United Kingdom,2718.6,2011-06
14809,2010-03-28 15:42:00,2010-03-28 15:44:00,2,232,686.76,343.38,116.0,9.0,Retail,1,1,2,112,At Risk / Lost Customer,Churned,620.0,United Kingdom,686.76,2010-03
14810,2010-10-06 13:12:00,2011-10-30 11:19:00,13,1162,2354.03,181.07923076923078,89.38461538461539,22.923076923076923,Retail,3,3,3,333,Best Customer,Active,40.0,United Kingdom,2354.03,2010-10
14811,2010-11-17 13:09:00,2010-11-17 13:09:00,1,74,170.5,170.5,74.0,28.0,Retail,1,1,1,111,At Risk / Lost Customer,Churned,386.0,United Kingdom,170.5,2010-11
14812,2010-04-20 12:13:00,2010-04-20 12:13:00,1,135,178.85,178.85,135.0,36.0,Retail,1,1,1,111,At Risk / Lost Customer,Churned,598.0,United Kingdom,178.85,2010-04
14813,2010-04-08 11:49:00,2010-12-05 11:57:00,4,392,888.91,222.2275,98.0,32.25,Retail,1,2,2,122,Average Customer,Churned,369.0,United Kingdom,888.91,2010-04
14814,2010-05-07 14:10:00,2010-05-07 14:10:00,1,93,154.21,154.21,93.0,28.0,Retail,1,1,1,111,At Risk / Lost Customer,Churned,580.0,United Kingdom,154.21,2010-05
14815,2011-10-03 11:36:00,2011-11-03 11:36:00,2,744,778.5,389.25,372.0,26.5,Retail,3,1,2,312,Average Customer,Active,36.0,United Kingdom,778.5,2011-10
14816,2011-05-26 13:16:00,2011-05-26 13:16:00,1,5,271.85,271.85,5.0,4.0,Retail,2,1,1,211,At Risk / Lost Customer,Churned,196.0,United Kingdom,271.85,2011-05
14817,2010-03-22 12:10:00,2011-05-23 13:35:00,7,2462,3959.86,565.6942857142857,351.7142857142857,32.857142857142854,Retail,2,3,3,233,Loyal Customer,Churned,199.0,United Kingdom,3959.86,2010-03
14818,2010-03-02 12:48:00,2011-09-27 11:01:00,6,543,1153.56,192.26,90.5,17.166666666666668,Retail,2,3,2,232,Loyal Customer,Active,73.0,United Kingdom,1153.56,2010-03
14819,2009-12-21 15:54:00,2011-10-06 13:41:00,4,170,456.41,114.1025,42.5,13.25,Retail,2,2,2,222,Average Customer,Active,63.0,United Kingdom,456.41,2009-12
14820,2010-01-31 12:49:00,2011-11-18 15:41:00,9,724,1274.76,141.64,80.44444444444444,7.111111111111111,Retail,3,3,2,332,Loyal Customer,Active,20.0,United Kingdom,1274.76,2010-01
14821,2010-02-01 13:33:00,2010-12-08 08:43:00,7,459,1230.15,175.7357142857143,65.57142857142857,9.714285714285714,Retail,1,3,2,132,Average Customer,Churned,366.0,United Kingdom,1230.15,2010-02
14822,2010-08-11 12:52:00,2010-08-11 12:52:00,1,94,157.70000000000002,157.70000000000002,94.0,9.0,Retail,1,1,1,111,At Risk / Lost Customer,Churned,484.0,United Kingdom,157.70000000000002,2010-08
14823,2011-05-29 12:48:00,2011-06-12 13:12:00,3,88,321.43,107.14333333333333,29.333333333333332,23.333333333333332,Retail,2,2,1,221,Average Customer,Churned,179.0,United Kingdom,321.43,2011-05
14824,2010-03-12 13:07:00,2011-11-29 14:20:00,10,1954,4022.9100000000003,402.29100000000005,195.4,15.8,Retail,3,3,3,333,Best Customer,Active,9.0,United Kingdom,4022.9100000000003,2010-03
14825,2010-04-06 14:14:00,2011-12-06 11:38:00,24,2774,4735.08,197.295,115.58333333333333,12.25,Retail,3,3,3,333,Best Customer,Active,3.0,United Kingdom,4735.08,2010-04
14826,2010-01-13 13:08:00,2010-05-07 09:00:00,2,152,385.2,192.6,76.0,5.0,Retail,1,1,1,111,At Risk / Lost Customer,Churned,581.0,United Kingdom,385.2,2010-01
14827,2010-02-12 15:47:00,2010-02-12 15:47:00,1,5,0.0,0.0,5.0,1.0,Retail,1,1,1,111,At Risk / Lost Customer,Churned,664.0,United Kingdom,0.0,2010-02
14828,2009-12-07 11:19:00,2011-05-27 10:16:00,13,9718,9839.460000000001,756.8815384615385,747.5384615384615,7.769230769230769,Wholesale,,,,,,,,,,
14829,2010-09-29 13:14:00,2011-11-10 16:16:00,7,957,1455.8700000000001,207.98142857142858,136.71428571428572,13.0,Retail,3,3,3,333,Best Customer,Active,28.0,United Kingdom,1455.8700000000001,2010-09
14830,2011-10-17 14:29:00,2011-10-17 14:29:00,1,164,188.88,188.88,164.0,39.0,Retail,2,1,1,211,At Risk / Lost Customer,Active,52.0,United Kingdom,188.88,2011-10
14831,2009-12-02 09:21:00,2010-01-28 14:31:00,3,885,1676.57,558.8566666666667,295.0,27.333333333333332,Retail,1,2,3,123,Average Customer,Churned,679.0,United Kingdom,1676.57,2009-12
14832,2010-03-19 15:14:00,2010-03-19 15:14:00,1,1,322.69,322.69,1.0,1.0,Retail,1,1,1,111,At Risk / Lost Customer,Churned,629.0,United Kingdom,322.69,2010-03
14833,2010-07-29 10:06:00,2010-07-29 10:06:00,1,58,94.8,94.8,58.0,7.0,Retail,1,1,1,111,At Risk / Lost Customer,Churned,498.0,United Kingdom,94.8,2010-07
14834,2010-10-28 17:37:00,2011-11-22 10:30:00,7,872,2206.16,315.1657142857143,124.57142857142857,12.428571428571429,Retail,3,3,3,333,Best Customer,Active,17.0,United Kingdom,2206.16,2010-10
14835,2010-04-01 19:34:00,2010-06-29 10:08:00,2,180,297.0,148.5,90.0,1.0,Retail,1,1,1,111,At Risk / Lost Customer,Churned,528.0,United Kingdom,297.0,2010-04
14836,2011-11-09 13:26:00,2011-11-29 16:45:00,3,45,102.44999999999999,34.15,15.0,2.0,Retail,3,2,1,321,Average Customer,Active,9.0,United Kingdom,102.44999999999999,2011-11
14837,2010-01-24 10:20:00,2011-09-11 10:58:00,9,3030,3460.32,384.48,336.6666666666667,23.22222222222222,Retail,2,3,3,233,Loyal Customer,Active,89.0,United Kingdom,3460.32,2010-01
14838,2009-12-03 09:52:00,2010-10-12 15:46:00,2,361,769.9200000000001,384.96000000000004,180.5,35.0,Retail,1,1,2,112,At Risk / Lost Customer,Churned,422.0,United Kingdom,769.9200000000001,2009-12
14839,2010-01-04 16:29:00,2010-10-17 13:01:00,3,927,915.28,305.0933333333333,309.0,24.666666666666668,Retail,1,2,2,122,Average Customer,Churned,417.0,United Kingdom,915.28,2010-01
14840,2010-06-18 15:42:00,2011-03-17 12:00:00,2,179,362.71,181.355,89.5,11.0,Retail,2,1,1,211,At Risk / Lost Customer,Churned,267.0,United Kingdom,362.71,2010-06
14841,2009-12-02 16:49:00,2011-10-17 15:03:00,14,4164,7163.0,511.64285714285717,297.42857142857144,21.428571428571427,Retail,2,3,3,233,Loyal Customer,Active,52.0,United Kingdom,7163.0,2009-12
14842,2011-02-04 15:32:00,2011-10-27 12:37:00,4,1166,2824.69,706.1725,291.5,36.25,Retail,2,2,3,223,Loyal Customer,Active,43.0,United Kingdom,2824.69,2011-02
14843,2010-09-29 12:39:00,2010-09-29 12:39:00,1,132,211.79999999999998,211.79999999999998,132.0,9.0,Retail,1,1,1,111,At Risk / Lost Customer,Churned,436.0,United Kingdom,211.79999999999998,2010-09
14844,2010-04-12 12:50:00,2011-10-07 10:41:00,10,4369,6702.43,670.243,436.9,27.7,Retail,2,3,3,233,Loyal Customer,Active,63.0,United Kingdom,6702.43,2010-04
14845,2010-04-19 10:19:00,2010-04-19 10:19:00,1,600,150.0,150.0,600.0,1.0,Wholesale,,,,,,,,,,
14846,2010-10-08 17:07:00,2010-10-08 17:07:00,1,193,437.4,437.4,193.0,12.0,Retail,1,1,2,112,At Risk / Lost Customer,Churned,426.0,United Kingdom,437.4,2010-10
14847,2010-05-24 12:29:00,2011-07-14 10:52:00,3,533,1348.95,449.65000000000003,177.66666666666666,20.666666666666668,Retail,2,2,2,222,Average Customer,Churned,148.0,United Kingdom,1348.95,2010-05
14848,2010-10-31 12:22:00,2010-10-31 12:22:00,1,260,310.56,310.56,260.0,11.0,Retail,1,1,1,111,At Risk / Lost Customer,Churned,404.0,United Kingdom,310.56,2010-10
14849,2010-01-10 11:40:00,2011-11-18 10:58:00,43,11838,15407.61,358.316511627907,275.30232558139534,17.162790697674417,Retail,3,3,3,333,Best Customer,Active,21.0,United Kingdom,15407.61,2010-01
14850,2010-05-20 13:28:00,2011-02-01 11:21:00,7,1393,1770.96,252.99428571428572,199.0,26.0,Retail,1,3,3,133,Loyal Customer,Churned,311.0,United Kingdom,1770.96,2010-05
14851,2010-03-19 11:52:00,2011-11-16 14:20:00,3,631,829.4100000000001,276.47,210.33333333333334,14.0,Retail,3,2,2,322,Loyal Customer,Active,22.0,United Kingdom,829.4100000000001,2010-03
14852,2010-03-05 14:51:00,2011-10-12 13:20:00,18,4366,6132.43,340.6905555555556,242.55555555555554,17.166666666666668,Retail,2,3,3,233,Loyal Customer,Active,57.0,United Kingdom,6132.43,2010-03
14853,2010-04-13 09:26:00,2011-11-15 16:56:00,5,345,1376.87,275.37399999999997,69.0,6.2,Retail,3,2,2,322,Loyal Customer,Active,23.0,United Kingdom,1376.87,2010-04
14854,2010-01-22 09:48:00,2011-09-22 17:00:00,11,2987,4303.06,391.1872727272728,271.54545454545456,19.454545454545453,Retail,2,3,3,233,Loyal Customer,Active,77.0,United Kingdom,4303.06,2010-01
14855,2010-04-08 10:30:00,2011-08-12 14:02:00,7,3510,6520.3,931.4714285714286,501.42857142857144,29.428571428571427,Retail,2,3,3,233,Loyal Customer,Active,118.0,United Kingdom,6520.3,2010-04
14856,2011-10-14 09:35:00,2011-11-03 14:53:00,3,711,1290.53,430.1766666666667,237.0,21.666666666666668,Retail,3,2,2,322,Loyal Customer,Active,35.0,United Kingdom,1290.53,2011-10
14857,2010-03-15 11:00:00,2011-10-11 09:23:00,7,2081,3651.851,521.693,297.2857142857143,30.428571428571427,Retail,2,3,3,233,Loyal Customer,Active,59.0,United Kingdom,3651.851,2010-03
14858,2010-07-22 10:51:00,2010-07-22 10:51:00,1,105,180.75,180.75,105.0,11.0,Retail,1,1,1,111,At Risk / Lost Customer,Churned,505.0,United Kingdom,180.75,2010-07
14859,2010-06-03 10:26:00,2011-11-27 11:18:00,5,888,1705.64,341.12800000000004,177.6,13.2,Retail,3,2,3,323,Loyal Customer,Active,12.0,United Kingdom,1705.64,2010-06
14860,2011-11-20 14:17:00,2011-11-20 14:17:00,1,232,170.32,170.32,232.0,11.0,Retail,3,1,1,311,Average Customer,Active,18.0,United Kingdom,170.32,2011-11
14861,2009-12-08 12:12:00,2011-10-18 12:54:00,10,1076,1380.73,138.073,107.6,8.6,Retail,2,3,2,232,Loyal Customer,Active,51.0,United Kingdom,1380.73,2009-12
14862,2011-07-14 11:20:00,2011-11-14 10:01:00,2,772,841.1999999999999,420.59999999999997,386.0,24.0,Retail,3,1,2,312,Average Customer,Active,25.0,United Kingdom,841.1999999999999,2011-07
14863,2011-11-10 15:04:00,2011-11-10 15:04:00,1,132,266.76,266.76,132.0,11.0,Retail,3,1,1,311,Average Customer,Active,28.0,United Kingdom,266.76,2011-11
14865,2009-12-01 16:05:00,2011-12-02 16:25:00,4,204,92.52000000000001,23.130000000000003,51.0,1.5,Retail,3,2,1,321,Average Customer,Active,6.0,United Kingdom,92.52000000000001,2009-12
14866,2010-08-26 11:54:00,2011-11-29 11:45:00,19,9089,20746.54,1091.923157894737,478.36842105263156,7.157894736842105,Retail,3,3,3,333,Best Customer,Active,10.0,United Kingdom,20746.54,2010-08
14867,2009-12-05 15:47:00,2011-06-07 11:39:00,16,996,2952.06,184.50375,62.25,8.5625,Retail,2,3,3,233,Loyal Customer,Churned,185.0,United Kingdom,2952.06,2009-12
14868,2010-10-15 14:52:00,2011-12-06 14:49:00,12,2230,4184.01,348.6675,185.83333333333334,17.583333333333332,Retail,3,3,3,333,Best Customer,Active,2.0,United Kingdom,4184.01,2010-10
14869,2009-12-16 11:43:00,2011-12-01 12:36:00,6,2130,2778.14,463.0233333333333,355.0,39.833333333333336,Retail,3,3,3,333,Best Customer,Active,8.0,United Kingdom,2778.14,2009-12
14870,2010-01-25 09:05:00,2011-03-23 10:51:00,6,483,1838.95,306.4916666666667,80.5,10.833333333333334,Retail,2,3,3,233,Loyal Customer,Churned,261.0,United Kingdom,1838.95,2010-01
14871,2009-12-01 11:57:00,2011-12-06 13:42:00,9,446,1228.17,136.46333333333334,49.55555555555556,21.333333333333332,Retail,3,3,2,332,Loyal Customer,Active,2.0,United Kingdom,1228.17,2009-12
14872,2010-03-16 14:41:00,2010-08-13 12:34:00,3,662,816.6,272.2,220.66666666666666,14.333333333333334,Retail,1,2,2,122,Average Customer,Churned,483.0,United Kingdom,816.6,2010-03
14873,2010-03-16 10:51:00,2011-05-13 13:52:00,2,311,854.13,427.065,155.5,24.5,Retail,2,1,2,212,Average Customer,Churned,209.0,United Kingdom,854.13,2010-03
14874,2010-06-22 14:58:00,2010-06-22 14:58:00,1,148,116.18,116.18,148.0,6.0,Retail,1,1,1,111,At Risk / Lost Customer,Churned,534.0,United Kingdom,116.18,2010-06
14875,2010-09-24 10:28:00,2011-08-24 12:20:00,3,1332,2862.4,954.1333333333333,444.0,29.666666666666668,Retail,2,2,3,223,Loyal Customer,Active,107.0,United Kingdom,2862.4,2010-09
14876,2010-05-27 13:49:00,2010-07-06 14:57:00,2,162,256.7,128.35,81.0,6.5,Retail,1,1,1,111,At Risk / Lost Customer,Churned,520.0,United Kingdom,256.7,2010-05
14877,2010-03-07 12:25:00,2010-10-17 13:09:00,2,168,425.85,212.925,84.0,30.5,Retail,1,1,2,112,At Risk / Lost Customer,Churned,417.0,United Kingdom,425.85,2010-03
14878,2010-02-21 11:14:00,2011-11-27 11:15:00,25,2416,4076.5,163.06,96.64,14.44,Retail,3,3,3,333,Best Customer,Active,12.0,United Kingdom,4076.5,2010-02
14879,2010-01-24 11:35:00,2010-01-24 11:35:00,1,104,185.06,185.06,104.0,27.0,Retail,1,1,1,111,At Risk / Lost Customer,Churned,684.0,United Kingdom,185.06,2010-01
14880,2011-02-24 12:27:00,2011-09-23 13:42:00,3,365,690.59,230.1966666666667,121.66666666666667,15.333333333333334,Retail,2,2,2,222,Average Customer,Active,76.0,United Kingdom,690.59,2011-02
14881,2011-11-20 11:06:00,2011-11-20 11:06:00,1,316,255.4,255.4,316.0,17.0,Retail,3,1,1,311,Average Customer,Active,19.0,United Kingdom,255.4,2011-11
14882,2010-03-30 15:02:00,2011-11-13 12:47:00,14,1614,3546.65,253.33214285714286,115.28571428571429,4.642857142857143,Retail,3,3,3,333,Best Customer,Active,26.0,United Kingdom,3546.65,2010-03
14883,2011-05-12 09:49:00,2011-11-21 10:23:00,6,790,761.59,126.93166666666667,131.66666666666666,8.833333333333334,Retail,3,3,2,332,Loyal Customer,Active,18.0,United Kingdom,761.59,2011-05
14884,2010-02-08 12:56:00,2010-02-08 12:56:00,1,72,120.6,120.6,72.0,8.0,Retail,1,1,1,111,At Risk / Lost Customer,Churned,668.0,United Kingdom,120.6,2010-02
14885,2010-08-31 10:11:00,2011-07-31 12:05:00,3,1308,1598.12,532.7066666666666,436.0,10.333333333333334,Retail,2,2,3,223,Loyal Customer,Active,131.0,United Kingdom,1598.12,2010-08
14886,2011-04-01 08:56:00,2011-04-01 08:56:00,1,160,364.8,364.8,160.0,18.0,Retail,2,1,1,211,At Risk / Lost Customer,Churned,252.0,United Kingdom,364.8,2011-04
14887,2011-09-21 15:32:00,2011-09-21 15:32:00,1,1100,1862.0,1862.0,1100.0,6.0,Wholesale,,,,,,,,,,
14888,2011-05-16 14:58:00,2011-05-16 14:58:00,1,184,369.2,369.2,184.0,20.0,Retail,2,1,1,211,At Risk / Lost Customer,Churned,206.0,United Kingdom,369.2,2011-05
14889,2011-01-07 15:19:00,2011-01-07 15:19:00,1,90,135.9,135.9,90.0,10.0,Retail,1,1,1,111,At Risk / Lost Customer,Churned,335.0,United Kingdom,135.9,2011-01
14890,2010-02-18 09:00:00,2011-03-31 11:57:00,3,636,817.25,272.4166666666667,212.0,19.0,Retail,2,2,2,222,Average Customer,Churned,253.0,United Kingdom,817.25,2010-02
14891,2010-09-29 12:41:00,2011-07-14 18:08:00,4,788,1106.73,276.6825,197.0,15.75,Retail,2,2,2,222,Average Customer,Churned,147.0,United Kingdom,1106.73,2010-09
14892,2010-01-18 08:58:00,2010-01-18 08:58:00,1,79,202.35000000000002,202.35000000000002,79.0,13.0,Retail,1,1,1,111,At Risk / Lost Customer,Churned,690.0,United Kingdom,202.35000000000002,2010-01
14893,2010-04-01 09:03:00,2011-11-30 12:31:00,3,1047,1809.6100000000001,603.2033333333334,349.0,35.333333333333336,Retail,3,2,3,323,Loyal Customer,Active,9.0,United Kingdom,1809.6100000000001,2010-04
14894,2009-12-02 10:42:00,2011-09-15 13:51:00,3,603,1492.81,497.6033333333333,201.0,15.333333333333334,Retail,2,2,3,223,Loyal Customer,Active,84.0,United Kingdom,1492.81,2009-12
14895,2009-12-10 14:22:00,2011-12-02 09:23:00,38,10714,25119.54,661.0405263157895,281.94736842105266,23.657894736842106,Retail,3,3,3,333,Best Customer,Active,7.0,United Kingdom,25119.54,2009-12
14896,2009-12-06 12:42:00,2011-05-19 10:20:00,8,931,1826.0,228.25,116.375,31.0,Retail,2,3,3,233,Loyal Customer,Churned,204.0,United Kingdom,1826.0,2009-12
14897,2009-12-15 17:05:00,2011-12-02 10:32:00,8,1162,3140.54,392.5675,145.25,15.875,Retail,3,3,3,333,Best Customer,Active,7.0,United Kingdom,3140.54,2009-12
14898,2009-12-03 16:40:00,2011-11-16 14:54:00,14,2207,3365.95,240.42499999999998,157.64285714285714,19.785714285714285,Retail,3,3,3,333,Best Customer,Active,22.0,United Kingdom,3365.95,2009-12
14899,2010-11-09 15:20:00,2010-11-09 15:20:00,1,570,1331.38,1331.38,570.0,126.0,Wholesale,,,,,,,,,,
14900,2010-07-05 15:09:00,2010-07-05 15:09:00,1,48,13.919999999999998,13.919999999999998,48.0,1.0,Retail,1,1,1,111,At Risk / Lost Customer,Churned,521.0,United Kingdom,13.919999999999998,2010-07
14901,2010-07-29 11:11:00,2011-11-28 17:09:00,12,880,1919.0,159.91666666666666,73.33333333333333,11.083333333333334,Retail,3,3,3,333,Best Customer,Active,10.0,United Kingdom,1919.0,2010-07
14902,2010-06-04 12:35:00,2011-11-14 10:34:00,3,716,1035.6200000000001,345.2066666666667,238.66666666666666,19.666666666666668,Retail,3,2,2,322,Loyal Customer,Active,25.0,United Kingdom,1035.6200000000001,2010-06
14903,2011-03-06 11:50:00,2011-11-18 16:07:00,5,1531,2795.33,559.066,306.2,69.4,Wholesale,,,,,,,,,,
14904,2010-10-08 12:48:00,2011-12-07 12:55:00,4,2522,1630.49,407.6225,630.5,33.25,Wholesale,,,,,,,,,,
14905,2009-12-03 14:36:00,2011-07-05 12:41:00,8,1009,1971.39,246.42375,126.125,9.75,Retail,2,3,3,233,Loyal Customer,Churned,157.0,United Kingdom,1971.39,2009-12
14906,2010-09-20 16:30:00,2010-09-20 16:30:00,1,1,68.44,68.44,1.0,1.0,Retail,1,1,1,111,At Risk / Lost Customer,Churned,444.0,United Kingdom,68.44,2010-09
14907,2010-04-16 13:40:00,2011-12-06 14:14:00,16,2583,5547.72,346.7325,161.4375,16.75,Retail,3,3,3,333,Best Customer,Active,2.0,United Kingdom,5547.72,2010-04
14908,2010-09-02 16:39:00,2011-09-26 12:56:00,2,182,381.9,190.95,91.0,7.0,Retail,2,1,1,211,At Risk / Lost Customer,Active,73.0,United Kingdom,381.9,2010-09
14909,2010-02-14 15:47:00,2010-09-28 16:56:00,3,888,1404.68,468.2266666666667,296.0,26.666666666666668,Retail,1,2,2,122,Average Customer,Churned,436.0,United Kingdom,1404.68,2010-02
14910,2011-10-16 11:06:00,2011-12-07 10:06:00,4,238,434.35,108.5875,59.5,7.5,Retail,3,2,2,322,Loyal Customer,Active,2.0,United Kingdom,434.35,2011-10
14911,2009-12-01 11:41:00,2011-12-08 15:54:00,398,148222,291420.81,732.2130904522613,372.4170854271357,27.83668341708543,Retail,3,3,3,333,Best Customer,Active,0.0,EIRE,291420.81,2009-12
14912,2010-01-26 16:29:00,2011-11-23 09:20:00,6,1819,1889.25,314.875,303.1666666666667,10.5,Retail,3,3,3,333,Best Customer,Active,16.0,Italy,1889.25,2010-01
14913,2010-08-11 08:40:00,2011-11-04 08:29:00,8,3955,4073.13,509.14125,494.375,30.875,Retail,3,3,3,333,Best Customer,Active,35.0,United Kingdom,4073.13,2010-08
14915,2009-12-03 10:17:00,2011-09-09 13:34:00,11,707,1811.25,164.6590909090909,64.27272727272727,8.181818181818182,Retail,2,3,3,233,Loyal Customer,Active,90.0,United Kingdom,1811.25,2009-12
14916,2010-04-01 10:57:00,2011-09-30 09:20:00,8,2415,3042.95,380.36875,301.875,16.75,Retail,2,3,3,233,Loyal Customer,Active,70.0,United Kingdom,3042.95,2010-04
14917,2010-04-22 09:44:00,2010-04-22 11:28:00,2,891,1123.75,561.875,445.5,14.5,Retail,1,1,2,112,At Risk / Lost Customer,Churned,596.0,United Kingdom,1123.75,2010-04
14918,2010-04-08 11:18:00,2011-08-16 11:50:00,9,2551,5955.81,661.7566666666667,283.44444444444446,15.666666666666666,Retail,2,3,3,233,Loyal Customer,Active,115.0,United Kingdom,5955.81,2010-04
14919,2010-06-18 13:06:00,2010-06-18 13:06:00,1,129,359.35,359.35,129.0,13.0,Retail,1,1,1,111,At Risk / Lost Customer,Churned,538.0,United Kingdom,359.35,2010-06
14920,2010-05-23 15:25:00,2011-05-11 10:32:00,3,886,1607.17,535.7233333333334,295.3333333333333,32.333333333333336,Retail,2,2,3,223,Loyal Customer,Churned,212.0,United Kingdom,1607.17,2010-05
14921,2011-05-22 12:51:00,2011-11-09 13:17:00,2,953,1316.07,658.035,476.5,39.0,Retail,3,1,2,312,Average Customer,Active,29.0,United Kingdom,1316.07,2011-05
14922,2010-07-20 09:45:00,2010-11-11 11:14:00,2,376,843.74,421.87,188.0,25.0,Retail,1,1,2,112,At Risk / Lost Customer,Churned,393.0,United Kingdom,843.74,2010-07
14923,2011-10-20 11:51:00,2011-10-20 11:51:00,1,418,749.1,749.1,418.0,44.0,Retail,2,1,2,212,Average Customer,Active,50.0,United Kingdom,749.1,2011-10
14924,2010-03-10 12:51:00,2011-04-08 09:25:00,3,312,931.01,310.33666666666664,104.0,10.333333333333334,Retail,2,2,2,222,Average Customer,Churned,245.0,United Kingdom,931.01,2010-03
14926,2010-04-20 09:59:00,2010-11-23 07:13:00,2,204,359.4,179.7,102.0,1.5,Retail,1,1,1,111,At Risk / Lost Customer,Churned,381.0,United Kingdom,359.4,2010-04
14927,2010-11-08 12:30:00,2010-11-08 12:30:00,1,196,308.2,308.2,196.0,20.0,Retail,1,1,1,111,At Risk / Lost Customer,Churned,396.0,United Kingdom,308.2,2010-11
14928,2010-03-22 09:14:00,2010-03-22 09:14:00,1,268,223.91000000000003,223.91000000000003,268.0,21.0,Retail,1,1,1,111,At Risk / Lost Customer,Churned,627.0,United Kingdom,223.91000000000003,2010-03
14929,2010-10-14 12:22:00,2011-11-07 17:21:00,2,487,836.69,418.345,243.5,17.0,Retail,3,1,2,312,Average Customer,Active,31.0,United Kingdom,836.69,2010-10
14930,2010-04-12 11:22:00,2011-08-23 10:31:00,6,2193,5236.7300000000005,872.7883333333334,365.5,46.333333333333336,Retail,2,3,3,233,Loyal Customer,Active,108.0,Channel Islands,5236.7300000000005,2010-04
14931,2011-04-13 09:32:00,2011-12-05 10:19:00,5,417,1257.68,251.536,83.4,8.2,Retail,3,2,2,322,Loyal Customer,Active,4.0,Channel Islands,1257.68,2011-04
14932,2010-11-19 09:16:00,2010-12-09 11:48:00,2,257,666.13,333.065,128.5,16.0,Retail,1,1,2,112,At Risk / Lost Customer,Churned,365.0,Channel Islands,666.13,2010-11
14933,2010-09-21 17:29:00,2010-09-22 10:47:00,4,600,1770.0,442.5,150.0,1.0,Retail,1,2,3,123,Average Customer,Churned,443.0,Channel Islands,1770.0,2010-09
14934,2010-09-24 12:08:00,2011-09-19 10:10:00,5,2100,3503.5,700.7,420.0,37.0,Retail,2,2,3,223,Loyal Customer,Active,81.0,Channel Islands,3503.5,2010-09
14935,2010-03-30 11:48:00,2011-02-15 14:44:00,2,1931,2849.83,1424.915,965.5,13.0,Wholesale,,,,,,,,,,
14936,2010-05-05 12:26:00,2011-11-06 10:30:00,12,6274,12410.81,1034.2341666666666,522.8333333333334,43.916666666666664,Wholesale,,,,,,,,,,
14937,2011-08-01 14:16:00,2011-10-14 12:29:00,3,484,1621.88,540.6266666666667,161.33333333333334,11.333333333333334,Retail,2,2,3,223,Loyal Customer,Active,56.0,Channel Islands,1621.88,2011-08
14938,2010-05-26 13:35:00,2010-05-26 13:38:00,2,1369,2322.43,1161.215,684.5,35.5,Wholesale,,,,,,,,,,
14940,2009-12-06 15:46:00,2010-10-18 10:47:00,2,384,531.49,265.745,192.0,16.0,Retail,1,1,2,112,At Risk / Lost Customer,Churned,417.0,United Kingdom,531.49,2009-12
14941,2010-05-10 11:30:00,2010-05-10 11:30:00,1,80,182.1,182.1,80.0,7.0,Retail,1,1,1,111,At Risk / Lost Customer,Churned,578.0,United Kingdom,182.1,2010-05
14942,2009-12-10 10:32:00,2010-11-03 10:51:00,4,354,746.56,186.64,88.5,4.75,Retail,1,2,2,122,Average Customer,Churned,401.0,United Kingdom,746.56,2009-12
14943,2010-02-14 16:04:00,2010-02-14 16:04:00,1,46,107.62,107.62,46.0,5.0,Retail,1,1,1,111,At Risk / Lost Customer,Churned,662.0,United Kingdom,107.62,2010-02
14944,2010-02-17 08:47:00,2011-11-10 09:10:00,19,4864,9784.67,514.9826315789473,256.0,15.947368421052632,Retail,3,3,3,333,Best Customer,Active,29.0,United Kingdom,9784.67,2010-02
14945,2010-10-22 11:26:00,2010-10-22 11:26:00,1,156,179.4,179.4,156.0,11.0,Retail,1,1,1,111,At Risk / Lost Customer,Churned,413.0,United Kingdom,179.4,2010-10
14946,2011-11-25 13:33:00,2011-11-25 13:33:00,1,22,100.9,100.9,22.0,3.0,Retail,3,1,1,311,Average Customer,Active,13.0,United Kingdom,100.9,2011-11
14947,2010-03-25 11:29:00,2011-09-28 15:48:00,6,416,1049.79,174.965,69.33333333333333,9.0,Retail,2,3,2,232,Loyal Customer,Active,71.0,United Kingdom,1049.79,2010-03
14948,2011-05-04 14:52:00,2011-11-16 17:16:00,6,673,1101.97,183.66166666666666,112.16666666666667,10.5,Retail,3,3,2,332,Loyal Customer,Active,22.0,United Kingdom,1101.97,2011-05
14949,2009-12-18 15:28:00,2010-08-27 15:38:00,4,250,515.0,128.75,62.5,6.75,Retail,1,2,2,122,Average Customer,Churned,468.0,United Kingdom,515.0,2009-12
14950,2011-11-20 13:48:00,2011-11-20 13:48:00,1,136,371.2,371.2,136.0,19.0,Retail,3,1,1,311,Average Customer,Active,18.0,United Kingdom,371.2,2011-11
14951,2011-09-21 15:15:00,2011-09-21 15:15:00,1,311,311.69,311.69,311.0,20.0,Retail,2,1,1,211,At Risk / Lost Customer,Active,78.0,United Kingdom,311.69,2011-09
14952,2009-12-03 15:34:00,2011-10-11 10:33:00,32,6977,17629.35,550.9171875,218.03125,9.59375,Retail,2,3,3,233,Loyal Customer,Active,59.0,United Kingdom,17629.35,2009-12
14953,2010-09-30 12:16:00,2011-11-14 14:59:00,4,1014,971.32,242.83,253.5,59.75,Wholesale,,,,,,,,,,
14954,2010-01-05 16:38:00,2011-11-27 14:30:00,2,209,462.12,231.06,104.5,58.0,Wholesale,,,,,,,,,,
14955,2009-12-07 11:35:00,2009-12-07 11:35:00,1,74,163.77,163.77,74.0,30.0,Retail,1,1,1,111,At Risk / Lost Customer,Churned,732.0,United Kingdom,163.77,2009-12
14956,2010-10-14 16:40:00,2010-10-14 16:40:00,1,2500,1325.0,1325.0,2500.0,4.0,Wholesale,,,,,,,,,,
14957,2010-03-05 10:50:00,2011-03-31 17:59:00,2,97,261.69,130.845,48.5,13.5,Retail,2,1,1,211,At Risk / Lost Customer,Churned,252.0,United Kingdom,261.69,2010-03
14958,2009-12-03 16:02:00,2011-07-15 14:20:00,6,248,941.99,156.99833333333333,41.333333333333336,11.833333333333334,Retail,2,3,2,232,Loyal Customer,Churned,146.0,United Kingdom,941.99,2009-12
14959,2011-02-16 13:00:00,2011-10-06 18:23:00,4,494,695.42,173.855,123.5,14.5,Retail,2,2,2,222,Average Customer,Active,63.0,United Kingdom,695.42,2011-02
14960,2011-06-21 13:38:00,2011-12-01 12:54:00,2,221,221.27,110.635,110.5,11.5,Retail,3,1,1,311,Average Customer,Active,7.0,United Kingdom,221.27,2011-06
14961,2009-12-04 11:32:00,2011-11-29 09:42:00,22,8372,16410.15,745.9159090909092,380.54545454545456,30.454545454545453,Retail,3,3,3,333,Best Customer,Active,10.0,United Kingdom,16410.15,2009-12
14962,2010-05-04 14:57:00,2011-03-14 09:42:00,4,123,366.91,91.7275,30.75,3.5,Retail,2,2,1,221,Average Customer,Churned,270.0,United Kingdom,366.91,2010-05
14963,2010-07-02 12:43:00,2011-11-30 12:16:00,12,2287,3123.57,260.2975,190.58333333333334,38.083333333333336,Retail,3,3,3,333,Best Customer,Active,9.0,United Kingdom,3123.57,2010-07
14964,2011-04-06 14:13:00,2011-04-06 14:13:00,1,143,206.21,206.21,143.0,13.0,Retail,2,1,1,211,At Risk / Lost Customer,Churned,246.0,United Kingdom,206.21,2011-04
14965,2011-09-04 13:15:00,2011-09-04 13:20:00,2,363,596.09,298.045,181.5,40.0,Retail,2,1,2,212,Average Customer,Active,95.0,United Kingdom,596.09,2011-09
14966,2009-12-15 13:48:00,2011-11-25 12:20:00,6,1060,1064.26,177.37666666666667,176.66666666666666,24.333333333333332,Retail,3,3,2,332,Loyal Customer,Active,14.0,United Kingdom,1064.26,2009-12
14967,2009-12-03 14:07:00,2011-10-21 11:06:00,6,652,1982.6100000000001,330.435,108.66666666666667,4.833333333333333,Retail,2,3,3,233,Loyal Customer,Active,49.0,United Kingdom,1982.6100000000001,2009-12
14968,2010-09-07 13:28:00,2011-11-09 13:58:00,2,257,501.24,250.62,128.5,42.0,Retail,3,1,2,312,Average Customer,Active,29.0,United Kingdom,501.24,2010-09
14969,2010-01-05 12:43:00,2010-01-05 12:43:00,1,665,906.23,906.23,665.0,13.0,Wholesale,,,,,,,,,,
14970,2010-02-14 13:37:00,2011-10-02 13:44:00,12,982,4919.35,409.9458333333334,81.83333333333333,9.416666666666666,Retail,2,3,3,233,Loyal Customer,Active,67.0,United Kingdom,4919.35,2010-02
14971,2011-10-27 13:33:00,2011-11-04 17:07:00,3,639,1097.98,365.99333333333334,213.0,50.0,Retail,3,2,2,322,Loyal Customer,Active,34.0,United Kingdom,1097.98,2011-10
14972,2010-11-23 16:17:00,2011-08-03 14:54:00,2,40,145.07,72.535,20.0,10.0,Retail,2,1,1,211,At Risk / Lost Customer,Active,127.0,United Kingdom,145.07,2010-11
14973,2011-04-28 12:22:00,2011-08-24 15:51:00,3,369,1314.45,438.15000000000003,123.0,10.666666666666666,Retail,2,2,2,222,Average Customer,Active,106.0,United Kingdom,1314.45,2011-04
14974,2011-11-02 13:01:00,2011-11-02 13:01:00,1,37,89.94,89.94,37.0,17.0,Retail,3,1,1,311,Average Customer,Active,36.0,United Kingdom,89.94,2011-11
14975,2010-10-14 14:11:00,2011-10-13 14:08:00,2,507,472.39,236.195,253.5,13.0,Retail,2,1,2,212,Average Customer,Active,56.0,United Kingdom,472.39,2010-10
14976,2011-01-17 11:09:00,2011-10-13 16:37:00,7,234,790.86,112.98,33.42857142857143,10.285714285714286,Retail,2,3,2,232,Loyal Customer,Active,56.0,United Kingdom,790.86,2011-01
14977,2009-12-14 10:37:00,2009-12-14 10:37:00,1,17,31.929999999999996,31.929999999999996,17.0,4.0,Retail,1,1,1,111,At Risk / Lost Customer,Churned,725.0,United Kingdom,31.929999999999996,2009-12
14978,2010-04-28 10:50:00,2011-09-28 13:07:00,10,736,3112.19,311.219,73.6,28.8,Retail,2,3,3,233,Loyal Customer,Active,71.0,United Kingdom,3112.19,2010-04
14979,2009-12-04 12:54:00,2009-12-04 12:54:00,1,209,429.66,429.66,209.0,42.0,Retail,1,1,2,112,At Risk / Lost Customer,Churned,734.0,United Kingdom,429.66,2009-12
14980,2009-12-02 14:09:00,2009-12-02 14:09:00,1,79,150.68,150.68,79.0,24.0,Retail,1,1,1,111,At Risk / Lost Customer,Churned,736.0,United Kingdom,150.68,2009-12
14981,2010-10-12 11:04:00,2011-04-07 13:45:00,2,241,372.92,186.46,120.5,11.0,Retail,2,1,1,211,At Risk / Lost Customer,Churned,245.0,United Kingdom,372.92,2010-10
14982,2010-05-16 15:52:00,2010-05-16 15:52:00,1,125,237.78,237.78,125.0,39.0,Retail,1,1,1,111,At Risk / Lost Customer,Churned,571.0,United Kingdom,237.78,2010-05
14983,2010-01-19 17:32:00,2010-01-19 17:32:00,1,90,183.20000000000002,183.20000000000002,90.0,30.0,Retail,1,1,1,111,At Risk / Lost Customer,Churned,688.0,United Kingdom,183.20000000000002,2010-01
14984,2010-01-11 13:22:00,2011-11-20 14:28:00,6,348,1260.51,210.085,58.0,9.0,Retail,3,3,2,332,Loyal Customer,Active,18.0,United Kingdom,1260.51,2010-01
14985,2010-12-16 19:51:00,2011-05-25 14:29:00,2,256,292.01,146.005,128.0,41.0,Retail,2,1,1,211,At Risk / Lost Customer,Churned,197.0,United Kingdom,292.01,2010-12
14986,2010-01-24 15:54:00,2010-11-28 15:25:00,2,338,563.1,281.55,169.0,48.0,Retail,1,1,2,112,At Risk / Lost Customer,Churned,375.0,United Kingdom,563.1,2010-01
14987,2009-12-02 14:56:00,2011-11-24 09:59:00,8,607,1550.6499999999999,193.83124999999998,75.875,1.875,Retail,3,3,3,333,Best Customer,Active,15.0,United Kingdom,1550.6499999999999,2009-12
14988,2010-04-16 13:34:00,2011-05-12 12:05:00,7,1260,2038.65,291.2357142857143,180.0,33.0,Retail,2,3,3,233,Loyal Customer,Churned,211.0,United Kingdom,2038.65,2010-04
14989,2010-02-16 10:40:00,2010-02-16 10:40:00,1,200,342.4,342.4,200.0,18.0,Retail,1,1,1,111,At Risk / Lost Customer,Churned,661.0,United Kingdom,342.4,2010-02
14990,2009-12-09 13:31:00,2010-04-06 13:54:00,2,129,304.17,152.085,64.5,21.0,Retail,1,1,1,111,At Risk / Lost Customer,Churned,611.0,United Kingdom,304.17,2009-12
14991,2010-10-05 13:01:00,2010-10-05 13:01:00,1,191,314.67,314.67,191.0,21.0,Retail,1,1,1,111,At Risk / Lost Customer,Churned,429.0,United Kingdom,314.67,2010-10
14992,2010-09-23 17:48:00,2010-09-23 17:48:00,1,145,210.5,210.5,145.0,27.0,Retail,1,1,1,111,At Risk / Lost Customer,Churned,441.0,United Kingdom,210.5,2010-09
14993,2010-05-25 12:47:00,2010-05-25 12:47:00,1,21,36.13,36.13,21.0,9.0,Retail,1,1,1,111,At Risk / Lost Customer,Churned,563.0,United Kingdom,36.13,2010-05
14994,2010-03-26 14:16:00,2010-11-22 12:59:00,5,568,946.72,189.344,113.6,58.0,Wholesale,,,,,,,,,,
14995,2011-03-04 13:14:00,2011-11-01 11:39:00,2,102,231.98000000000002,115.99000000000001,51.0,30.0,Retail,3,1,1,311,Average Customer,Active,38.0,United Kingdom,231.98000000000002,2011-03
14996,2010-08-15 13:41:00,2010-08-15 13:44:00,2,404,442.28999999999996,221.14499999999998,202.0,19.0,Retail,1,1,2,112,At Risk / Lost Customer,Churned,480.0,United Kingdom,442.28999999999996,2010-08
14997,2010-02-22 12:11:00,2011-10-24 13:28:00,4,1408,776.5999999999999,194.14999999999998,352.0,9.5,Retail,2,2,2,222,Average Customer,Active,45.0,United Kingdom,776.5999999999999,2010-02
14998,2010-04-13 16:07:00,2011-06-22 17:30:00,4,352,753.18,188.295,88.0,30.75,Retail,2,2,2,222,Average Customer,Churned,169.0,United Kingdom,753.18,2010-04
14999,2010-04-26 10:47:00,2010-04-26 10:47:00,1,88,129.48000000000002,129.48000000000002,88.0,9.0,Retail,1,1,1,111,At Risk / Lost Customer,Churned,592.0,United Kingdom,129.48000000000002,2010-04
15000,2011-10-23 11:42:00,2011-10-23 11:42:00,1,218,490.52,490.52,218.0,76.0,Wholesale,,,,,,,,,,
15001,2010-11-10 13:31:00,2010-11-10 13:51:00,2,70,199.10999999999999,99.55499999999999,35.0,22.0,Retail,1,1,1,111,At Risk / Lost Customer,Churned,393.0,United Kingdom,199.10999999999999,2010-11
15002,2010-01-12 11:40:00,2011-08-16 10:44:00,9,2214,4138.08,459.78666666666663,246.0,36.77777777777778,Retail,2,3,3,233,Loyal Customer,Active,115.0,United Kingdom,4138.08,2010-01
15003,2010-01-26 13:04:00,2010-08-23 15:44:00,6,525,1027.03,171.17166666666665,87.5,54.5,Wholesale,,,,,,,,,,
15004,2011-07-15 14:05:00,2011-07-15 14:05:00,1,623,1220.77,1220.77,623.0,154.0,Wholesale,,,,,,,,,,
15005,2009-12-01 14:19:00,2011-11-24 12:25:00,56,8666,13754.58,245.6175,154.75,41.660714285714285,Retail,3,3,3,333,Best Customer,Active,15.0,United Kingdom,13754.58,2009-12
15006,2010-09-12 13:03:00,2011-10-19 15:08:00,2,387,757.78,378.89,193.5,84.0,Wholesale,,,,,,,,,,
15007,2011-07-03 16:00:00,2011-07-03 16:00:00,1,69,156.91,156.91,69.0,12.0,Retail,2,1,1,211,At Risk / Lost Customer,Churned,158.0,United Kingdom,156.91,2011-07
15008,2010-03-12 11:13:00,2010-08-16 13:09:00,2,1500,360.0,180.0,750.0,6.0,Wholesale,,,,,,,,,,
15009,2011-11-14 17:40:00,2011-11-27 13:35:00,3,639,1259.43,419.81,213.0,59.333333333333336,Wholesale,,,,,,,,,,
15010,2011-11-04 12:42:00,2011-11-04 12:42:00,1,184,308.94,308.94,184.0,20.0,Retail,3,1,1,311,Average Customer,Active,35.0,United Kingdom,308.94,2011-11
15011,2010-10-19 12:05:00,2010-11-09 11:10:00,2,289,416.6,208.3,144.5,10.0,Retail,1,1,1,111,At Risk / Lost Customer,Churned,395.0,United Kingdom,416.6,2010-10
15012,2010-05-12 11:49:00,2011-10-17 12:22:00,3,383,646.26,215.42,127.66666666666667,60.666666666666664,Wholesale,,,,,,,,,,
15013,2010-01-31 12:15:00,2010-08-09 12:05:00,10,1715,1610.82,161.082,171.5,32.2,Retail,1,3,3,133,Loyal Customer,Churned,487.0,United Kingdom,1610.82,2010-01
15014,2011-06-16 19:40:00,2011-10-27 20:07:00,2,149,257.67,128.835,74.5,14.5,Retail,3,1,1,311,Average Customer,Active,42.0,United Kingdom,257.67,2011-06
15015,2009-12-14 14:46:00,2010-07-26 13:50:00,13,1584,2354.97,181.15153846153845,121.84615384615384,22.384615384615383,Retail,1,3,3,133,Loyal Customer,Churned,500.0,United Kingdom,2354.97,2009-12
15016,2010-06-14 13:06:00,2011-06-20 12:06:00,5,243,620.89,124.178,48.6,20.8,Retail,2,2,2,222,Average Customer,Churned,172.0,United Kingdom,620.89,2010-06
15017,2011-11-06 10:33:00,2011-11-06 10:33:00,1,63,125.58,125.58,63.0,20.0,Retail,3,1,1,311,Average Customer,Active,33.0,United Kingdom,125.58,2011-11
15018,2010-12-07 10:47:00,2011-11-01 12:47:00,3,189,496.21000000000004,165.40333333333334,63.0,10.333333333333334,Retail,3,2,2,322,Loyal Customer,Active,38.0,United Kingdom,496.21000000000004,2010-12
15019,2011-03-18 12:35:00,2011-03-18 12:35:00,1,150,252.81,252.81,150.0,64.0,Wholesale,,,,,,,,,,
15020,2010-11-25 13:29:00,2010-11-25 13:29:00,1,111,198.47,198.47,111.0,27.0,Retail,1,1,1,111,At Risk / Lost Customer,Churned,378.0,United Kingdom,198.47,2010-11
15021,2010-07-29 16:35:00,2011-12-01 11:53:00,12,1079,2500.59,208.38250000000002,89.91666666666667,50.666666666666664,Retail,3,3,3,333,Best Customer,Active,8.0,United Kingdom,2500.59,2010-07
15022,2010-01-31 16:02:00,2011-11-28 12:35:00,5,640,1133.44,226.68800000000002,128.0,26.2,Retail,3,2,2,322,Loyal Customer,Active,11.0,United Kingdom,1133.44,2010-01
15023,2010-02-03 15:45:00,2011-12-06 17:23:00,20,4758,11578.65,578.9325,237.9,47.0,Retail,3,3,3,333,Best Customer,Active,2.0,United Kingdom,11578.65,2010-02
15024,2010-10-11 16:14:00,2011-11-30 12:06:00,16,1924,3559.39,222.461875,120.25,19.5,Retail,3,3,3,333,Best Customer,Active,9.0,United Kingdom,3559.39,2010-10
15025,2010-05-20 13:28:00,2011-11-06 15:20:00,2,503,979.79,489.895,251.5,69.0,Wholesale,,,,,,,,,,
15026,2010-09-17 13:52:00,2011-09-20 13:52:00,5,655,1048.8899999999999,209.77799999999996,131.0,27.2,Retail,2,2,2,222,Average Customer,Active,79.0,United Kingdom,1048.8899999999999,2010-09
15027,2010-03-25 14:39:00,2011-11-09 10:16:00,10,2782,3195.6,319.56,278.2,9.0,Retail,3,3,3,333,Best Customer,Active,30.0,United Kingdom,3195.6,2010-03
15028,2010-11-10 14:32:00,2011-12-01 14:06:00,6,673,962.94,160.49,112.16666666666667,16.833333333333332,Retail,3,3,2,332,Loyal Customer,Active,7.0,United Kingdom,962.94,2010-11
15029,2010-03-30 12:16:00,2010-03-30 12:16:00,1,234,365.1,365.1,234.0,10.0,Retail,1,1,1,111,At Risk / Lost Customer,Churned,619.0,United Kingdom,365.1,2010-03
15030,2010-03-04 17:10:00,2011-09-29 10:50:00,8,1225,1979.91,247.48875,153.125,4.125,Retail,2,3,3,233,Loyal Customer,Active,71.0,United Kingdom,1979.91,2010-03
15031,2009-12-08 13:38:00,2011-12-05 14:19:00,14,1576,3102.94,221.63857142857142,112.57142857142857,27.785714285714285,Retail,3,3,3,333,Best Customer,Active,3.0,United Kingdom,3102.94,2009-12
15032,2009-12-10 15:27:00,2011-03-28 15:03:00,8,6601,11010.05,1376.25625,825.125,11.625,Wholesale,,,,,,,,,,
15033,2011-01-14 13:28:00,2011-12-05 12:40:00,10,1672,2557.18,255.718,167.2,48.1,Retail,3,3,3,333,Best Customer,Active,4.0,United Kingdom,2557.18,2011-01
15034,2010-05-11 13:30:00,2011-11-24 12:11:00,14,4748,8231.2,587.9428571428572,339.14285714285717,53.142857142857146,Wholesale,,,,,,,,,,
15035,2011-09-11 11:08:00,2011-09-11 11:08:00,1,245,252.73000000000002,252.73000000000002,245.0,26.0,Retail,2,1,1,211,At Risk / Lost Customer,Active,89.0,United Kingdom,252.73000000000002,2011-09
15036,2011-06-13 12:19:00,2011-09-28 15:42:00,3,316,429.56,143.18666666666667,105.33333333333333,38.333333333333336,Retail,2,2,2,222,Average Customer,Active,71.0,United Kingdom,429.56,2011-06
15037,2010-11-28 12:14:00,2010-11-28 13:05:00,2,298,397.76,198.88,149.0,20.0,Retail,1,1,1,111,At Risk / Lost Customer,Churned,375.0,United Kingdom,397.76,2010-11
15038,2010-10-10 14:35:00,2011-10-12 11:33:00,9,381,1146.53,127.39222222222222,42.333333333333336,25.555555555555557,Retail,2,3,2,232,Loyal Customer,Active,58.0,United Kingdom,1146.53,2010-10
15039,2009-12-10 11:39:00,2011-11-30 11:31:00,93,17780,39141.48,420.8761290322581,191.18279569892474,28.580645161290324,Retail,3,3,3,333,Best Customer,Active,9.0,United Kingdom,39141.48,2009-12
15040,2010-06-16 11:40:00,2010-06-16 11:40:00,1,1,7.49,7.49,1.0,1.0,Retail,1,1,1,111,At Risk / Lost Customer,Churned,541.0,United Kingdom,7.49,2010-06
15041,2010-09-21 13:16:00,2011-06-22 16:16:00,2,194,289.4,144.7,97.0,50.5,Retail,2,1,1,211,At Risk / Lost Customer,Churned,169.0,United Kingdom,289.4,2010-09
15042,2010-04-23 14:01:00,2011-05-24 16:25:00,2,238,315.45,157.725,119.0,4.5,Retail,2,1,1,211,At Risk / Lost Customer,Churned,198.0,United Kingdom,315.45,2010-04
15043,2010-06-24 15:50:00,2011-11-08 14:26:00,6,1019,2870.3199999999997,478.3866666666666,169.83333333333334,8.333333333333334,Retail,3,3,3,333,Best Customer,Active,30.0,United Kingdom,2870.3199999999997,2010-06
15044,2009-12-16 15:13:00,2011-11-20 13:20:00,35,5241,16024.15,457.8328571428571,149.74285714285713,24.8,Retail,3,3,3,333,Best Customer,Active,18.0,United Kingdom,16024.15,2009-12
15045,2011-03-27 11:44:00,2011-07-11 11:33:00,2,114,735.66,367.83,57.0,6.0,Retail,2,1,2,212,Average Customer,Churned,151.0,United Kingdom,735.66,2011-03
15046,2010-01-14 14:29:00,2011-11-30 15:50:00,25,4585,7623.79,304.9516,183.4,15.6,Retail,3,3,3,333,Best Customer,Active,8.0,United Kingdom,7623.79,2010-01
15047,2011-03-15 10:49:00,2011-03-15 10:49:00,1,222,343.62,343.62,222.0,22.0,Retail,2,1,1,211,At Risk / Lost Customer,Churned,269.0,United Kingdom,343.62,2011-03
15048,2010-12-06 12:15:00,2011-10-05 14:55:00,4,192,381.0,95.25,48.0,23.5,Retail,2,2,1,221,Average Customer,Active,64.0,United Kingdom,381.0,2010-12
15049,2011-03-11 12:13:00,2011-03-11 12:13:00,1,63,121.17000000000002,121.17000000000002,63.0,3.0,Retail,1,1,1,111,At Risk / Lost Customer,Churned,273.0,United Kingdom,121.17000000000002,2011-03
15050,2010-08-16 12:00:00,2011-11-14 16:17:00,5,2600,4087.19,817.438,520.0,28.0,Wholesale,,,,,,,,,,
15051,2009-12-01 13:29:00,2011-11-16 15:38:00,9,3052,3926.91,436.3233333333333,339.1111111111111,31.0,Retail,3,3,3,333,Best Customer,Active,22.0,United Kingdom,3926.91,2009-12
15052,2011-01-24 15:52:00,2011-01-24 15:52:00,1,79,207.73000000000002,207.73000000000002,79.0,27.0,Retail,1,1,1,111,At Risk / Lost Customer,Churned,318.0,United Kingdom,207.73000000000002,2011-01
15053,2011-03-03 12:06:00,2011-12-05 12:08:00,3,984,693.95,231.3166666666667,328.0,22.333333333333332,Retail,3,2,2,322,Loyal Customer,Active,4.0,United Kingdom,693.95,2011-03
15054,2011-10-30 14:33:00,2011-11-27 15:02:00,2,198,302.1,151.05,99.0,56.0,Wholesale,,,,,,,,,,
15055,2009-12-16 15:48:00,2010-08-22 11:06:00,3,225,549.12,183.04,75.0,25.666666666666668,Retail,1,2,2,122,Average Customer,Churned,474.0,United Kingdom,549.12,2009-12
15056,2010-07-07 15:58:00,2010-07-07 15:58:00,1,69,113.64999999999999,113.64999999999999,69.0,6.0,Retail,1,1,1,111,At Risk / Lost Customer,Churned,519.0,United Kingdom,113.64999999999999,2010-07
15057,2009-12-05 15:27:00,2011-03-09 15:17:00,5,1394,3255.96,651.192,278.8,14.0,Retail,1,2,3,123,Average Customer,Churned,274.0,United Kingdom,3255.96,2009-12
15058,2010-02-24 14:07:00,2011-11-14 14:57:00,16,1645,3387.58,211.72375,102.8125,21.0,Retail,3,3,3,333,Best Customer,Active,24.0,United Kingdom,3387.58,2010-02
15059,2009-12-06 12:17:00,2011-10-30 11:35:00,19,1599,3491.2,183.7473684210526,84.15789473684211,30.63157894736842,Retail,3,3,3,333,Best Customer,Active,40.0,United Kingdom,3491.2,2009-12
15060,2011-11-30 14:03:00,2011-12-01 13:47:00,4,257,294.25,73.5625,64.25,27.75,Retail,3,2,1,321,Average Customer,Active,7.0,United Kingdom,294.25,2011-11
15061,2009-12-01 12:18:00,2011-12-06 12:06:00,127,74280,126389.02,995.1891338582677,584.8818897637796,7.070866141732283,Wholesale,,,,,,,,,,
15062,2010-04-08 15:41:00,2011-09-29 16:51:00,8,1872,2585.62,323.2025,234.0,19.875,Retail,2,3,3,233,Loyal Customer,Active,70.0,United Kingdom,2585.62,2010-04
15063,2011-05-10 13:25:00,2011-05-10 13:25:00,1,56,370.79999999999995,370.79999999999995,56.0,5.0,Retail,2,1,1,211,At Risk / Lost Customer,Churned,212.0,United Kingdom,370.79999999999995,2011-05
15064,2009-12-22 16:17:00,2010-10-25 14:32:00,4,810,1254.41,313.6025,202.5,20.25,Retail,1,2,2,122,Average Customer,Churned,409.0,United Kingdom,1254.41,2009-12
15065,2010-10-25 09:13:00,2011-11-02 09:45:00,5,1446,3326.86,665.3720000000001,289.2,33.2,Retail,3,2,3,323,Loyal Customer,Active,37.0,United Kingdom,3326.86,2010-10
15066,2011-10-17 13:25:00,2011-10-17 13:25:00,1,317,893.59,893.59,317.0,42.0,Retail,2,1,2,212,Average Customer,Active,52.0,United Kingdom,893.59,2011-10
15067,2010-04-11 15:54:00,2011-09-22 13:20:00,5,2151,3862.88,772.576,430.2,35.4,Retail,2,2,3,223,Loyal Customer,Active,77.0,United Kingdom,3862.88,2010-04
15068,2010-03-28 13:18:00,2011-10-24 14:47:00,4,832,1174.9,293.725,208.0,54.0,Wholesale,,,,,,,,,,
15069,2011-06-13 14:16:00,2011-06-13 14:16:00,1,520,1109.53,1109.53,520.0,70.0,Wholesale,,,,,,,,,,
15070,2009-12-15 13:49:00,2010-12-02 11:23:00,3,347,737.0500000000001,245.68333333333337,115.66666666666667,10.666666666666666,Retail,1,2,2,122,Average Customer,Churned,372.0,United Kingdom,737.0500000000001,2009-12
15071,2010-05-18 12:45:00,2011-09-07 11:43:00,4,416,1455.56,363.89,104.0,13.5,Retail,2,2,3,223,Loyal Customer,Active,93.0,United Kingdom,1455.56,2010-05
15072,2010-08-17 15:46:00,2010-08-17 15:46:00,1,164,187.51999999999998,187.51999999999998,164.0,13.0,Retail,1,1,1,111,At Risk / Lost Customer,Churned,478.0,United Kingdom,187.51999999999998,2010-08
15073,2010-01-27 08:48:00,2011-11-30 10:44:00,8,1410,2788.02,348.5025,176.25,19.875,Retail,3,3,3,333,Best Customer,Active,9.0,United Kingdom,2788.02,2010-01
15074,2010-08-29 11:47:00,2011-08-26 14:45:00,3,1039,1553.1299999999999,517.7099999999999,346.3333333333333,24.0,Retail,2,2,3,223,Loyal Customer,Active,104.0,United Kingdom,1553.1299999999999,2010-08
15075,2011-09-23 12:27:00,2011-09-23 12:27:00,1,447,773.03,773.03,447.0,27.0,Retail,2,1,2,212,Average Customer,Active,77.0,United Kingdom,773.03,2011-09
15076,2010-07-05 14:11:00,2011-06-20 08:23:00,3,866,1447.74,482.58,288.6666666666667,26.666666666666668,Retail,2,2,3,223,Loyal Customer,Churned,172.0,United Kingdom,1447.74,2010-07
15077,2009-12-09 17:10:00,2010-08-02 11:13:00,2,528,2428.08,1214.04,264.0,16.0,Retail,1,1,3,113,Average Customer,Churned,494.0,United Kingdom,2428.08,2009-12
15078,2009-12-04 12:03:00,2011-12-02 15:41:00,53,8777,17286.73,326.1647169811321,165.60377358490567,14.547169811320755,Retail,3,3,3,333,Best Customer,Active,6.0,United Kingdom,17286.73,2009-12
15079,2009-12-08 11:22:00,2011-05-11 12:45:00,11,1459,3625.4,329.58181818181816,132.63636363636363,12.818181818181818,Retail,2,3,3,233,Loyal Customer,Churned,212.0,United Kingdom,3625.4,2009-12
15080,2010-07-26 10:03:00,2010-10-08 11:52:00,2,287,546.25,273.125,143.5,15.5,Retail,1,1,2,112,At Risk / Lost Customer,Churned,427.0,United Kingdom,546.25,2010-07
15081,2010-06-22 10:25:00,2011-11-17 17:08:00,12,749,1854.57,154.54749999999999,62.416666666666664,8.416666666666666,Retail,3,3,3,333,Best Customer,Active,21.0,United Kingdom,1854.57,2010-06
15082,2010-02-09 10:23:00,2010-02-09 10:23:00,1,43,93.35000000000001,93.35000000000001,43.0,6.0,Retail,1,1,1,111,At Risk / Lost Customer,Churned,668.0,United Kingdom,93.35000000000001,2010-02
15083,2011-03-28 12:18:00,2011-03-28 12:18:00,1,38,88.2,88.2,38.0,5.0,Retail,2,1,1,211,At Risk / Lost Customer,Churned,256.0,United Kingdom,88.2,2011-03
15084,2010-03-04 10:45:00,2010-11-25 11:58:00,2,600,965.2,482.6,300.0,15.5,Retail,1,1,2,112,At Risk / Lost Customer,Churned,379.0,United Kingdom,965.2,2010-03
15085,2009-12-10 11:47:00,2009-12-10 11:47:00,1,169,347.54,347.54,169.0,9.0,Retail,1,1,1,111,At Risk / Lost Customer,Churned,729.0,United Kingdom,347.54,2009-12
15086,2010-03-24 13:56:00,2010-05-24 12:27:00,2,95,218.53,109.265,47.5,5.5,Retail,1,1,1,111,At Risk / Lost Customer,Churned,564.0,United Kingdom,218.53,2010-03
15087,2011-03-03 10:34:00,2011-03-03 10:34:00,1,470,306.94,306.94,470.0,15.0,Retail,1,1,1,111,At Risk / Lost Customer,Churned,281.0,United Kingdom,306.94,2011-03
15088,2011-10-03 14:05:00,2011-11-18 13:14:00,2,460,1160.07,580.035,230.0,28.5,Retail,3,1,2,312,Average Customer,Active,20.0,United Kingdom,1160.07,2011-10
15089,2011-08-03 14:14:00,2011-11-29 16:31:00,6,1359,2420.84,403.47333333333336,226.5,24.166666666666668,Retail,3,3,3,333,Best Customer,Active,9.0,United Kingdom,2420.84,2011-08
15090,2011-02-04 14:03:00,2011-02-04 14:03:00,1,208,381.32,381.32,208.0,23.0,Retail,1,1,1,111,At Risk / Lost Customer,Churned,307.0,United Kingdom,381.32,2011-02
15091,2010-02-03 11:46:00,2011-10-03 12:47:00,3,582,1046.6100000000001,348.87000000000006,194.0,19.0,Retail,2,2,2,222,Average Customer,Active,67.0,United Kingdom,1046.6100000000001,2010-02
15092,2010-09-03 12:33:00,2011-05-08 14:10:00,3,230,776.46,258.82,76.66666666666667,15.0,Retail,2,2,2,222,Average Customer,Churned,214.0,United Kingdom,776.46,2010-09
15093,2009-12-08 12:46:00,2011-11-21 13:09:00,23,10778,13702.38,595.7556521739131,468.60869565217394,13.695652173913043,Retail,3,3,3,333,Best Customer,Active,17.0,United Kingdom,13702.38,2009-12
15094,2010-03-05 12:56:00,2010-09-02 16:55:00,2,28,83.0,41.5,14.0,2.5,Retail,1,1,1,111,At Risk / Lost Customer,Churned,462.0,United Kingdom,83.0,2010-03
15095,2010-01-21 09:37:00,2011-08-28 12:01:00,10,2233,3141.64,314.164,223.3,12.4,Retail,2,3,3,233,Loyal Customer,Active,103.0,United Kingdom,3141.64,2010-01
15096,2011-10-28 10:27:00,2011-10-28 10:27:00,1,120,219.39000000000001,219.39000000000001,120.0,11.0,Retail,3,1,1,311,Average Customer,Active,42.0,United Kingdom,219.39000000000001,2011-10
15097,2010-05-05 14:22:00,2011-12-05 14:03:00,3,424,908.35,302.78333333333336,141.33333333333334,21.666666666666668,Retail,3,2,2,322,Loyal Customer,Active,3.0,United Kingdom,908.35,2010-05
15098,2011-06-10 15:22:00,2011-06-10 15:33:00,3,121,39916.5,13305.5,40.333333333333336,1.0,Retail,2,2,3,223,Loyal Customer,Churned,181.0,United Kingdom,39916.5,2011-06
15099,2011-09-16 13:13:00,2011-09-16 13:13:00,1,343,410.48,410.48,343.0,23.0,Retail,2,1,1,211,At Risk / Lost Customer,Active,83.0,United Kingdom,410.48,2011-09
15100,2010-01-07 14:33:00,2011-01-10 10:35:00,7,270,2193.8999999999996,313.41428571428565,38.57142857142857,2.2857142857142856,Retail,1,3,3,133,Loyal Customer,Churned,333.0,United Kingdom,2193.8999999999996,2010-01
15101,2010-04-28 15:00:00,2011-12-01 10:18:00,6,676,1477.94,246.32333333333335,112.66666666666667,9.666666666666666,Retail,3,3,3,333,Best Customer,Active,8.0,United Kingdom,1477.94,2010-04
15102,2010-06-11 10:16:00,2010-06-27 12:16:00,2,339,554.67,277.335,169.5,13.5,Retail,1,1,2,112,At Risk / Lost Customer,Churned,530.0,United Kingdom,554.67,2010-06
15103,2011-09-14 13:54:00,2011-11-08 14:53:00,2,329,703.36,351.68,164.5,17.5,Retail,3,1,2,312,Average Customer,Active,30.0,United Kingdom,703.36,2011-09
15104,2011-03-02 14:16:00,2011-05-27 12:29:00,2,635,993.54,496.77,317.5,33.5,Retail,2,1,2,212,Average Customer,Churned,196.0,United Kingdom,993.54,2011-03
15105,2010-03-23 12:18:00,2011-11-21 16:54:00,9,1747,3094.91,343.87888888888887,194.11111111111111,16.77777777777778,Retail,3,3,3,333,Best Customer,Active,17.0,United Kingdom,3094.91,2010-03
15106,2011-03-15 12:52:00,2011-11-22 09:16:00,5,1181,1422.52,284.504,236.2,20.0,Retail,3,2,3,323,Loyal Customer,Active,17.0,United Kingdom,1422.52,2011-03
15107,2010-09-14 10:47:00,2011-02-01 14:46:00,9,331,824.35,91.59444444444445,36.77777777777778,4.777777777777778,Retail,1,3,2,132,Average Customer,Churned,310.0,United Kingdom,824.35,2010-09
15108,2011-04-26 10:54:00,2011-07-21 10:24:00,4,499,1300.25,325.0625,124.75,15.0,Retail,2,2,2,222,Average Customer,Churned,141.0,European Community,1300.25,2011-04
15109,2009-12-04 12:33:00,2011-04-08 09:58:00,3,258,983.1,327.7,86.0,16.0,Retail,2,2,2,222,Average Customer,Churned,245.0,United Kingdom,983.1,2009-12
15110,2010-08-11 15:49:00,2011-11-16 11:16:00,6,337,1505.8500000000001,250.97500000000002,56.166666666666664,8.833333333333334,Retail,3,3,3,333,Best Customer,Active,23.0,United Kingdom,1505.8500000000001,2010-08
15111,2010-04-26 13:12:00,2011-11-10 16:58:00,5,1058,2442.37,488.474,211.6,27.0,Retail,3,2,3,323,Loyal Customer,Active,28.0,United Kingdom,2442.37,2010-04
15112,2010-04-07 14:17:00,2010-04-07 14:17:00,1,72,209.4,209.4,72.0,7.0,Retail,1,1,1,111,At Risk / Lost Customer,Churned,610.0,United Kingdom,209.4,2010-04
15113,2011-10-16 15:27:00,2011-11-30 08:23:00,3,2344,3509.43,1169.81,781.3333333333334,31.0,Wholesale,,,,,,,,,,
15114,2010-10-14 16:44:00,2011-11-09 15:05:00,12,3532,3400.12,283.3433333333333,294.3333333333333,19.25,Retail,3,3,3,333,Best Customer,Active,29.0,United Kingdom,3400.12,2010-10
15115,2009-12-07 11:20:00,2011-11-21 14:59:00,2,245,531.85,265.925,122.5,17.5,Retail,3,1,2,312,Average Customer,Active,17.0,United Kingdom,531.85,2009-12
15116,2011-05-19 08:50:00,2011-11-22 12:25:00,4,648,1352.75,338.1875,162.0,11.25,Retail,3,2,2,322,Loyal Customer,Active,17.0,United Kingdom,1352.75,2011-05
15117,2010-03-15 13:39:00,2011-11-25 08:12:00,8,3093,2485.9700000000003,310.74625000000003,386.625,16.375,Retail,3,3,3,333,Best Customer,Active,14.0,United Kingdom,2485.9700000000003,2010-03
15118,2011-07-28 14:54:00,2011-07-28 14:54:00,1,1440,244.8,244.8,1440.0,1.0,Wholesale,,,,,,,,,,
15119,2011-04-08 09:08:00,2011-04-08 09:08:00,1,88,266.4,266.4,88.0,14.0,Retail,2,1,1,211,At Risk / Lost Customer,Churned,245.0,United Kingdom,266.4,2011-04
15120,2011-07-29 09:48:00,2011-07-29 09:48:00,1,296,358.82,358.82,296.0,21.0,Retail,2,1,1,211,At Risk / Lost Customer,Active,133.0,United Kingdom,358.82,2011-07
15121,2011-02-24 12:41:00,2011-10-20 14:51:00,2,199,457.72,228.86,99.5,14.0,Retail,2,1,2,212,Average Customer,Active,49.0,United Kingdom,457.72,2011-02
15122,2010-03-30 14:05:00,2011-08-17 16:48:00,11,2033,4487.27,407.9336363636364,184.8181818181818,20.636363636363637,Retail,2,3,3,233,Loyal Customer,Active,113.0,United Kingdom,4487.27,2010-03
15123,2010-03-16 09:49:00,2011-12-02 13:12:00,5,2524,4656.17,931.234,504.8,36.6,Retail,3,2,3,323,Loyal Customer,Active,6.0,United Kingdom,4656.17,2010-03
15124,2010-02-26 10:49:00,2011-11-17 10:09:00,4,462,450.82,112.705,115.5,7.75,Retail,3,2,2,322,Loyal Customer,Active,22.0,United Kingdom,450.82,2010-02
15125,2010-03-31 13:29:00,2011-11-14 13:57:00,24,8433,17024.87,709.3695833333333,351.375,10.0,Retail,3,3,3,333,Best Customer,Active,24.0,United Kingdom,17024.87,2010-03
15126,2010-01-21 17:09:00,2010-06-21 12:31:00,2,273,449.49,224.745,136.5,12.5,Retail,1,1,2,112,At Risk / Lost Customer,Churned,536.0,United Kingdom,449.49,2010-01
15127,2010-07-08 10:07:00,2011-10-05 10:30:00,2,464,711.5,355.75,232.0,14.0,Retail,2,1,2,212,Average Customer,Active,65.0,United Kingdom,711.5,2010-07
15128,2010-10-05 16:46:00,2011-10-10 13:54:00,5,1583,1783.68,356.736,316.6,24.6,Retail,2,2,3,223,Loyal Customer,Active,59.0,United Kingdom,1783.68,2010-10
15129,2010-04-08 17:15:00,2011-10-20 14:40:00,23,4002,6860.18,298.2686956521739,174.0,9.0,Retail,2,3,3,233,Loyal Customer,Active,49.0,United Kingdom,6860.18,2010-04
15130,2011-06-23 10:15:00,2011-06-23 10:15:00,1,197,330.11,330.11,197.0,22.0,Retail,2,1,1,211,At Risk / Lost Customer,Churned,169.0,United Kingdom,330.11,2011-06
15131,2010-11-10 12:07:00,2010-11-10 12:07:00,1,88,80.28,80.28,88.0,7.0,Retail,1,1,1,111,At Risk / Lost Customer,Churned,394.0,United Kingdom,80.28,2010-11
15132,2011-03-22 12:02:00,2011-11-21 17:10:00,5,679,977.9300000000001,195.586,135.8,10.4,Retail,3,2,2,322,Loyal Customer,Active,17.0,United Kingdom,977.9300000000001,2011-03
15133,2010-07-07 12:31:00,2011-08-04 10:44:00,5,960,1806.9,361.38,192.0,9.8,Retail,2,2,3,223,Loyal Customer,Active,127.0,United Kingdom,1806.9,2010-07
15134,2010-10-13 12:44:00,2011-11-25 08:55:00,10,1057,1596.29,159.629,105.7,8.5,Retail,3,3,3,333,Best Customer,Active,14.0,United Kingdom,1596.29,2010-10
15135,2010-06-01 13:33:00,2011-04-14 19:16:00,2,84,305.68,152.84,42.0,10.0,Retail,2,1,1,211,At Risk / Lost Customer,Churned,238.0,United Kingdom,305.68,2010-06
15136,2011-09-04 16:05:00,2011-12-07 12:26:00,4,776,1286.7,321.675,194.0,17.0,Retail,3,2,2,322,Loyal Customer,Active,2.0,United Kingdom,1286.7,2011-09
15137,2010-01-28 15:45:00,2010-07-07 09:41:00,2,596,823.4,411.7,298.0,17.0,Retail,1,1,2,112,At Risk / Lost Customer,Churned,520.0,United Kingdom,823.4,2010-01
15138,2010-11-11 09:16:00,2010-11-11 09:16:00,1,300,502.52,502.52,300.0,31.0,Retail,1,1,2,112,At Risk / Lost Customer,Churned,393.0,United Kingdom,502.52,2010-11
15139,2011-01-07 12:44:00,2011-04-14 11:39:00,2,208,178.96,89.48,104.0,6.5,Retail,2,1,1,211,At Risk / Lost Customer,Churned,239.0,United Kingdom,178.96,2011-01
15140,2010-09-23 13:07:00,2011-10-18 14:07:00,8,2010,3243.69,405.46125,251.25,14.0,Retail,2,3,3,233,Loyal Customer,Active,51.0,United Kingdom,3243.69,2010-09
15141,2010-03-28 15:58:00,2010-09-08 11:33:00,7,1197,1388.47,198.35285714285715,171.0,11.428571428571429,Retail,1,3,2,132,Average Customer,Churned,457.0,United Kingdom,1388.47,2010-03
15142,2010-07-27 09:05:00,2011-10-24 12:51:00,6,2155,2619.92,436.65333333333336,359.1666666666667,23.666666666666668,Retail,2,3,3,233,Loyal Customer,Active,45.0,United Kingdom,2619.92,2010-07
15143,2010-10-03 13:58:00,2011-04-28 12:03:00,2,320,563.63,281.815,160.0,15.5,Retail,2,1,2,212,Average Customer,Churned,225.0,United Kingdom,563.63,2010-10
15144,2009-12-13 11:35:00,2011-12-01 15:12:00,29,5251,12160.31,419.3210344827586,181.06896551724137,12.03448275862069,Retail,3,3,3,333,Best Customer,Active,7.0,United Kingdom,12160.31,2009-12
15145,2011-04-05 15:20:00,2011-12-05 17:21:00,4,756,1194.73,298.6825,189.0,16.75,Retail,3,2,2,322,Loyal Customer,Active,3.0,United Kingdom,1194.73,2011-04
15146,2011-02-21 13:07:00,2011-06-28 12:09:00,2,1473,1327.16,663.58,736.5,45.5,Wholesale,,,,,,,,,,
15147,2011-04-13 15:57:00,2011-04-13 15:57:00,1,366,623.5,623.5,366.0,28.0,Retail,2,1,2,212,Average Customer,Churned,239.0,United Kingdom,623.5,2011-04
15148,2011-11-29 08:21:00,2011-11-29 08:21:00,1,187,301.29,301.29,187.0,20.0,Retail,3,1,1,311,Average Customer,Active,10.0,United Kingdom,301.29,2011-11
15149,2010-02-28 11:13:00,2011-07-29 10:58:00,5,380,1554.6100000000001,310.922,76.0,13.8,Retail,2,2,3,223,Loyal Customer,Active,133.0,United Kingdom,1554.6100000000001,2010-02
15150,2010-06-14 12:01:00,2011-11-22 12:52:00,13,6167,8977.94,690.6107692307693,474.38461538461536,44.07692307692308,Retail,3,3,3,333,Best Customer,Active,16.0,United Kingdom,8977.94,2010-06
15151,2010-07-18 12:19:00,2010-10-12 16:37:00,2,795,2085.61,1042.805,397.5,28.5,Retail,1,1,3,113,Average Customer,Churned,422.0,United Kingdom,2085.61,2010-07
15152,2010-01-07 15:15:00,2011-11-30 12:32:00,14,2994,5263.83,375.98785714285714,213.85714285714286,21.428571428571427,Retail,3,3,3,333,Best Customer,Active,9.0,United Kingdom,5263.83,2010-01
15153,2011-11-08 17:09:00,2011-11-08 17:09:00,1,198,329.25,329.25,198.0,22.0,Retail,3,1,1,311,Average Customer,Active,30.0,United Kingdom,329.25,2011-11
15154,2010-08-18 17:41:00,2011-09-25 16:05:00,3,333,1343.72,447.9066666666667,111.0,55.666666666666664,Wholesale,,,,,,,,,,
15155,2010-11-21 12:59:00,2010-11-21 12:59:00,1,192,383.96999999999997,383.96999999999997,192.0,24.0,Retail,1,1,1,111,At Risk / Lost Customer,Churned,382.0,United Kingdom,383.96999999999997,2010-11
15156,2011-11-06 12:41:00,2011-12-08 18:22:00,3,597,961.49,320.49666666666667,199.0,18.333333333333332,Retail,3,2,2,322,Loyal Customer,Active,0.0,United Kingdom,961.49,2011-11
15157,2009-12-10 14:44:00,2011-12-06 11:28:00,5,3466,2654.11,530.822,693.2,30.4,Wholesale,,,,,,,,,,
15158,2010-11-03 13:46:00,2011-10-25 13:53:00,2,219,606.02,303.01,109.5,5.5,Retail,2,1,2,212,Average Customer,Active,44.0,United Kingdom,606.02,2010-11
15159,2010-10-04 09:31:00,2011-12-08 12:05:00,34,13512,22116.73,650.4920588235294,397.4117647058824,23.823529411764707,Retail,3,3,3,333,Best Customer,Active,1.0,United Kingdom,22116.73,2010-10
15160,2010-10-14 15:26:00,2010-12-17 14:15:00,4,307,589.27,147.3175,76.75,5.75,Retail,1,2,2,122,Average Customer,Churned,356.0,United Kingdom,589.27,2010-10
15161,2010-11-16 16:08:00,2010-11-16 16:08:00,1,144,119.92,119.92,144.0,33.0,Retail,1,1,1,111,At Risk / Lost Customer,Churned,387.0,United Kingdom,119.92,2010-11
15162,2009-12-08 13:14:00,2009-12-08 13:14:00,1,74,312.9,312.9,74.0,12.0,Retail,1,1,1,111,At Risk / Lost Customer,Churned,730.0,United Kingdom,312.9,2009-12
15163,2011-05-31 15:22:00,2011-11-21 13:10:00,2,186,304.47,152.235,93.0,14.5,Retail,3,1,1,311,Average Customer,Active,17.0,United Kingdom,304.47,2011-05
15164,2010-01-18 13:34:00,2011-10-02 12:05:00,9,912,2028.1100000000001,225.34555555555556,101.33333333333333,38.22222222222222,Retail,2,3,3,233,Loyal Customer,Active,68.0,United Kingdom,2028.1100000000001,2010-01
15165,2010-12-01 14:03:00,2010-12-01 14:03:00,1,160,487.75,487.75,160.0,27.0,Retail,1,1,2,112,At Risk / Lost Customer,Churned,372.0,United Kingdom,487.75,2010-12
15166,2010-08-29 12:31:00,2010-08-29 12:31:00,1,140,167.16,167.16,140.0,12.0,Retail,1,1,1,111,At Risk / Lost Customer,Churned,467.0,United Kingdom,167.16,2010-08
15167,2010-02-04 14:13:00,2011-01-23 12:41:00,5,863,1627.62,325.524,172.6,59.4,Wholesale,,,,,,,,,,
15168,2011-11-14 11:26:00,2011-11-14 11:26:00,1,52,106.56,106.56,52.0,5.0,Retail,3,1,1,311,Average Customer,Active,25.0,United Kingdom,106.56,2011-11
15169,2009-12-13 11:16:00,2010-11-22 13:04:00,2,356,569.22,284.61,178.0,29.0,Retail,1,1,2,112,At Risk / Lost Customer,Churned,381.0,United Kingdom,569.22,2009-12
15170,2010-10-29 10:34:00,2010-10-29 10:34:00,1,33,81.15,81.15,33.0,4.0,Retail,1,1,1,111,At Risk / Lost Customer,Churned,406.0,United Kingdom,81.15,2010-10
15171,2011-01-12 15:36:00,2011-01-12 15:36:00,1,290,1289.5,1289.5,290.0,5.0,Retail,1,1,2,112,At Risk / Lost Customer,Churned,330.0,United Kingdom,1289.5,2011-01
15172,2011-04-17 11:56:00,2011-12-01 11:51:00,5,1611,1624.05,324.81,322.2,22.0,Retail,3,2,3,323,Loyal Customer,Active,8.0,United Kingdom,1624.05,2011-04
15173,2010-04-01 12:26:00,2010-11-24 10:21:00,7,840,1494.6,213.5142857142857,120.0,12.285714285714286,Retail,1,3,3,133,Loyal Customer,Churned,380.0,United Kingdom,1494.6,2010-04
15174,2010-10-25 09:40:00,2011-01-21 09:06:00,2,382,481.46,240.73,191.0,17.0,Retail,1,1,2,112,At Risk / Lost Customer,Churned,322.0,United Kingdom,481.46,2010-10
15175,2011-09-29 11:31:00,2011-09-29 11:31:00,1,454,224.14,224.14,454.0,23.0,Retail,2,1,1,211,At Risk / Lost Customer,Active,71.0,United Kingdom,224.14,2011-09
15176,2010-02-10 10:36:00,2010-02-10 10:36:00,1,448,988.04,988.04,448.0,52.0,Retail,1,1,2,112,At Risk / Lost Customer,Churned,667.0,United Kingdom,988.04,2010-02
15177,2010-10-10 12:48:00,2010-10-10 12:48:00,1,485,948.93,948.93,485.0,26.0,Retail,1,1,2,112,At Risk / Lost Customer,Churned,425.0,United Kingdom,948.93,2010-10
15178,2011-03-24 15:12:00,2011-03-24 15:12:00,1,30,40.5,40.5,30.0,3.0,Retail,2,1,1,211,At Risk / Lost Customer,Churned,259.0,United Kingdom,40.5,2011-03
15179,2009-12-03 12:27:00,2011-11-21 12:53:00,13,5416,7491.92,576.3015384615385,416.61538461538464,24.153846153846153,Retail,3,3,3,333,Best Customer,Active,17.0,United Kingdom,7491.92,2009-12
15180,2010-04-29 15:27:00,2010-12-07 14:57:00,3,654,816.9300000000001,272.31,218.0,17.333333333333332,Retail,1,2,2,122,Average Customer,Churned,366.0,United Kingdom,816.9300000000001,2010-04
15181,2009-12-08 19:02:00,2011-10-04 13:58:00,5,688,1200.2,240.04000000000002,137.6,4.0,Retail,2,2,2,222,Average Customer,Active,65.0,United Kingdom,1200.2,2009-12
15182,2010-02-21 12:03:00,2011-07-08 13:37:00,11,1186,2998.952,272.632,107.81818181818181,11.363636363636363,Retail,2,3,3,233,Loyal Customer,Churned,153.0,United Kingdom,2998.952,2010-02
15183,2010-05-04 11:31:00,2010-06-10 10:43:00,3,297,639.93,213.30999999999997,99.0,12.666666666666666,Retail,1,2,2,122,Average Customer,Churned,547.0,United Kingdom,639.93,2010-05
15184,2009-12-16 12:06:00,2011-11-10 13:41:00,4,462,685.39,171.3475,115.5,21.0,Retail,3,2,2,322,Loyal Customer,Active,28.0,United Kingdom,685.39,2009-12
15185,2011-09-30 14:06:00,2011-09-30 14:06:00,1,666,310.62,310.62,666.0,21.0,Wholesale,,,,,,,,,,
15186,2010-01-12 10:14:00,2011-11-25 14:58:00,5,716,1403.2,280.64,143.2,10.4,Retail,3,2,2,322,Loyal Customer,Active,13.0,United Kingdom,1403.2,2010-01
15187,2011-05-11 13:49:00,2011-12-08 11:56:00,16,1887,4777.18,298.57375,117.9375,5.6875,Retail,3,3,3,333,Best Customer,Active,1.0,United Kingdom,4777.18,2011-05
15188,2009-12-14 13:30:00,2009-12-14 13:30:00,1,233,310.43,310.43,233.0,23.0,Retail,1,1,1,111,At Risk / Lost Customer,Churned,724.0,United Kingdom,310.43,2009-12
15189,2010-07-18 13:37:00,2011-12-08 13:22:00,46,6902,17524.38,380.96478260869566,150.04347826086956,5.239130434782608,Retail,3,3,3,333,Best Customer,Active,0.0,United Kingdom,17524.38,2010-07
15190,2010-10-01 13:09:00,2010-10-01 13:09:00,1,790,834.4399999999999,834.4399999999999,790.0,40.0,Wholesale,,,,,,,,,,
15191,2010-01-20 12:35:00,2010-09-02 15:37:00,3,287,588.05,196.01666666666665,95.66666666666667,11.666666666666666,Retail,1,2,2,122,Average Customer,Churned,462.0,United Kingdom,588.05,2010-01
15192,2010-01-29 10:13:00,2011-08-12 11:41:00,5,1448,1666.39,333.278,289.6,18.2,Retail,2,2,3,223,Loyal Customer,Active,119.0,United Kingdom,1666.39,2010-01
15193,2011-10-10 08:23:00,2011-10-10 08:23:00,1,144,499.32,499.32,144.0,19.0,Retail,2,1,2,212,Average Customer,Active,60.0,United Kingdom,499.32,2011-10
15194,2009-12-03 10:37:00,2011-12-06 15:10:00,28,8922,12021.53,429.34035714285716,318.64285714285717,17.0,Retail,3,3,3,333,Best Customer,Active,2.0,United Kingdom,12021.53,2009-12
15195,2011-12-07 12:20:00,2011-12-07 12:20:00,1,1404,3861.0,3861.0,1404.0,1.0,Wholesale,,,,,,,,,,
15196,2009-12-13 11:14:00,2010-10-03 10:50:00,2,130,313.7,156.85,65.0,20.0,Retail,1,1,1,111,At Risk / Lost Customer,Churned,432.0,United Kingdom,313.7,2009-12
15197,2009-12-11 12:56:00,2011-11-29 10:00:00,6,1058,1877.51,312.91833333333335,176.33333333333334,9.833333333333334,Retail,3,3,3,333,Best Customer,Active,10.0,United Kingdom,1877.51,2009-12
15198,2010-01-19 10:01:00,2011-09-08 14:42:00,5,327,571.35,114.27000000000001,65.4,6.2,Retail,2,2,2,222,Average Customer,Active,91.0,United Kingdom,571.35,2010-01
15199,2010-05-13 10:14:00,2011-10-11 15:12:00,10,894,3122.4,312.24,89.4,5.1,Retail,2,3,3,233,Loyal Customer,Active,58.0,United Kingdom,3122.4,2010-05
15200,2010-08-02 09:38:00,2010-08-02 09:38:00,1,195,549.05,549.05,195.0,30.0,Retail,1,1,2,112,At Risk / Lost Customer,Churned,494.0,United Kingdom,549.05,2010-08
15201,2010-04-07 14:50:00,2011-09-13 14:53:00,7,1660,1842.95,263.2785714285714,237.14285714285714,14.285714285714286,Retail,2,3,3,233,Loyal Customer,Active,86.0,United Kingdom,1842.95,2010-04
15202,2010-10-15 12:39:00,2010-10-15 13:05:00,3,3,6001.49,2000.4966666666667,1.0,1.0,Retail,1,2,3,123,Average Customer,Churned,419.0,United Kingdom,6001.49,2010-10
15203,2009-12-08 18:06:00,2011-11-14 08:16:00,15,4182,4400.18,293.3453333333334,278.8,22.866666666666667,Retail,3,3,3,333,Best Customer,Active,25.0,United Kingdom,4400.18,2009-12
15204,2010-12-17 13:49:00,2010-12-17 13:49:00,1,258,316.58,316.58,258.0,9.0,Retail,1,1,1,111,At Risk / Lost Customer,Churned,356.0,United Kingdom,316.58,2010-12
15205,2011-08-04 16:07:00,2011-09-15 19:36:00,2,378,653.24,326.62,189.0,18.5,Retail,2,1,2,212,Average Customer,Active,84.0,United Kingdom,653.24,2011-08
15206,2011-03-09 08:59:00,2011-11-29 13:41:00,4,162,420.29999999999995,105.07499999999999,40.5,2.25,Retail,3,2,1,321,Average Customer,Active,9.0,United Kingdom,420.29999999999995,2011-03
15207,2010-06-10 17:29:00,2010-10-19 13:29:00,3,428,683.9200000000001,227.97333333333336,142.66666666666666,8.0,Retail,1,2,2,122,Average Customer,Churned,415.0,United Kingdom,683.9200000000001,2010-06
15208,2010-10-12 12:17:00,2011-12-08 17:24:00,6,356,970.52,161.75333333333333,59.333333333333336,8.0,Retail,3,3,2,332,Loyal Customer,Active,0.0,United Kingdom,970.52,2010-10
15209,2009-12-09 17:26:00,2009-12-09 17:26:00,1,94,178.98000000000002,178.98000000000002,94.0,13.0,Retail,1,1,1,111,At Risk / Lost Customer,Churned,729.0,United Kingdom,178.98000000000002,2009-12
15210,2010-05-13 14:42:00,2011-04-28 16:11:00,3,841,1176.19,392.06333333333333,280.3333333333333,22.333333333333332,Retail,2,2,2,222,Average Customer,Churned,224.0,United Kingdom,1176.19,2010-05
15211,2010-12-09 16:08:00,2011-10-10 13:31:00,2,240,894.4100000000001,447.20500000000004,120.0,26.0,Retail,2,1,2,212,Average Customer,Active,59.0,United Kingdom,894.4100000000001,2010-12
15212,2010-11-28 10:45:00,2011-04-12 13:45:00,2,84,208.28,104.14,42.0,5.0,Retail,2,1,1,211,At Risk / Lost Customer,Churned,240.0,United Kingdom,208.28,2010-11
15213,2011-01-14 11:05:00,2011-01-25 12:21:00,2,272,328.35,164.175,136.0,12.0,Retail,1,1,1,111,At Risk / Lost Customer,Churned,318.0,United Kingdom,328.35,2011-01
15214,2011-04-11 09:46:00,2011-12-08 12:07:00,8,1254,1661.44,207.68,156.75,13.75,Retail,3,3,3,333,Best Customer,Active,1.0,United Kingdom,1661.44,2011-04
15215,2010-04-06 11:21:00,2011-10-24 11:41:00,7,776,2422.43,346.06142857142856,110.85714285714286,16.142857142857142,Retail,2,3,3,233,Loyal Customer,Active,46.0,United Kingdom,2422.43,2010-04
15216,2010-03-31 09:52:00,2011-09-13 11:41:00,2,217,486.09,243.045,108.5,12.0,Retail,2,1,2,212,Average Customer,Active,87.0,United Kingdom,486.09,2010-03
15217,2010-05-25 13:51:00,2010-05-25 13:51:00,1,190,426.24,426.24,190.0,28.0,Retail,1,1,2,112,At Risk / Lost Customer,Churned,562.0,United Kingdom,426.24,2010-05
15218,2010-01-26 11:33:00,2011-11-29 11:48:00,22,6530,11468.83,521.3104545454545,296.8181818181818,17.681818181818183,Retail,3,3,3,333,Best Customer,Active,10.0,United Kingdom,11468.83,2010-01
15219,2010-03-01 11:33:00,2011-06-16 16:57:00,2,271,685.45,342.725,135.5,13.0,Retail,2,1,2,212,Average Customer,Churned,175.0,United Kingdom,685.45,2010-03
15220,2011-03-04 10:24:00,2011-10-19 12:39:00,6,1393,1778.96,296.49333333333334,232.16666666666666,19.5,Retail,2,3,3,233,Loyal Customer,Active,51.0,United Kingdom,1778.96,2011-03
15221,2010-03-12 10:40:00,2010-12-08 13:08:00,4,244,2062.2000000000003,515.5500000000001,61.0,7.25,Retail,1,2,3,123,Average Customer,Churned,365.0,United Kingdom,2062.2000000000003,2010-03
15222,2009-12-16 13:49:00,2011-01-25 08:03:00,11,4458,3550.91,322.81,405.27272727272725,12.545454545454545,Retail,1,3,3,133,Loyal Customer,Churned,318.0,United Kingdom,3550.91,2009-12
15223,2009-12-05 11:19:00,2011-04-28 11:31:00,5,385,1417.95,283.59000000000003,77.0,6.8,Retail,2,2,2,222,Average Customer,Churned,225.0,United Kingdom,1417.95,2009-12
15224,2010-01-15 16:14:00,2010-12-16 15:02:00,5,443,871.36,174.272,88.6,7.0,Retail,1,2,2,122,Average Customer,Churned,357.0,United Kingdom,871.36,2010-01
15225,2011-04-19 14:51:00,2011-04-19 14:51:00,1,226,409.40000000000003,409.40000000000003,226.0,23.0,Retail,2,1,1,211,At Risk / Lost Customer,Churned,233.0,United Kingdom,409.40000000000003,2011-04
15226,2011-02-02 11:41:00,2011-02-02 11:41:00,1,71,154.41,154.41,71.0,8.0,Retail,1,1,1,111,At Risk / Lost Customer,Churned,310.0,United Kingdom,154.41,2011-02
15227,2010-03-16 08:23:00,2011-11-03 11:59:00,9,1217,2488.4900000000002,276.4988888888889,135.22222222222223,13.333333333333334,Retail,3,3,3,333,Best Customer,Active,36.0,United Kingdom,2488.4900000000002,2010-03
15228,2010-07-28 10:21:00,2011-10-04 13:56:00,6,3375,5580.2699999999995,930.045,562.5,39.0,Wholesale,,,,,,,,,,
15229,2010-05-02 13:50:00,2010-05-02 13:50:00,1,114,160.5,160.5,114.0,9.0,Retail,1,1,1,111,At Risk / Lost Customer,Churned,585.0,United Kingdom,160.5,2010-05
15230,2011-04-13 11:04:00,2011-04-14 14:39:00,2,351,429.6,214.8,175.5,11.5,Retail,2,1,2,212,Average Customer,Churned,238.0,United Kingdom,429.6,2011-04
15231,2010-03-28 15:12:00,2010-03-28 15:12:00,1,190,250.26,250.26,190.0,14.0,Retail,1,1,1,111,At Risk / Lost Customer,Churned,620.0,United Kingdom,250.26,2010-03
15232,2011-07-22 12:21:00,2011-08-18 16:27:00,2,686,612.06,306.03,343.0,15.5,Retail,2,1,2,212,Average Customer,Active,112.0,United Kingdom,612.06,2011-07
15233,2010-11-03 13:36:00,2010-11-03 13:36:00,1,12,59.400000000000006,59.400000000000006,12.0,1.0,Retail,1,1,1,111,At Risk / Lost Customer,Churned,400.0,United Kingdom,59.400000000000006,2010-11
15234,2011-03-08 08:53:00,2011-03-08 08:53:00,1,196,197.0,197.0,196.0,14.0,Retail,1,1,1,111,At Risk / Lost Customer,Churned,276.0,United Kingdom,197.0,2011-03
15235,2010-11-16 12:48:00,2011-05-06 09:44:00,16,1676,2772.76,173.2975,104.75,11.125,Retail,2,3,3,233,Loyal Customer,Churned,217.0,United Kingdom,2772.76,2010-11
15236,2011-02-14 10:52:00,2011-02-14 10:52:00,1,269,321.05,321.05,269.0,15.0,Retail,1,1,1,111,At Risk / Lost Customer,Churned,298.0,United Kingdom,321.05,2011-02
15237,2011-04-26 15:04:00,2011-12-08 09:46:00,4,1071,1412.32,353.08,267.75,24.75,Retail,3,2,2,322,Loyal Customer,Active,1.0,United Kingdom,1412.32,2011-04
15238,2011-06-08 16:00:00,2011-11-10 14:28:00,3,692,1071.99,357.33,230.66666666666666,16.666666666666668,Retail,3,2,2,322,Loyal Customer,Active,28.0,United Kingdom,1071.99,2011-06
15239,2011-09-22 09:53:00,2011-11-29 14:14:00,2,594,780.59,390.295,297.0,24.5,Retail,3,1,2,312,Average Customer,Active,9.0,United Kingdom,780.59,2011-09
15240,2009-12-05 14:57:00,2011-10-26 09:50:00,12,3214,4459.98,371.66499999999996,267.8333333333333,18.666666666666668,Retail,2,3,3,233,Loyal Customer,Active,44.0,United Kingdom,4459.98,2009-12
15241,2010-02-23 13:59:00,2011-10-04 09:05:00,11,3328,3050.16,277.2872727272727,302.54545454545456,16.727272727272727,Retail,2,3,3,233,Loyal Customer,Active,66.0,United Kingdom,3050.16,2010-02
15242,2010-10-13 15:33:00,2010-10-13 15:33:00,1,196,302.04,302.04,196.0,4.0,Retail,1,1,1,111,At Risk / Lost Customer,Churned,421.0,United Kingdom,302.04,2010-10
15243,2010-09-30 17:28:00,2011-09-26 14:12:00,2,543,927.2800000000001,463.64000000000004,271.5,30.5,Retail,2,1,2,212,Average Customer,Active,73.0,United Kingdom,927.2800000000001,2010-09
15244,2010-02-11 14:48:00,2011-10-05 13:19:00,3,472,912.08,304.0266666666667,157.33333333333334,16.0,Retail,2,2,2,222,Average Customer,Active,64.0,United Kingdom,912.08,2010-02
15245,2010-04-23 14:23:00,2011-07-28 18:56:00,8,3021,4610.84,576.355,377.625,18.5,Retail,2,3,3,233,Loyal Customer,Active,133.0,United Kingdom,4610.84,2010-04
15246,2010-06-02 11:28:00,2011-04-15 14:45:00,3,359,780.4,260.1333333333333,119.66666666666667,17.0,Retail,2,2,2,222,Average Customer,Churned,237.0,United Kingdom,780.4,2010-06
15247,2010-06-20 14:08:00,2011-08-09 12:52:00,3,514,976.06,325.3533333333333,171.33333333333334,5.666666666666667,Retail,2,2,2,222,Average Customer,Active,121.0,United Kingdom,976.06,2010-06
15248,2010-06-23 14:34:00,2010-10-24 13:09:00,3,1065,1893.93,631.3100000000001,355.0,35.333333333333336,Retail,1,2,3,123,Average Customer,Churned,410.0,United Kingdom,1893.93,2010-06
15249,2010-03-26 14:51:00,2011-11-08 11:45:00,18,4980,9266.0,514.7777777777778,276.6666666666667,27.88888888888889,Retail,3,3,3,333,Best Customer,Active,31.0,United Kingdom,9266.0,2010-03
15250,2010-03-09 07:35:00,2010-03-09 07:35:00,1,48,60.0,60.0,48.0,3.0,Retail,1,1,1,111,At Risk / Lost Customer,Churned,640.0,United Kingdom,60.0,2010-03
15251,2010-01-29 12:42:00,2011-11-30 15:02:00,21,12108,20324.54,967.8352380952381,576.5714285714286,10.952380952380953,Wholesale,,,,,,,,,,
15252,2010-04-07 10:24:00,2011-11-03 13:30:00,5,1430,2103.41,420.68199999999996,286.0,23.6,Retail,3,2,3,323,Loyal Customer,Active,35.0,United Kingdom,2103.41,2010-04
15253,2010-05-02 11:17:00,2011-11-23 16:22:00,8,1588,2055.09,256.88625,198.5,14.5,Retail,3,3,3,333,Best Customer,Active,15.0,United Kingdom,2055.09,2010-05
15254,2010-05-28 10:08:00,2011-08-04 15:04:00,3,711,1088.35,362.7833333333333,237.0,22.333333333333332,Retail,2,2,2,222,Average Customer,Active,126.0,United Kingdom,1088.35,2010-05
15255,2009-12-03 09:10:00,2011-10-04 12:43:00,9,2214,3706.02,411.78,246.0,20.77777777777778,Retail,2,3,3,233,Loyal Customer,Active,66.0,United Kingdom,3706.02,2009-12
15256,2010-05-27 11:41:00,2011-07-14 11:47:00,2,92,170.4,85.2,46.0,5.0,Retail,2,1,1,211,At Risk / Lost Customer,Churned,148.0,United Kingdom,170.4,2010-05
15257,2010-10-21 14:03:00,2011-03-01 12:58:00,2,71,685.9,342.95,35.5,6.0,Retail,1,1,2,112,At Risk / Lost Customer,Churned,282.0,United Kingdom,685.9,2010-10
15258,2011-05-06 14:16:00,2011-06-24 12:30:00,2,142,623.16,311.58,71.0,17.0,Retail,2,1,2,212,Average Customer,Churned,168.0,United Kingdom,623.16,2011-05
15259,2010-01-26 09:41:00,2010-07-15 08:47:00,4,631,1182.3799999999999,295.59499999999997,157.75,14.25,Retail,1,2,2,122,Average Customer,Churned,512.0,United Kingdom,1182.3799999999999,2010-01
15260,2009-12-06 11:45:00,2011-08-31 13:55:00,25,4468,8767.73,350.7092,178.72,15.24,Retail,2,3,3,233,Loyal Customer,Active,99.0,United Kingdom,8767.73,2009-12
15261,2010-10-01 11:59:00,2011-07-27 15:20:00,4,806,1508.0,377.0,201.5,23.0,Retail,2,2,3,223,Loyal Customer,Active,134.0,United Kingdom,1508.0,2010-10
15262,2010-08-08 15:55:00,2011-01-20 12:16:00,3,218,418.82,139.60666666666665,72.66666666666667,8.666666666666666,Retail,1,2,1,121,At Risk / Lost Customer,Churned,323.0,United Kingdom,418.82,2010-08
15263,2011-08-25 10:26:00,2011-08-25 10:26:00,1,89,156.51,156.51,89.0,12.0,Retail,2,1,1,211,At Risk / Lost Customer,Active,106.0,United Kingdom,156.51,2011-08
15264,2010-06-27 13:29:00,2011-10-06 13:49:00,2,443,848.4,424.2,221.5,27.5,Retail,2,1,2,212,Average Customer,Active,63.0,United Kingdom,848.4,2010-06
15265,2009-12-01 17:08:00,2011-07-11 14:46:00,4,1570,3345.64,836.41,392.5,48.25,Retail,2,2,3,223,Loyal Customer,Churned,150.0,United Kingdom,3345.64,2009-12
15266,2010-01-07 12:19:00,2011-01-05 13:40:00,5,236,852.21,170.442,47.2,9.0,Retail,1,2,2,122,Average Customer,Churned,337.0,United Kingdom,852.21,2010-01
15267,2011-06-10 10:24:00,2011-11-17 15:59:00,5,944,1717.36,343.472,188.8,2.2,Retail,3,2,3,323,Loyal Customer,Active,21.0,United Kingdom,1717.36,2011-06
15268,2010-04-13 11:27:00,2010-08-18 10:33:00,3,428,961.9000000000001,320.6333333333334,142.66666666666666,7.333333333333333,Retail,1,2,2,122,Average Customer,Churned,478.0,United Kingdom,961.9000000000001,2010-04
15269,2010-11-14 12:58:00,2011-11-16 09:32:00,3,372,1225.3600000000001,408.4533333333334,124.0,11.666666666666666,Retail,3,2,2,322,Loyal Customer,Active,23.0,United Kingdom,1225.3600000000001,2010-11
15270,2009-12-17 15:02:00,2011-11-24 09:24:00,21,4010,8524.86,405.9457142857143,190.95238095238096,7.904761904761905,Retail,3,3,3,333,Best Customer,Active,15.0,United Kingdom,8524.86,2009-12
15271,2010-08-05 14:57:00,2011-12-02 14:11:00,24,2412,4528.54,188.68916666666667,100.5,22.791666666666668,Retail,3,3,3,333,Best Customer,Active,6.0,United Kingdom,4528.54,2010-08
15272,2010-02-14 13:39:00,2011-10-13 12:59:00,6,665,2030.95,338.4916666666667,110.83333333333333,47.166666666666664,Retail,2,3,3,233,Loyal Customer,Active,56.0,United Kingdom,2030.95,2010-02
15273,2010-04-19 11:31:00,2010-04-19 11:31:00,1,216,228.96,228.96,216.0,1.0,Retail,1,1,1,111,At Risk / Lost Customer,Churned,599.0,United Kingdom,228.96,2010-04
15274,2011-11-21 14:17:00,2011-12-05 16:57:00,2,619,716.57,358.285,309.5,23.5,Retail,3,1,2,312,Average Customer,Active,3.0,United Kingdom,716.57,2011-11
15275,2011-11-02 11:20:00,2011-11-02 11:20:00,1,498,615.14,615.14,498.0,41.0,Retail,3,1,2,312,Average Customer,Active,37.0,United Kingdom,615.14,2011-11
15276,2010-10-01 12:24:00,2011-10-04 16:39:00,4,317,619.8,154.95,79.25,41.5,Retail,2,2,2,222,Average Customer,Active,65.0,United Kingdom,619.8,2010-10
15277,2010-10-10 16:02:00,2011-10-24 10:08:00,2,373,476.34,238.17,186.5,13.0,Retail,2,1,2,212,Average Customer,Active,46.0,United Kingdom,476.34,2010-10
15278,2010-02-12 14:53:00,2010-05-27 10:03:00,4,458,496.15999999999997,124.03999999999999,114.5,7.25,Retail,1,2,2,122,Average Customer,Churned,561.0,United Kingdom,496.15999999999997,2010-02
15279,2010-02-02 10:15:00,2010-12-20 10:48:00,5,802,1580.54,316.108,160.4,18.8,Retail,1,2,3,123,Average Customer,Churned,354.0,United Kingdom,1580.54,2010-02
15280,2010-05-17 14:17:00,2011-06-20 17:14:00,3,507,397.52,132.50666666666666,169.0,19.666666666666668,Retail,2,2,1,221,Average Customer,Churned,171.0,United Kingdom,397.52,2010-05
15281,2010-10-08 12:14:00,2011-10-12 09:10:00,16,5233,8543.57,533.973125,327.0625,32.625,Retail,2,3,3,233,Loyal Customer,Active,58.0,United Kingdom,8543.57,2010-10
15282,2010-05-18 16:27:00,2010-05-18 16:27:00,1,395,348.59,348.59,395.0,27.0,Retail,1,1,1,111,At Risk / Lost Customer,Churned,569.0,United Kingdom,348.59,2010-05
15283,2010-07-09 15:46:00,2010-11-14 14:54:00,3,27,148.33,49.443333333333335,9.0,3.0,Retail,1,2,1,121,At Risk / Lost Customer,Churned,389.0,United Kingdom,148.33,2010-07
15284,2010-07-27 13:25:00,2010-07-27 13:25:00,1,5,24.75,24.75,5.0,1.0,Retail,1,1,1,111,At Risk / Lost Customer,Churned,499.0,United Kingdom,24.75,2010-07
15285,2010-10-28 09:46:00,2010-10-28 09:46:00,1,120,94.92,94.92,120.0,6.0,Retail,1,1,1,111,At Risk / Lost Customer,Churned,407.0,United Kingdom,94.92,2010-10
15286,2011-10-21 11:08:00,2011-10-21 11:08:00,1,55,240.55,240.55,55.0,3.0,Retail,2,1,1,211,At Risk / Lost Customer,Active,49.0,United Kingdom,240.55,2011-10
15287,2009-12-02 12:13:00,2011-11-17 15:34:00,5,1010,856.03,171.206,202.0,7.2,Retail,3,2,2,322,Loyal Customer,Active,21.0,United Kingdom,856.03,2009-12
15288,2010-02-12 15:27:00,2011-10-27 16:58:00,10,1336,3715.38,371.538,133.6,15.1,Retail,3,3,3,333,Best Customer,Active,42.0,United Kingdom,3715.38,2010-02
15289,2010-03-28 11:45:00,2011-11-10 13:49:00,5,1627,1593.09,318.618,325.4,19.4,Retail,3,2,3,323,Loyal Customer,Active,28.0,United Kingdom,1593.09,2010-03
15290,2010-02-24 10:15:00,2011-12-05 11:39:00,26,6567,10496.28,403.70307692307694,252.57692307692307,11.23076923076923,Retail,3,3,3,333,Best Customer,Active,4.0,United Kingdom,10496.28,2010-02
15291,2009-12-03 11:09:00,2011-11-14 11:02:00,40,4905,13517.76,337.944,122.625,6.1,Retail,3,3,3,333,Best Customer,Active,25.0,United Kingdom,13517.76,2009-12
15292,2011-05-22 15:00:00,2011-05-22 15:00:00,1,55,178.39,178.39,55.0,24.0,Retail,2,1,1,211,At Risk / Lost Customer,Churned,200.0,United Kingdom,178.39,2011-05
15293,2010-02-12 11:54:00,2010-02-12 11:54:00,1,178,247.5,247.5,178.0,19.0,Retail,1,1,1,111,At Risk / Lost Customer,Churned,665.0,United Kingdom,247.5,2010-02
15294,2010-10-25 11:45:00,2010-10-25 11:45:00,1,97,233.35,233.35,97.0,15.0,Retail,1,1,1,111,At Risk / Lost Customer,Churned,410.0,United Kingdom,233.35,2010-10
15295,2010-02-23 13:03:00,2010-02-23 13:03:00,1,139,207.04,207.04,139.0,50.0,Retail,1,1,1,111,At Risk / Lost Customer,Churned,653.0,United Kingdom,207.04,2010-02
15296,2010-01-21 13:48:00,2011-10-20 11:47:00,12,5452,10323.03,860.2525,454.3333333333333,44.5,Retail,2,3,3,233,Loyal Customer,Active,50.0,United Kingdom,10323.03,2010-01
15297,2011-10-07 09:42:00,2011-11-29 16:32:00,3,292,641.94,213.98000000000002,97.33333333333333,13.0,Retail,3,2,2,322,Loyal Customer,Active,9.0,United Kingdom,641.94,2011-10
15298,2009-12-08 17:04:00,2011-12-07 17:17:00,23,6000,9061.77,393.99,260.8695652173913,18.47826086956522,Retail,3,3,3,333,Best Customer,Active,1.0,United Kingdom,9061.77,2009-12
15299,2010-01-12 11:34:00,2011-10-03 14:19:00,10,3356,6156.53,615.653,335.6,1.0,Retail,2,3,3,233,Loyal Customer,Active,66.0,United Kingdom,6156.53,2010-01
15300,2011-10-06 17:08:00,2011-10-06 17:08:00,1,292,496.44,496.44,292.0,28.0,Retail,2,1,2,212,Average Customer,Active,63.0,United Kingdom,496.44,2011-10
15301,2010-09-15 15:41:00,2011-10-20 09:57:00,17,3763,6909.67,406.4511764705882,221.35294117647058,20.294117647058822,Retail,2,3,3,233,Loyal Customer,Active,50.0,United Kingdom,6909.67,2010-09
15302,2009-12-09 13:11:00,2009-12-09 13:11:00,1,102,308.0,308.0,102.0,15.0,Retail,1,1,1,111,At Risk / Lost Customer,Churned,729.0,United Kingdom,308.0,2009-12
15303,2010-01-25 09:42:00,2011-02-22 13:59:00,3,514,1224.18,408.06,171.33333333333334,23.0,Retail,1,2,2,122,Average Customer,Churned,289.0,United Kingdom,1224.18,2010-01
15304,2010-10-14 10:24:00,2011-10-10 10:23:00,9,112,796.4000000000001,88.4888888888889,12.444444444444445,2.6666666666666665,Retail,2,3,2,232,Loyal Customer,Active,60.0,United Kingdom,796.4000000000001,2010-10
15305,2010-06-02 13:50:00,2010-06-02 13:50:00,1,40,93.6,93.6,40.0,5.0,Retail,1,1,1,111,At Risk / Lost Customer,Churned,554.0,United Kingdom,93.6,2010-06
15306,2010-02-18 17:12:00,2011-10-06 12:56:00,9,3074,3484.73,387.1922222222222,341.55555555555554,18.0,Retail,2,3,3,233,Loyal Customer,Active,63.0,United Kingdom,3484.73,2010-02
15307,2011-09-05 11:38:00,2011-09-05 11:38:00,1,37,205.3,205.3,37.0,12.0,Retail,2,1,1,211,At Risk / Lost Customer,Active,95.0,United Kingdom,205.3,2011-09
15308,2011-03-10 13:08:00,2011-03-10 13:08:00,1,175,310.47,310.47,175.0,19.0,Retail,1,1,1,111,At Risk / Lost Customer,Churned,273.0,United Kingdom,310.47,2011-03
15309,2009-12-04 13:01:00,2010-04-08 11:11:00,4,440,797.96,199.49,110.0,13.5,Retail,1,2,2,122,Average Customer,Churned,610.0,United Kingdom,797.96,2009-12
15310,2010-08-18 11:38:00,2010-08-18 11:38:00,1,1476,1634.64,1634.64,1476.0,45.0,Wholesale,,,,,,,,,,
15311,2009-12-01 11:21:00,2011-12-09 12:00:00,208,70149,114966.42,552.7231730769231,337.2548076923077,20.625,Retail,3,3,3,333,Best Customer,Active,0.0,United Kingdom,114966.42,2009-12
15312,2009-12-16 09:23:00,2011-09-25 13:10:00,12,1693,2930.19,244.1825,141.08333333333334,13.583333333333334,Retail,2,3,3,233,Loyal Customer,Active,74.0,United Kingdom,2930.19,2009-12
15313,2011-08-21 16:02:00,2011-08-21 16:02:00,1,25,52.0,52.0,25.0,1.0,Retail,2,1,1,211,At Risk / Lost Customer,Active,109.0,United Kingdom,52.0,2011-08
15314,2010-10-07 15:41:00,2011-05-24 14:39:00,3,750,820.4499999999999,273.4833333333333,250.0,16.666666666666668,Retail,2,2,2,222,Average Customer,Churned,198.0,United Kingdom,820.4499999999999,2010-10
15315,2011-08-15 15:17:00,2011-10-06 12:51:00,2,862,570.5,285.25,431.0,18.5,Retail,2,1,2,212,Average Customer,Active,63.0,United Kingdom,570.5,2011-08
15316,2011-01-17 11:34:00,2011-01-17 11:34:00,1,100,165.0,165.0,100.0,1.0,Retail,1,1,1,111,At Risk / Lost Customer,Churned,326.0,United Kingdom,165.0,2011-01
15317,2010-01-31 15:55:00,2010-01-31 15:55:00,1,45,129.75,129.75,45.0,5.0,Retail,1,1,1,111,At Risk / Lost Customer,Churned,676.0,United Kingdom,129.75,2010-01
15318,2011-12-06 11:30:00,2011-12-06 11:30:00,1,642,312.62,312.62,642.0,33.0,Wholesale,,,,,,,,,,
15319,2011-03-01 12:48:00,2011-03-01 12:48:00,1,175,204.5,204.5,175.0,16.0,Retail,1,1,1,111,At Risk / Lost Customer,Churned,283.0,United Kingdom,204.5,2011-03
15320,2011-10-26 13:27:00,2011-10-26 13:27:00,1,326,267.13,267.13,326.0,36.0,Retail,2,1,1,211,At Risk / Lost Customer,Active,43.0,United Kingdom,267.13,2011-10
15321,2010-02-03 09:47:00,2011-09-30 09:40:00,12,3653,6709.7300000000005,559.1441666666667,304.4166666666667,25.75,Retail,2,3,3,233,Loyal Customer,Active,70.0,United Kingdom,6709.7300000000005,2010-02
15322,2010-08-20 13:10:00,2011-09-15 09:34:00,2,971,1390.86,695.43,485.5,41.5,Retail,2,1,2,212,Average Customer,Active,85.0,United Kingdom,1390.86,2010-08
15323,2010-02-16 09:21:00,2010-05-26 10:01:00,3,188,434.6,144.86666666666667,62.666666666666664,9.666666666666666,Retail,1,2,2,122,Average Customer,Churned,562.0,United Kingdom,434.6,2010-02
15324,2010-01-07 14:37:00,2010-01-07 14:37:00,1,74,140.22000000000003,140.22000000000003,74.0,8.0,Retail,1,1,1,111,At Risk / Lost Customer,Churned,700.0,United Kingdom,140.22000000000003,2010-01
15325,2010-02-16 13:30:00,2011-08-28 11:55:00,8,1382,1601.46,200.1825,172.75,27.625,Retail,2,3,3,233,Loyal Customer,Active,103.0,United Kingdom,1601.46,2010-02
15326,2009-12-01 13:19:00,2011-01-10 11:38:00,5,1351,1700.52,340.104,270.2,25.8,Retail,1,2,3,123,Average Customer,Churned,333.0,United Kingdom,1700.52,2009-12
15327,2011-10-18 11:55:00,2011-10-18 11:55:00,1,116,208.75,208.75,116.0,10.0,Retail,2,1,1,211,At Risk / Lost Customer,Active,52.0,United Kingdom,208.75,2011-10
15328,2010-10-28 09:05:00,2010-10-28 09:05:00,1,88,107.24,107.24,88.0,8.0,Retail,1,1,1,111,At Risk / Lost Customer,Churned,407.0,United Kingdom,107.24,2010-10
15329,2009-12-14 12:18:00,2011-10-31 15:36:00,11,1217,2958.83,268.98454545454547,110.63636363636364,14.0,Retail,3,3,3,333,Best Customer,Active,38.0,United Kingdom,2958.83,2009-12
15330,2011-10-10 12:30:00,2011-11-07 17:50:00,2,1312,714.96,357.48,656.0,6.5,Wholesale,,,,,,,,,,
15331,2010-04-09 14:26:00,2010-07-28 09:42:00,3,701,767.91,255.97,233.66666666666666,14.666666666666666,Retail,1,2,2,122,Average Customer,Churned,499.0,United Kingdom,767.91,2010-04
15332,2010-07-14 13:01:00,2010-12-08 14:43:00,6,2306,4892.68,815.4466666666667,384.3333333333333,25.666666666666668,Retail,1,3,3,133,Loyal Customer,Churned,365.0,Lithuania,4892.68,2010-07
15333,2011-05-15 13:27:00,2011-05-15 13:27:00,1,344,1028.56,1028.56,344.0,16.0,Retail,2,1,2,212,Average Customer,Churned,207.0,United Kingdom,1028.56,2011-05
15334,2011-06-19 13:51:00,2011-07-06 11:22:00,3,273,350.82,116.94,91.0,32.0,Retail,2,2,1,221,Average Customer,Churned,156.0,United Kingdom,350.82,2011-06
15335,2011-10-17 12:50:00,2011-10-17 12:50:00,1,79,170.22,170.22,79.0,34.0,Retail,2,1,1,211,At Risk / Lost Customer,Active,53.0,United Kingdom,170.22,2011-10
15336,2010-11-03 12:39:00,2010-11-03 12:39:00,1,84,240.5,240.5,84.0,15.0,Retail,1,1,1,111,At Risk / Lost Customer,Churned,401.0,United Kingdom,240.5,2010-11
15337,2010-10-24 15:29:00,2010-10-24 15:29:00,1,200,373.02,373.02,200.0,21.0,Retail,1,1,1,111,At Risk / Lost Customer,Churned,410.0,United Kingdom,373.02,2010-10
15338,2010-01-31 14:25:00,2010-01-31 14:25:00,1,148,277.93,277.93,148.0,56.0,Wholesale,,,,,,,,,,
15339,2010-02-08 13:38:00,2011-10-04 12:51:00,7,1138,1821.02,260.1457142857143,162.57142857142858,30.571428571428573,Retail,2,3,3,233,Loyal Customer,Active,65.0,United Kingdom,1821.02,2010-02
15340,2010-05-27 10:27:00,2010-05-27 10:27:00,1,76,105.5,105.5,76.0,7.0,Retail,1,1,1,111,At Risk / Lost Customer,Churned,561.0,United Kingdom,105.5,2010-05
15341,2010-09-16 16:41:00,2011-09-20 09:40:00,2,1008,2402.7200000000003,1201.3600000000001,504.0,12.0,Retail,2,1,3,213,Average Customer,Active,80.0,United Kingdom,2402.7200000000003,2010-09
15342,2011-08-02 10:19:00,2011-08-02 10:19:00,1,283,406.09,406.09,283.0,24.0,Retail,2,1,1,211,At Risk / Lost Customer,Active,129.0,United Kingdom,406.09,2011-08
15343,2011-09-13 13:55:00,2011-09-13 13:55:00,1,84,364.5,364.5,84.0,21.0,Retail,2,1,1,211,At Risk / Lost Customer,Active,86.0,United Kingdom,364.5,2011-09
15344,2011-09-26 14:48:00,2011-12-09 10:45:00,3,116,563.94,187.98000000000002,38.666666666666664,8.666666666666666,Retail,3,2,2,322,Loyal Customer,Active,0.0,United Kingdom,563.94,2011-09
15345,2011-10-25 11:28:00,2011-10-25 11:28:00,1,81,393.54,393.54,81.0,20.0,Retail,2,1,1,211,At Risk / Lost Customer,Active,45.0,United Kingdom,393.54,2011-10
15346,2010-10-04 15:11:00,2011-01-11 11:18:00,3,260,596.12,198.70666666666668,86.66666666666667,12.333333333333334,Retail,1,2,2,122,Average Customer,Churned,332.0,United Kingdom,596.12,2010-10
15347,2010-09-28 12:50:00,2010-12-08 15:25:00,4,542,1162.0,290.5,135.5,9.0,Retail,1,2,2,122,Average Customer,Churned,365.0,United Kingdom,1162.0,2010-09
15348,2011-09-28 13:17:00,2011-09-28 13:17:00,1,84,158.04,158.04,84.0,9.0,Retail,2,1,1,211,At Risk / Lost Customer,Active,71.0,United Kingdom,158.04,2011-09
15349,2011-06-05 15:46:00,2011-07-04 16:06:00,2,321,463.90999999999997,231.95499999999998,160.5,35.0,Retail,2,1,2,212,Average Customer,Churned,157.0,United Kingdom,463.90999999999997,2011-06
15350,2010-11-21 15:14:00,2010-12-01 13:33:00,2,272,547.6,273.8,136.0,15.0,Retail,1,1,2,112,At Risk / Lost Customer,Churned,372.0,United Kingdom,547.6,2010-11
15351,2010-10-03 12:18:00,2011-11-27 12:52:00,10,1350,3430.22,343.022,135.0,30.4,Retail,3,3,3,333,Best Customer,Active,11.0,United Kingdom,3430.22,2010-10
15352,2010-06-09 11:28:00,2010-06-09 11:28:00,1,40,111.15,111.15,40.0,34.0,Retail,1,1,1,111,At Risk / Lost Customer,Churned,548.0,United Kingdom,111.15,2010-06
15353,2009-12-02 11:33:00,2011-03-30 12:15:00,7,1391,2794.4700000000003,399.21000000000004,198.71428571428572,50.142857142857146,Retail,2,3,3,233,Loyal Customer,Churned,254.0,United Kingdom,2794.4700000000003,2009-12
15354,2010-04-15 16:17:00,2010-04-15 16:24:00,3,3,284.4,94.8,1.0,1.0,Retail,1,2,1,121,At Risk / Lost Customer,Churned,602.0,United Kingdom,284.4,2010-04
15355,2011-10-17 15:22:00,2011-11-10 13:44:00,2,45,277.05,138.525,22.5,7.0,Retail,3,1,1,311,Average Customer,Active,28.0,United Kingdom,277.05,2011-10
15356,2010-10-13 13:12:00,2011-11-08 13:11:00,13,1892,3239.57,249.1976923076923,145.53846153846155,50.46153846153846,Retail,3,3,3,333,Best Customer,Active,30.0,United Kingdom,3239.57,2010-10
15358,2009-12-07 12:19:00,2011-12-05 09:04:00,42,14902,16425.86,391.0919047619048,354.8095238095238,25.928571428571427,Retail,3,3,3,333,Best Customer,Active,4.0,United Kingdom,16425.86,2009-12
15359,2010-01-15 11:30:00,2010-02-15 10:47:00,8,145,181.35,22.66875,18.125,2.0,Retail,1,3,1,131,Average Customer,Churned,662.0,United Kingdom,181.35,2010-01
15360,2011-10-31 09:35:00,2011-10-31 09:35:00,1,223,427.93,427.93,223.0,13.0,Retail,3,1,2,312,Average Customer,Active,39.0,United Kingdom,427.93,2011-10
15361,2010-06-14 13:27:00,2010-12-13 09:52:00,4,373,689.07,172.2675,93.25,2.5,Retail,1,2,2,122,Average Customer,Churned,361.0,United Kingdom,689.07,2010-06
15362,2009-12-01 09:08:00,2010-09-17 10:37:00,2,368,613.08,306.54,184.0,20.0,Retail,1,1,2,112,At Risk / Lost Customer,Churned,448.0,United Kingdom,613.08,2009-12
15363,2010-08-04 08:41:00,2010-12-02 12:28:00,2,383,678.11,339.055,191.5,17.5,Retail,1,1,2,112,At Risk / Lost Customer,Churned,372.0,United Kingdom,678.11,2010-08
15364,2011-03-30 13:39:00,2011-09-05 09:46:00,2,493,913.19,456.595,246.5,14.5,Retail,2,1,2,212,Average Customer,Active,95.0,United Kingdom,913.19,2011-03
15365,2010-02-04 16:43:00,2011-11-14 08:29:00,13,2131,4557.13,350.54846153846154,163.92307692307693,16.76923076923077,Retail,3,3,3,333,Best Customer,Active,25.0,United Kingdom,4557.13,2010-02
15366,2010-02-26 10:10:00,2011-09-25 15:01:00,7,2447,2389.08,341.29714285714283,349.57142857142856,19.714285714285715,Retail,2,3,3,233,Loyal Customer,Active,74.0,United Kingdom,2389.08,2010-02
15367,2009-12-10 14:20:00,2011-10-13 14:13:00,11,2944,5081.33,461.9390909090909,267.6363636363636,25.363636363636363,Retail,2,3,3,233,Loyal Customer,Active,56.0,United Kingdom,5081.33,2009-12
15368,2010-11-10 15:52:00,2011-11-18 14:42:00,2,406,722.74,361.37,203.0,4.0,Retail,3,1,2,312,Average Customer,Active,20.0,United Kingdom,722.74,2010-11
15369,2009-12-08 07:43:00,2010-08-04 13:54:00,11,3288,6251.26,568.2963636363637,298.90909090909093,5.363636363636363,Retail,1,3,3,133,Loyal Customer,Churned,491.0,United Kingdom,6251.26,2009-12
15370,2010-10-25 12:08:00,2011-10-30 10:58:00,8,1397,3739.01,467.37625,174.625,17.875,Retail,3,3,3,333,Best Customer,Active,40.0,United Kingdom,3739.01,2010-10
15371,2010-02-15 13:14:00,2010-02-15 13:14:00,1,12,59.400000000000006,59.400000000000006,12.0,1.0,Retail,1,1,1,111,At Risk / Lost Customer,Churned,661.0,United Kingdom,59.400000000000006,2010-02
15372,2010-02-14 11:24:00,2011-07-25 16:39:00,8,6410,6017.06,752.1325,801.25,7.125,Wholesale,,,,,,,,,,
15373,2010-05-02 11:57:00,2011-12-01 15:05:00,17,726,3084.54,181.4435294117647,42.705882352941174,11.0,Retail,3,3,3,333,Best Customer,Active,7.0,United Kingdom,3084.54,2010-05
15374,2010-03-25 12:03:00,2011-08-03 09:59:00,2,290,307.32,153.66,145.0,4.5,Retail,2,1,1,211,At Risk / Lost Customer,Active,128.0,United Kingdom,307.32,2010-03
15375,2010-01-18 15:38:00,2010-01-18 15:38:00,1,84,60.959999999999994,60.959999999999994,84.0,6.0,Retail,1,1,1,111,At Risk / Lost Customer,Churned,689.0,United Kingdom,60.959999999999994,2010-01
15376,2011-05-01 13:45:00,2011-10-30 15:04:00,3,615,1221.56,407.18666666666667,205.0,38.333333333333336,Retail,3,2,2,322,Loyal Customer,Active,39.0,United Kingdom,1221.56,2011-05
15377,2010-10-20 11:42:00,2010-11-22 08:55:00,4,253,1211.75,302.9375,63.25,5.25,Retail,1,2,2,122,Average Customer,Churned,382.0,United Kingdom,1211.75,2010-10
15378,2010-07-26 08:47:00,2010-09-03 11:30:00,2,130,246.5,123.25,65.0,6.0,Retail,1,1,1,111,At Risk / Lost Customer,Churned,462.0,United Kingdom,246.5,2010-07
15379,2010-11-04 11:59:00,2011-06-23 13:13:00,8,3000,4877.84,609.73,375.0,32.875,Retail,2,3,3,233,Loyal Customer,Churned,168.0,United Kingdom,4877.84,2010-11
15380,2009-12-01 13:50:00,2011-12-01 12:13:00,11,954,3248.96,295.36,86.72727272727273,4.7272727272727275,Retail,3,3,3,333,Best Customer,Active,8.0,United Kingdom,3248.96,2009-12
15381,2010-05-05 14:35:00,2011-05-10 11:55:00,5,802,1890.5700000000002,378.11400000000003,160.4,4.8,Retail,2,2,3,223,Loyal Customer,Churned,213.0,United Kingdom,1890.5700000000002,2010-05
15382,2009-12-04 14:13:00,2011-11-25 10:58:00,12,9178,13733.550000000001,1144.4625,764.8333333333334,52.666666666666664,Wholesale,,,,,,,,,,
15384,2010-04-26 12:38:00,2011-06-23 10:57:00,4,1767,2027.79,506.9475,441.75,29.5,Retail,2,2,3,223,Loyal Customer,Churned,169.0,United Kingdom,2027.79,2010-04
15385,2010-01-31 13:02:00,2011-10-30 15:11:00,3,428,942.08,314.0266666666667,142.66666666666666,7.0,Retail,3,2,2,322,Loyal Customer,Active,39.0,United Kingdom,942.08,2010-01
15386,2011-06-06 13:47:00,2011-06-06 13:47:00,1,446,394.14,394.14,446.0,31.0,Retail,2,1,1,211,At Risk / Lost Customer,Churned,185.0,United Kingdom,394.14,2011-06
15387,2010-08-04 16:05:00,2010-08-04 16:05:00,1,335,468.65,468.65,335.0,20.0,Retail,1,1,2,112,At Risk / Lost Customer,Churned,491.0,United Kingdom,468.65,2010-08
15388,2011-03-14 13:53:00,2011-03-14 13:53:00,1,88,140.54,140.54,88.0,10.0,Retail,2,1,1,211,At Risk / Lost Customer,Churned,269.0,Canada,140.54,2011-03
15389,2010-01-27 12:44:00,2011-06-20 16:18:00,5,3940,2733.8,546.76,788.0,1.2,Wholesale,,,,,,,,,,
15390,2010-10-26 17:23:00,2010-11-08 15:19:00,2,894,1216.66,608.33,447.0,38.5,Retail,1,1,2,112,At Risk / Lost Customer,Churned,395.0,Canada,1216.66,2010-10
15391,2010-05-04 15:04:00,2010-05-04 15:04:00,1,109,289.87,289.87,109.0,12.0,Retail,1,1,1,111,At Risk / Lost Customer,Churned,583.0,United Kingdom,289.87,2010-05
15392,2010-10-04 12:50:00,2011-12-05 11:01:00,7,2144,2911.62,415.94571428571425,306.2857142857143,20.571428571428573,Retail,3,3,3,333,Best Customer,Active,4.0,United Kingdom,2911.62,2010-10
15393,2009-12-15 17:56:00,2011-11-23 16:48:00,5,378,891.34,178.268,75.6,8.8,Retail,3,2,2,322,Loyal Customer,Active,15.0,United Kingdom,891.34,2009-12
15394,2009-12-15 19:05:00,2011-11-30 11:49:00,11,2372,5286.8,480.6181818181818,215.63636363636363,20.636363636363637,Retail,3,3,3,333,Best Customer,Active,9.0,United Kingdom,5286.8,2009-12
15395,2011-01-18 12:40:00,2011-01-18 12:40:00,1,17,107.45,107.45,17.0,7.0,Retail,1,1,1,111,At Risk / Lost Customer,Churned,325.0,United Kingdom,107.45,2011-01
15396,2010-05-05 09:04:00,2011-08-19 10:56:00,2,278,796.38,398.19,139.0,8.0,Retail,2,1,2,212,Average Customer,Active,112.0,United Kingdom,796.38,2010-05
15397,2011-02-23 09:25:00,2011-02-23 09:25:00,1,20,94.0,94.0,20.0,6.0,Retail,1,1,1,111,At Risk / Lost Customer,Churned,289.0,United Kingdom,94.0,2011-02
15398,2011-09-22 14:56:00,2011-11-23 16:47:00,2,769,1345.53,672.765,384.5,36.5,Retail,3,1,2,312,Average Customer,Active,15.0,United Kingdom,1345.53,2011-09
15399,2011-09-21 15:57:00,2011-12-08 13:04:00,3,611,815.77,271.92333333333335,203.66666666666666,16.666666666666668,Retail,3,2,2,322,Loyal Customer,Active,0.0,United Kingdom,815.77,2011-09
15400,2010-05-28 08:33:00,2011-09-08 13:57:00,8,662,1302.3,162.7875,82.75,3.375,Retail,2,3,2,232,Loyal Customer,Active,91.0,United Kingdom,1302.3,2010-05
15401,2010-05-20 10:56:00,2010-09-13 13:42:00,2,93,216.95000000000002,108.47500000000001,46.5,7.0,Retail,1,1,1,111,At Risk / Lost Customer,Churned,451.0,United Kingdom,216.95000000000002,2010-05
15402,2010-04-27 12:12:00,2011-07-14 12:17:00,6,2034,1830.54,305.09,339.0,21.666666666666668,Retail,2,3,3,233,Loyal Customer,Churned,148.0,United Kingdom,1830.54,2010-04
15403,2009-12-09 12:45:00,2010-08-05 12:21:00,2,492,170.88,85.44,246.0,4.0,Retail,1,1,1,111,At Risk / Lost Customer,Churned,491.0,United Kingdom,170.88,2009-12
15404,2010-11-29 11:03:00,2010-11-29 11:03:00,1,334,257.06,257.06,334.0,16.0,Retail,1,1,1,111,At Risk / Lost Customer,Churned,375.0,United Kingdom,257.06,2010-11
15405,2010-05-12 15:56:00,2011-06-03 14:44:00,2,348,659.84,329.92,174.0,15.0,Retail,2,1,2,212,Average Customer,Churned,188.0,United Kingdom,659.84,2010-05
15406,2010-09-12 13:06:00,2011-11-08 13:22:00,4,547,975.87,243.9675,136.75,29.75,Retail,3,2,2,322,Loyal Customer,Active,30.0,United Kingdom,975.87,2010-09
15407,2011-02-07 13:18:00,2011-11-06 11:55:00,4,552,1046.74,261.685,138.0,36.5,Retail,3,2,2,322,Loyal Customer,Active,33.0,United Kingdom,1046.74,2011-02
15408,2011-03-20 15:02:00,2011-03-20 15:02:00,1,106,267.18,267.18,106.0,34.0,Retail,2,1,1,211,At Risk / Lost Customer,Churned,263.0,United Kingdom,267.18,2011-03
15409,2009-12-18 15:35:00,2009-12-18 15:35:00,1,59,131.25,131.25,59.0,9.0,Retail,1,1,1,111,At Risk / Lost Customer,Churned,720.0,United Kingdom,131.25,2009-12
15410,2010-04-19 08:57:00,2011-09-16 14:47:00,10,1902,4685.72,468.572,190.2,16.2,Retail,2,3,3,233,Loyal Customer,Active,83.0,United Kingdom,4685.72,2010-04
15411,2011-06-10 12:30:00,2011-11-13 15:19:00,4,529,1348.93,337.2325,132.25,24.25,Retail,3,2,2,322,Loyal Customer,Active,25.0,United Kingdom,1348.93,2011-06
15412,2011-06-21 15:24:00,2011-06-21 15:24:00,1,108,190.53,190.53,108.0,10.0,Retail,2,1,1,211,At Risk / Lost Customer,Churned,170.0,United Kingdom,190.53,2011-06
15413,2009-12-01 10:18:00,2010-01-17 11:33:00,5,2694,6798.72,1359.7440000000001,538.8,5.0,Wholesale,,,,,,,,,,
15414,2011-04-11 13:45:00,2011-11-30 09:50:00,3,443,774.9000000000001,258.3,147.66666666666666,13.0,Retail,3,2,2,322,Loyal Customer,Active,9.0,United Kingdom,774.9000000000001,2011-04
15415,2011-01-30 14:13:00,2011-01-30 14:13:00,1,551,559.61,559.61,551.0,46.0,Wholesale,,,,,,,,,,
15416,2010-02-01 11:55:00,2011-10-06 09:38:00,7,2420,4572.82,653.26,345.7142857142857,32.57142857142857,Retail,2,3,3,233,Loyal Customer,Active,64.0,United Kingdom,4572.82,2010-02
15417,2011-09-15 15:26:00,2011-09-15 15:26:00,1,284,508.8,508.8,284.0,28.0,Retail,2,1,2,212,Average Customer,Active,84.0,United Kingdom,508.8,2011-09
15418,2010-05-02 11:31:00,2010-10-10 13:38:00,2,264,449.42,224.71,132.0,32.0,Retail,1,1,2,112,At Risk / Lost Customer,Churned,424.0,United Kingdom,449.42,2010-05
15419,2011-11-15 09:23:00,2011-11-15 09:23:00,1,230,135.86,135.86,230.0,8.0,Retail,3,1,1,311,Average Customer,Active,24.0,United Kingdom,135.86,2011-11
15420,2009-12-05 13:29:00,2010-10-01 15:46:00,6,844,743.0,123.83333333333333,140.66666666666666,9.333333333333334,Retail,1,3,2,132,Average Customer,Churned,433.0,United Kingdom,743.0,2009-12
15421,2009-12-07 15:10:00,2011-10-12 09:20:00,10,1927,3805.34,380.534,192.7,31.1,Retail,2,3,3,233,Loyal Customer,Active,58.0,United Kingdom,3805.34,2009-12
15422,2010-02-07 11:52:00,2011-01-20 16:17:00,7,710,1619.97,231.42428571428573,101.42857142857143,16.857142857142858,Retail,1,3,3,133,Loyal Customer,Churned,322.0,United Kingdom,1619.97,2010-02
15423,2010-03-28 13:42:00,2011-11-01 14:01:00,3,198,266.89,88.96333333333332,66.0,4.666666666666667,Retail,3,2,1,321,Average Customer,Active,37.0,United Kingdom,266.89,2010-03
15424,2010-09-02 17:17:00,2011-03-30 13:02:00,3,873,597.78,199.26,291.0,11.0,Retail,2,2,2,222,Average Customer,Churned,253.0,United Kingdom,597.78,2010-09
15425,2010-02-14 12:36:00,2010-11-04 18:13:00,4,1041,1941.1200000000001,485.28000000000003,260.25,35.0,Retail,1,2,3,123,Average Customer,Churned,399.0,United Kingdom,1941.1200000000001,2010-02
15426,2010-05-02 15:10:00,2011-11-20 15:36:00,9,1041,2156.35,239.59444444444443,115.66666666666667,46.333333333333336,Retail,3,3,3,333,Best Customer,Active,18.0,United Kingdom,2156.35,2010-05
15427,2011-10-23 14:47:00,2011-11-06 14:29:00,3,967,1430.54,476.84666666666664,322.3333333333333,91.0,Wholesale,,,,,,,,,,
15428,2009-12-17 17:46:00,2011-11-24 16:54:00,4,347,762.75,190.6875,86.75,11.0,Retail,3,2,2,322,Loyal Customer,Active,14.0,United Kingdom,762.75,2009-12
15429,2011-09-25 13:42:00,2011-11-13 12:28:00,2,380,397.35,198.675,190.0,39.5,Retail,3,1,1,311,Average Customer,Active,26.0,United Kingdom,397.35,2011-09
15430,2010-06-29 15:04:00,2010-08-29 10:42:00,2,309,954.75,477.375,154.5,18.0,Retail,1,1,2,112,At Risk / Lost Customer,Churned,467.0,United Kingdom,954.75,2010-06
15431,2010-07-25 12:44:00,2010-07-25 12:44:00,1,84,153.24,153.24,84.0,2.0,Retail,1,1,1,111,At Risk / Lost Customer,Churned,502.0,United Kingdom,153.24,2010-07
15432,2010-06-16 14:34:00,2011-11-16 16:30:00,2,92,320.76,160.38,46.0,8.0,Retail,3,1,1,311,Average Customer,Active,22.0,United Kingdom,320.76,2010-06
15433,2011-03-17 14:12:00,2011-05-10 10:45:00,2,534,533.3,266.65,267.0,20.5,Retail,2,1,2,212,Average Customer,Churned,213.0,United Kingdom,533.3,2011-03
15434,2010-01-24 15:35:00,2011-12-01 13:33:00,11,1423,2567.06,233.36909090909091,129.36363636363637,12.181818181818182,Retail,3,3,3,333,Best Customer,Active,7.0,United Kingdom,2567.06,2010-01
15435,2011-11-17 16:39:00,2011-11-17 16:39:00,1,54,149.29,149.29,54.0,29.0,Retail,3,1,1,311,Average Customer,Active,21.0,United Kingdom,149.29,2011-11
15436,2011-04-19 16:52:00,2011-11-27 16:05:00,3,574,1067.75,355.9166666666667,191.33333333333334,92.33333333333333,Wholesale,,,,,,,,,,
15437,2010-03-09 10:45:00,2011-03-22 13:11:00,2,177,393.45,196.725,88.5,28.0,Retail,2,1,1,211,At Risk / Lost Customer,Churned,261.0,United Kingdom,393.45,2010-03
15438,2011-07-31 14:19:00,2011-07-31 14:19:00,1,59,156.57999999999998,156.57999999999998,59.0,25.0,Retail,2,1,1,211,At Risk / Lost Customer,Active,130.0,United Kingdom,156.57999999999998,2011-07
15439,2010-02-24 12:05:00,2010-10-31 10:38:00,4,572,1269.05,317.2625,143.0,14.25,Retail,1,2,2,122,Average Customer,Churned,404.0,United Kingdom,1269.05,2010-02
15440,2011-05-15 11:30:00,2011-10-16 12:16:00,3,197,383.68,127.89333333333333,65.66666666666667,20.0,Retail,2,2,1,221,Average Customer,Active,54.0,United Kingdom,383.68,2011-05
15441,2009-12-09 14:55:00,2010-11-08 15:50:00,3,587,1254.21,418.07,195.66666666666666,19.0,Retail,1,2,2,122,Average Customer,Churned,395.0,United Kingdom,1254.21,2009-12
15442,2011-04-05 12:24:00,2011-04-05 12:24:00,1,120,594.0,594.0,120.0,2.0,Retail,2,1,2,212,Average Customer,Churned,248.0,United Kingdom,594.0,2011-04
15443,2010-03-07 12:10:00,2011-12-08 10:40:00,14,2699,5114.23,365.3021428571428,192.78571428571428,42.5,Retail,3,3,3,333,Best Customer,Active,1.0,United Kingdom,5114.23,2010-03
15444,2011-10-30 16:12:00,2011-11-30 17:37:00,2,759,1411.21,705.605,379.5,106.0,Wholesale,,,,,,,,,,
15445,2010-04-28 15:00:00,2011-03-20 15:06:00,2,118,284.5,142.25,59.0,7.0,Retail,2,1,1,211,At Risk / Lost Customer,Churned,263.0,United Kingdom,284.5,2010-04
15446,2009-12-13 13:53:00,2010-11-28 11:59:00,3,265,399.75,133.25,88.33333333333333,35.333333333333336,Retail,1,2,1,121,At Risk / Lost Customer,Churned,376.0,United Kingdom,399.75,2009-12
15447,2010-03-24 14:40:00,2011-01-13 11:26:00,5,228,492.88,98.576,45.6,5.8,Retail,1,2,2,122,Average Customer,Churned,330.0,United Kingdom,492.88,2010-03
15448,2010-02-03 13:29:00,2011-01-31 10:42:00,2,487,788.81,394.405,243.5,24.5,Retail,1,1,2,112,At Risk / Lost Customer,Churned,312.0,United Kingdom,788.81,2010-02
15449,2011-03-23 10:43:00,2011-11-13 15:02:00,3,812,974.52,324.84,270.6666666666667,20.0,Retail,3,2,2,322,Loyal Customer,Active,25.0,United Kingdom,974.52,2011-03
15450,2011-11-09 17:11:00,2011-11-09 17:11:00,1,376,429.84,429.84,376.0,30.0,Retail,3,1,2,312,Average Customer,Active,29.0,United Kingdom,429.84,2011-11
15451,2010-04-19 14:08:00,2010-10-01 13:40:00,2,76,226.86,113.43,38.0,30.0,Retail,1,1,1,111,At Risk / Lost Customer,Churned,433.0,United Kingdom,226.86,2010-04
15452,2010-07-16 14:23:00,2011-11-10 12:13:00,6,1087,1785.1100000000001,297.5183333333334,181.16666666666666,32.0,Retail,3,3,3,333,Best Customer,Active,29.0,United Kingdom,1785.1100000000001,2010-07
15453,2011-06-05 12:37:00,2011-12-08 10:59:00,7,837,1371.77,195.96714285714285,119.57142857142857,37.714285714285715,Retail,3,3,2,332,Loyal Customer,Active,1.0,United Kingdom,1371.77,2011-06
15454,2010-03-31 13:15:00,2010-12-12 14:21:00,2,146,305.99,152.995,73.0,19.0,Retail,1,1,1,111,At Risk / Lost Customer,Churned,361.0,United Kingdom,305.99,2010-03
15455,2010-04-21 12:43:00,2010-04-21 12:43:00,1,3,38.25,38.25,3.0,2.0,Retail,1,1,1,111,At Risk / Lost Customer,Churned,597.0,United Kingdom,38.25,2010-04
15456,2009-12-08 12:54:00,2011-03-01 13:51:00,10,2727,2091.52,209.152,272.7,22.7,Retail,1,3,3,133,Loyal Customer,Churned,282.0,United Kingdom,2091.52,2009-12
15457,2011-03-22 15:31:00,2011-03-22 15:31:00,1,132,237.07,237.07,132.0,56.0,Wholesale,,,,,,,,,,
15458,2010-11-02 19:50:00,2011-11-14 13:08:00,2,300,370.43999999999994,185.21999999999997,150.0,6.5,Retail,3,1,1,311,Average Customer,Active,24.0,United Kingdom,370.43999999999994,2010-11
15459,2010-07-30 14:31:00,2010-10-18 15:25:00,2,121,202.82999999999998,101.41499999999999,60.5,3.5,Retail,1,1,1,111,At Risk / Lost Customer,Churned,416.0,United Kingdom,202.82999999999998,2010-07
15460,2010-12-20 16:08:00,2010-12-20 16:08:00,1,107,214.26,214.26,107.0,53.0,Retail,1,1,1,111,At Risk / Lost Customer,Churned,353.0,United Kingdom,214.26,2010-12
15461,2010-03-18 12:40:00,2010-09-05 12:31:00,2,230,429.7,214.85,115.0,1.0,Retail,1,1,2,112,At Risk / Lost Customer,Churned,460.0,United Kingdom,429.7,2010-03
15462,2010-09-20 10:23:00,2011-09-06 13:11:00,4,495,737.05,184.2625,123.75,10.25,Retail,2,2,2,222,Average Customer,Active,93.0,United Kingdom,737.05,2010-09
15463,2011-11-10 12:57:00,2011-11-10 12:57:00,1,106,126.14,126.14,106.0,7.0,Retail,3,1,1,311,Average Customer,Active,28.0,United Kingdom,126.14,2011-11
15464,2011-01-05 15:56:00,2011-01-05 15:56:00,1,348,1044.65,1044.65,348.0,155.0,Wholesale,,,,,,,,,,
15465,2009-12-10 09:42:00,2011-11-20 10:11:00,32,2638,12100.4,378.1375,82.4375,7.96875,Retail,3,3,3,333,Best Customer,Active,19.0,United Kingdom,12100.4,2009-12
15466,2009-12-03 12:28:00,2011-09-15 14:08:00,4,941,1560.46,390.115,235.25,64.0,Wholesale,,,,,,,,,,
15467,2011-07-10 14:42:00,2011-11-30 14:17:00,3,310,524.88,174.96,103.33333333333333,17.0,Retail,3,2,2,322,Loyal Customer,Active,8.0,United Kingdom,524.88,2011-07
15468,2010-11-12 09:39:00,2011-10-19 13:49:00,3,1400,1430.48,476.82666666666665,466.6666666666667,26.666666666666668,Retail,2,2,3,223,Loyal Customer,Active,50.0,United Kingdom,1430.48,2010-11
15469,2010-09-27 10:09:00,2011-10-20 16:21:00,3,287,874.25,291.4166666666667,95.66666666666667,14.333333333333334,Retail,2,2,2,222,Average Customer,Active,49.0,United Kingdom,874.25,2010-09
15470,2010-05-13 09:35:00,2010-05-13 09:35:00,1,232,63.419999999999995,63.419999999999995,232.0,4.0,Retail,1,1,1,111,At Risk / Lost Customer,Churned,575.0,United Kingdom,63.419999999999995,2010-05
15471,2010-06-07 12:17:00,2011-12-07 14:12:00,3,670,1292.01,430.67,223.33333333333334,46.0,Retail,3,2,2,322,Loyal Customer,Active,1.0,United Kingdom,1292.01,2010-06
15472,2011-08-18 15:17:00,2011-08-18 15:17:00,1,251,371.56,371.56,251.0,76.0,Wholesale,,,,,,,,,,
15473,2010-09-21 09:14:00,2011-11-25 15:15:00,8,776,2046.0,255.75,97.0,1.75,Retail,3,3,3,333,Best Customer,Active,13.0,United Kingdom,2046.0,2010-09
15474,2010-04-23 11:14:00,2010-04-23 11:14:00,1,55,150.35,150.35,55.0,19.0,Retail,1,1,1,111,At Risk / Lost Customer,Churned,595.0,United Kingdom,150.35,2010-04
15475,2011-09-23 15:20:00,2011-09-23 15:20:00,1,319,454.10999999999996,454.10999999999996,319.0,29.0,Retail,2,1,2,212,Average Customer,Active,76.0,United Kingdom,454.10999999999996,2011-09
15476,2010-09-23 14:00:00,2010-11-24 15:17:00,4,1174,2209.98,552.495,293.5,19.75,Retail,1,2,3,123,Average Customer,Churned,379.0,United Kingdom,2209.98,2010-09
15477,2010-02-28 10:37:00,2010-02-28 10:37:00,1,216,368.4,368.4,216.0,2.0,Retail,1,1,1,111,At Risk / Lost Customer,Churned,649.0,United Kingdom,368.4,2010-02
15478,2010-05-13 18:49:00,2011-10-30 14:19:00,3,894,1983.48,661.16,298.0,22.666666666666668,Retail,3,2,3,323,Loyal Customer,Active,39.0,United Kingdom,1983.48,2010-05
15479,2009-12-06 15:08:00,2009-12-06 15:08:00,1,38,147.4,147.4,38.0,9.0,Retail,1,1,1,111,At Risk / Lost Customer,Churned,732.0,United Kingdom,147.4,2009-12
15480,2010-02-01 14:52:00,2011-08-15 14:32:00,5,1852,6279.0,1255.8,370.4,43.0,Retail,2,2,3,223,Loyal Customer,Active,115.0,Malta,6279.0,2010-02
15481,2010-11-03 14:52:00,2010-11-03 14:52:00,1,1450,1993.34,1993.34,1450.0,38.0,Wholesale,,,,,,,,,,
15482,2009-12-02 16:59:00,2011-11-24 10:46:00,19,6516,14417.36,758.8084210526316,342.94736842105266,7.7894736842105265,Retail,3,3,3,333,Best Customer,Active,15.0,United Kingdom,14417.36,2009-12
15483,2010-01-24 15:42:00,2011-07-01 13:07:00,10,905,817.8199999999999,81.782,90.5,24.8,Retail,2,3,2,232,Loyal Customer,Churned,160.0,United Kingdom,817.8199999999999,2010-01
15484,2009-12-05 15:18:00,2011-12-08 15:03:00,6,4074,4652.1,775.35,679.0,40.0,Wholesale,,,,,,,,,,
15485,2009-12-01 17:31:00,2011-11-09 14:31:00,7,2153,4810.92,687.2742857142857,307.57142857142856,19.428571428571427,Retail,3,3,3,333,Best Customer,Active,29.0,United Kingdom,4810.92,2009-12
15486,2010-06-30 13:15:00,2010-06-30 13:15:00,1,40,102.0,102.0,40.0,1.0,Retail,1,1,1,111,At Risk / Lost Customer,Churned,526.0,United Kingdom,102.0,2010-06
15487,2010-01-29 12:07:00,2010-01-29 12:07:00,1,144,231.32,231.32,144.0,14.0,Retail,1,1,1,111,At Risk / Lost Customer,Churned,679.0,United Kingdom,231.32,2010-01
15488,2010-05-05 13:03:00,2011-09-08 10:11:00,5,251,431.92,86.384,50.2,2.2,Retail,2,2,2,222,Average Customer,Active,92.0,United Kingdom,431.92,2010-05
15489,2010-01-15 16:58:00,2011-11-17 08:53:00,8,1264,2419.61,302.45125,158.0,14.25,Retail,3,3,3,333,Best Customer,Active,22.0,United Kingdom,2419.61,2010-01
15490,2010-10-05 13:11:00,2010-10-05 13:11:00,1,82,210.85,210.85,82.0,22.0,Retail,1,1,1,111,At Risk / Lost Customer,Churned,429.0,United Kingdom,210.85,2010-10
15491,2011-04-18 10:04:00,2011-09-05 15:56:00,6,1646,3100.09,516.6816666666667,274.3333333333333,25.666666666666668,Retail,2,3,3,233,Loyal Customer,Active,94.0,United Kingdom,3100.09,2011-04
15492,2011-09-26 14:02:00,2011-11-11 14:53:00,2,483,659.4599999999999,329.72999999999996,241.5,17.5,Retail,3,1,2,312,Average Customer,Active,27.0,United Kingdom,659.4599999999999,2011-09
15493,2010-02-23 11:14:00,2011-11-07 12:04:00,9,1206,4121.68,457.9644444444445,134.0,65.0,Wholesale,,,,,,,,,,
15494,2009-12-10 20:16:00,2011-11-18 14:51:00,5,3052,3702.6,740.52,610.4,72.2,Wholesale,,,,,,,,,,
15495,2010-11-25 13:46:00,2010-11-25 13:46:00,1,194,246.5,246.5,194.0,20.0,Retail,1,1,1,111,At Risk / Lost Customer,Churned,378.0,United Kingdom,246.5,2010-11
15496,2010-03-18 13:16:00,2010-03-18 13:16:00,1,98,146.14000000000001,146.14000000000001,98.0,22.0,Retail,1,1,1,111,At Risk / Lost Customer,Churned,630.0,United Kingdom,146.14000000000001,2010-03
15497,2009-12-18 15:08:00,2011-11-22 11:51:00,9,2937,8657.39,961.9322222222222,326.3333333333333,13.444444444444445,Retail,3,3,3,333,Best Customer,Active,17.0,United Kingdom,8657.39,2009-12
15498,2009-12-16 17:27:00,2011-12-07 12:48:00,44,12134,24972.86,567.565,275.77272727272725,21.363636363636363,Retail,3,3,3,333,Best Customer,Active,2.0,United Kingdom,24972.86,2009-12
15499,2009-12-16 12:17:00,2009-12-16 12:17:00,1,59,158.65,158.65,59.0,40.0,Retail,1,1,1,111,At Risk / Lost Customer,Churned,723.0,United Kingdom,158.65,2009-12
15500,2011-09-19 13:47:00,2011-12-01 13:47:00,4,572,1131.56,282.89,143.0,17.0,Retail,3,2,2,322,Loyal Customer,Active,7.0,United Kingdom,1131.56,2011-09
15501,2010-10-20 12:47:00,2010-10-31 11:15:00,2,205,399.95,199.975,102.5,34.0,Retail,1,1,1,111,At Risk / Lost Customer,Churned,404.0,United Kingdom,399.95,2010-10
15502,2010-06-03 11:12:00,2011-11-24 12:48:00,14,5559,13003.869999999999,928.847857142857,397.07142857142856,23.142857142857142,Retail,3,3,3,333,Best Customer,Active,15.0,United Kingdom,13003.869999999999,2010-06
15503,2009-12-13 11:34:00,2010-12-12 10:57:00,2,130,257.3,128.65,65.0,58.0,Wholesale,,,,,,,,,,
15504,2010-02-12 12:34:00,2011-09-19 13:45:00,4,141,402.7,100.675,35.25,14.0,Retail,2,2,1,221,Average Customer,Active,80.0,United Kingdom,402.7,2010-02
15505,2011-07-07 13:33:00,2011-10-18 07:56:00,5,2390,3610.96,722.192,478.0,19.4,Retail,2,2,3,223,Loyal Customer,Active,52.0,United Kingdom,3610.96,2011-07
15506,2010-08-19 12:38:00,2011-11-17 12:11:00,6,1637,2030.33,338.3883333333333,272.8333333333333,42.5,Retail,3,3,3,333,Best Customer,Active,22.0,United Kingdom,2030.33,2010-08
15507,2011-06-21 11:19:00,2011-06-21 11:19:00,1,160,475.86,475.86,160.0,41.0,Retail,2,1,2,212,Average Customer,Churned,171.0,United Kingdom,475.86,2011-06
15508,2011-04-18 15:31:00,2011-06-03 15:43:00,6,440,1000.27,166.71166666666667,73.33333333333333,15.333333333333334,Retail,2,3,2,232,Loyal Customer,Churned,188.0,United Kingdom,1000.27,2011-04
15509,2010-11-24 14:48:00,2010-11-24 14:48:00,1,58,152.41,152.41,58.0,26.0,Retail,1,1,1,111,At Risk / Lost Customer,Churned,379.0,United Kingdom,152.41,2010-11
15510,2011-01-13 12:10:00,2011-01-13 12:10:00,1,2,250.0,250.0,2.0,1.0,Retail,1,1,1,111,At Risk / Lost Customer,Churned,330.0,United Kingdom,250.0,2011-01
15511,2011-09-15 15:05:00,2011-11-28 09:43:00,5,269,900.53,180.106,53.8,30.2,Retail,3,2,2,322,Loyal Customer,Active,11.0,United Kingdom,900.53,2011-09
15512,2010-02-01 13:23:00,2011-07-07 10:20:00,4,235,331.58,82.895,58.75,7.5,Retail,2,2,1,221,Average Customer,Churned,155.0,United Kingdom,331.58,2010-02
15513,2010-01-13 14:59:00,2011-11-06 14:36:00,35,10477,26437.05,755.3442857142857,299.34285714285716,15.628571428571428,Retail,3,3,3,333,Best Customer,Active,32.0,United Kingdom,26437.05,2010-01
15514,2009-12-04 16:37:00,2011-11-27 14:40:00,18,4087,6392.06,355.1144444444445,227.05555555555554,17.0,Retail,3,3,3,333,Best Customer,Active,11.0,United Kingdom,6392.06,2009-12
15515,2010-11-17 13:39:00,2010-11-17 13:39:00,1,131,171.81,171.81,131.0,7.0,Retail,1,1,1,111,At Risk / Lost Customer,Churned,386.0,United Kingdom,171.81,2010-11
15516,2011-10-24 11:33:00,2011-10-26 10:51:00,3,27,62.43,20.81,9.0,5.0,Retail,2,2,1,221,Average Customer,Active,44.0,United Kingdom,62.43,2011-10
15517,2011-04-20 14:02:00,2011-04-20 14:02:00,1,293,267.03,267.03,293.0,27.0,Retail,2,1,1,211,At Risk / Lost Customer,Churned,232.0,United Kingdom,267.03,2011-04
15518,2009-12-20 12:21:00,2011-10-06 13:05:00,15,2810,4189.99,279.3326666666666,187.33333333333334,29.466666666666665,Retail,2,3,3,233,Loyal Customer,Active,63.0,United Kingdom,4189.99,2009-12
15519,2010-09-19 13:57:00,2010-11-21 14:35:00,2,116,344.61,172.305,58.0,18.5,Retail,1,1,1,111,At Risk / Lost Customer,Churned,382.0,United Kingdom,344.61,2010-09
15520,2011-12-08 10:58:00,2011-12-08 10:58:00,1,314,343.5,343.5,314.0,18.0,Retail,3,1,1,311,Average Customer,Active,1.0,United Kingdom,343.5,2011-12
15521,2010-01-05 10:19:00,2011-10-30 13:42:00,16,4507,7098.24,443.64,281.6875,24.9375,Retail,3,3,3,333,Best Customer,Active,39.0,United Kingdom,7098.24,2010-01
15522,2011-09-13 12:26:00,2011-11-07 11:26:00,2,572,397.99,198.995,286.0,27.5,Retail,3,1,1,311,Average Customer,Active,32.0,United Kingdom,397.99,2011-09
15523,2009-12-02 15:16:00,2011-09-16 16:29:00,16,15633,17259.19,1078.699375,977.0625,13.125,Wholesale,,,,,,,,,,
15524,2010-04-12 09:19:00,2011-11-15 12:09:00,2,28,591.4,295.7,14.0,4.5,Retail,3,1,2,312,Average Customer,Active,24.0,United Kingdom,591.4,2010-04
15525,2010-11-22 12:10:00,2011-12-07 14:43:00,4,527,890.22,222.555,131.75,42.25,Retail,3,2,2,322,Loyal Customer,Active,1.0,United Kingdom,890.22,2010-11
15526,2011-11-06 15:01:00,2011-11-06 15:04:00,2,24,148.44,74.22,12.0,2.0,Retail,3,1,1,311,Average Customer,Active,32.0,United Kingdom,148.44,2011-11
15527,2009-12-15 17:31:00,2011-11-21 12:17:00,23,2211,5554.89,241.51695652173913,96.1304347826087,14.173913043478262,Retail,3,3,3,333,Best Customer,Active,18.0,United Kingdom,5554.89,2009-12
15528,2011-03-30 16:14:00,2011-03-30 16:14:00,1,123,229.33,229.33,123.0,26.0,Retail,2,1,1,211,At Risk / Lost Customer,Churned,253.0,United Kingdom,229.33,2011-03
15529,2010-11-10 14:26:00,2011-11-17 11:29:00,12,4271,4783.66,398.6383333333333,355.9166666666667,64.5,Wholesale,,,,,,,,,,
15530,2010-07-15 11:10:00,2011-11-18 12:25:00,5,1328,1808.68,361.736,265.6,26.8,Retail,3,2,3,323,Loyal Customer,Active,21.0,United Kingdom,1808.68,2010-07
15531,2011-11-09 17:47:00,2011-12-01 18:43:00,2,1085,1972.39,986.195,542.5,106.5,Wholesale,,,,,,,,,,
15532,2010-06-08 14:52:00,2011-11-14 14:51:00,10,1337,3738.85,373.885,133.7,61.1,Wholesale,,,,,,,,,,
15533,2011-09-11 15:41:00,2011-11-20 15:35:00,3,289,807.57,269.19,96.33333333333333,27.666666666666668,Retail,3,2,2,322,Loyal Customer,Active,18.0,United Kingdom,807.57,2011-09
15534,2009-12-14 12:48:00,2009-12-14 12:48:00,1,63,162.25,162.25,63.0,8.0,Retail,1,1,1,111,At Risk / Lost Customer,Churned,725.0,United Kingdom,162.25,2009-12
15535,2010-09-16 20:04:00,2011-06-19 16:02:00,6,314,1044.3700000000001,174.0616666666667,52.333333333333336,21.5,Retail,2,3,2,232,Loyal Customer,Churned,172.0,United Kingdom,1044.3700000000001,2010-09
15536,2010-10-26 16:31:00,2010-10-26 16:31:00,1,242,259.09,259.09,242.0,16.0,Retail,1,1,1,111,At Risk / Lost Customer,Churned,408.0,United Kingdom,259.09,2010-10
15537,2011-06-29 13:10:00,2011-06-29 13:10:00,1,29,110.92,110.92,29.0,24.0,Retail,2,1,1,211,At Risk / Lost Customer,Churned,162.0,United Kingdom,110.92,2011-06
15538,2010-02-14 12:38:00,2010-06-20 10:49:00,6,1016,3358.3999999999996,559.7333333333332,169.33333333333334,2.3333333333333335,Retail,1,3,3,133,Loyal Customer,Churned,537.0,United Kingdom,3358.3999999999996,2010-02
15539,2011-12-02 13:36:00,2011-12-02 13:36:00,1,410,538.46,538.46,410.0,41.0,Retail,3,1,2,312,Average Customer,Active,6.0,United Kingdom,538.46,2011-12
15540,2010-11-29 11:10:00,2011-11-28 13:51:00,2,444,460.68,230.34,222.0,15.5,Retail,3,1,2,312,Average Customer,Active,10.0,United Kingdom,460.68,2010-11
15541,2011-08-17 14:58:00,2011-08-17 14:58:00,1,49,85.13000000000001,85.13000000000001,49.0,29.0,Retail,2,1,1,211,At Risk / Lost Customer,Active,113.0,United Kingdom,85.13000000000001,2011-08
15542,2009-12-02 11:53:00,2010-07-15 13:32:00,3,418,855.71,285.2366666666667,139.33333333333334,74.33333333333333,Wholesale,,,,,,,,,,
15543,2010-09-06 11:28:00,2011-02-24 15:26:00,2,167,242.26,121.13,83.5,27.0,Retail,1,1,1,111,At Risk / Lost Customer,Churned,287.0,United Kingdom,242.26,2010-09
15544,2010-01-28 14:39:00,2011-11-30 16:43:00,20,6745,7807.89,390.3945,337.25,26.55,Retail,3,3,3,333,Best Customer,Active,8.0,United Kingdom,7807.89,2010-01
15545,2010-12-03 17:28:00,2011-10-16 13:24:00,2,162,288.96999999999997,144.48499999999999,81.0,40.0,Retail,2,1,1,211,At Risk / Lost Customer,Active,53.0,United Kingdom,288.96999999999997,2010-12
15546,2010-04-12 11:45:00,2010-04-12 11:51:00,2,198,1079.1000000000001,539.5500000000001,99.0,6.0,Retail,1,1,2,112,At Risk / Lost Customer,Churned,606.0,United Kingdom,1079.1000000000001,2010-04
15547,2009-12-06 13:40:00,2011-12-02 12:52:00,26,7278,10057.05,386.80961538461537,279.9230769230769,49.5,Retail,3,3,3,333,Best Customer,Active,6.0,United Kingdom,10057.05,2009-12
15548,2010-04-23 12:20:00,2010-04-23 12:20:00,1,64,158.09,158.09,64.0,23.0,Retail,1,1,1,111,At Risk / Lost Customer,Churned,595.0,United Kingdom,158.09,2010-04
15549,2010-01-11 13:16:00,2011-09-23 16:22:00,8,936,2334.16,291.77,117.0,19.25,Retail,2,3,3,233,Loyal Customer,Active,76.0,United Kingdom,2334.16,2010-01
15550,2009-12-03 15:15:00,2011-12-05 15:38:00,12,1139,2211.05,184.2541666666667,94.91666666666667,19.25,Retail,3,3,3,333,Best Customer,Active,3.0,United Kingdom,2211.05,2009-12
15551,2010-06-07 15:05:00,2011-11-03 12:37:00,7,796,1679.81,239.97285714285712,113.71428571428571,19.857142857142858,Retail,3,3,3,333,Best Customer,Active,36.0,United Kingdom,1679.81,2010-06
15552,2010-03-26 16:17:00,2011-05-06 14:47:00,2,166,252.52,126.26,83.0,15.0,Retail,2,1,1,211,At Risk / Lost Customer,Churned,216.0,United Kingdom,252.52,2010-03
15553,2011-10-10 14:02:00,2011-10-10 14:02:00,1,449,428.93,428.93,449.0,51.0,Retail,2,1,2,212,Average Customer,Active,59.0,United Kingdom,428.93,2011-10
15554,2011-03-07 09:00:00,2011-03-07 09:00:00,1,74,217.2,217.2,74.0,14.0,Retail,1,1,1,111,At Risk / Lost Customer,Churned,277.0,United Kingdom,217.2,2011-03
15555,2009-12-06 11:58:00,2011-11-27 16:19:00,36,8511,11243.91,312.3308333333333,236.41666666666666,43.361111111111114,Retail,3,3,3,333,Best Customer,Active,11.0,United Kingdom,11243.91,2009-12
15556,2011-11-15 16:08:00,2011-11-15 16:08:00,1,236,279.77,279.77,236.0,31.0,Retail,3,1,1,311,Average Customer,Active,23.0,United Kingdom,279.77,2011-11
15557,2011-11-11 12:46:00,2011-11-11 12:46:00,1,213,468.91,468.91,213.0,16.0,Retail,3,1,2,312,Average Customer,Active,28.0,United Kingdom,468.91,2011-11
15558,2010-03-10 15:25:00,2010-03-10 15:25:00,1,73,202.68,202.68,73.0,23.0,Retail,1,1,1,111,At Risk / Lost Customer,Churned,638.0,United Kingdom,202.68,2010-03
15559,2010-05-20 14:06:00,2010-05-20 14:06:00,1,526,1109.4,1109.4,526.0,62.0,Wholesale,,,,,,,,,,
15560,2010-11-07 10:14:00,2010-11-07 10:15:00,2,72,153.52,76.76,36.0,5.0,Retail,1,1,1,111,At Risk / Lost Customer,Churned,397.0,United Kingdom,153.52,2010-11
15561,2010-02-14 12:22:00,2011-11-28 11:07:00,8,1334,1934.3899999999999,241.79874999999998,166.75,11.0,Retail,3,3,3,333,Best Customer,Active,11.0,United Kingdom,1934.3899999999999,2010-02
15562,2009-12-13 15:17:00,2010-12-23 09:55:00,3,560,671.4300000000001,223.81000000000003,186.66666666666666,10.666666666666666,Retail,1,2,2,122,Average Customer,Churned,351.0,United Kingdom,671.4300000000001,2009-12
15563,2010-01-28 11:36:00,2011-11-17 14:50:00,7,3005,2859.46,408.4942857142857,429.2857142857143,36.42857142857143,Retail,3,3,3,333,Best Customer,Active,21.0,United Kingdom,2859.46,2010-01
15564,2010-02-01 15:58:00,2010-09-02 15:52:00,2,42,70.74000000000001,35.370000000000005,21.0,2.0,Retail,1,1,1,111,At Risk / Lost Customer,Churned,462.0,United Kingdom,70.74000000000001,2010-02
15565,2011-09-30 10:44:00,2011-10-20 14:33:00,2,60,173.16,86.58,30.0,4.0,Retail,2,1,1,211,At Risk / Lost Customer,Active,49.0,United Kingdom,173.16,2011-09
15566,2009-12-15 14:53:00,2010-11-12 12:11:00,2,153,227.87,113.935,76.5,6.0,Retail,1,1,1,111,At Risk / Lost Customer,Churned,392.0,United Kingdom,227.87,2009-12
15567,2011-11-21 10:48:00,2011-11-21 10:48:00,1,223,186.01,186.01,223.0,7.0,Retail,3,1,1,311,Average Customer,Active,18.0,United Kingdom,186.01,2011-11
15568,2011-09-27 14:37:00,2011-12-07 11:27:00,3,461,758.29,252.76333333333332,153.66666666666666,17.666666666666668,Retail,3,2,2,322,Loyal Customer,Active,2.0,United Kingdom,758.29,2011-09
15569,2010-02-28 10:55:00,2011-08-28 10:15:00,10,1734,3583.45,358.34499999999997,173.4,13.9,Retail,2,3,3,233,Loyal Customer,Active,103.0,United Kingdom,3583.45,2010-02
15570,2010-03-28 14:04:00,2011-12-02 14:47:00,25,4079,8736.49,349.45959999999997,163.16,27.84,Retail,3,3,3,333,Best Customer,Active,6.0,United Kingdom,8736.49,2010-03
15571,2009-12-06 12:10:00,2011-11-28 10:02:00,14,2411,3892.35,278.025,172.21428571428572,41.42857142857143,Retail,3,3,3,333,Best Customer,Active,11.0,United Kingdom,3892.35,2009-12
15572,2010-04-14 14:38:00,2011-12-05 10:09:00,10,2089,3965.2,396.52,208.9,33.5,Retail,3,3,3,333,Best Customer,Active,4.0,United Kingdom,3965.2,2010-04
15573,2009-12-10 14:19:00,2011-11-08 11:38:00,5,770,1188.42,237.68400000000003,154.0,40.2,Retail,3,2,2,322,Loyal Customer,Active,31.0,United Kingdom,1188.42,2009-12
15574,2010-09-01 14:37:00,2011-06-15 12:01:00,6,750,1101.44,183.57333333333335,125.0,36.666666666666664,Retail,2,3,2,232,Loyal Customer,Churned,177.0,United Kingdom,1101.44,2010-09
15575,2010-03-30 12:50:00,2010-03-30 12:50:00,1,6,30.1,30.1,6.0,3.0,Retail,1,1,1,111,At Risk / Lost Customer,Churned,619.0,United Kingdom,30.1,2010-03
15576,2011-11-02 12:03:00,2011-11-02 12:03:00,1,394,921.37,921.37,394.0,43.0,Retail,3,1,2,312,Average Customer,Active,37.0,United Kingdom,921.37,2011-11
15577,2009-12-13 16:17:00,2011-07-11 17:03:00,5,120,396.03000000000003,79.206,24.0,11.8,Retail,2,2,1,221,Average Customer,Churned,150.0,United Kingdom,396.03000000000003,2009-12
15578,2011-06-30 13:03:00,2011-06-30 13:03:00,1,52,127.1,127.1,52.0,13.0,Retail,2,1,1,211,At Risk / Lost Customer,Churned,161.0,United Kingdom,127.1,2011-06
15579,2010-10-03 14:37:00,2011-10-02 12:45:00,5,713,1250.63,250.12600000000003,142.6,31.0,Retail,2,2,2,222,Average Customer,Active,68.0,United Kingdom,1250.63,2010-10
15580,2010-02-07 11:21:00,2010-11-28 11:00:00,8,955,1375.39,171.92375,119.375,26.75,Retail,1,3,2,132,Average Customer,Churned,376.0,United Kingdom,1375.39,2010-02
15581,2009-12-02 12:19:00,2011-08-11 09:38:00,38,3029,7480.4,196.85263157894735,79.71052631578948,17.657894736842106,Retail,2,3,3,233,Loyal Customer,Active,120.0,United Kingdom,7480.4,2009-12
15582,2011-05-03 13:36:00,2011-11-15 09:55:00,3,453,682.9100000000001,227.63666666666668,151.0,14.666666666666666,Retail,3,2,2,322,Loyal Customer,Active,24.0,United Kingdom,682.9100000000001,2011-05
15583,2010-11-28 15:04:00,2010-11-28 15:04:00,1,56,95.96,95.96,56.0,37.0,Retail,1,1,1,111,At Risk / Lost Customer,Churned,375.0,United Kingdom,95.96,2010-11
15584,2010-02-07 12:16:00,2011-11-16 10:55:00,6,483,1268.2,211.36666666666667,80.5,36.0,Retail,3,3,2,332,Loyal Customer,Active,23.0,United Kingdom,1268.2,2010-02
15585,2011-06-16 08:38:00,2011-06-16 08:38:00,1,320,455.3,455.3,320.0,31.0,Retail,2,1,2,212,Average Customer,Churned,176.0,United Kingdom,455.3,2011-06
15586,2010-01-08 10:02:00,2010-04-26 11:00:00,3,1338,1139.1,379.7,446.0,12.666666666666666,Retail,1,2,2,122,Average Customer,Churned,592.0,United Kingdom,1139.1,2010-01
15587,2010-08-05 08:44:00,2011-10-20 13:37:00,7,528,1522.0800000000002,217.44000000000003,75.42857142857143,2.0,Retail,2,3,3,233,Loyal Customer,Active,49.0,United Kingdom,1522.0800000000002,2010-08
15588,2010-01-31 12:19:00,2010-01-31 12:19:00,1,96,579.6,579.6,96.0,4.0,Retail,1,1,2,112,At Risk / Lost Customer,Churned,677.0,United Kingdom,579.6,2010-01
15589,2011-02-02 10:46:00,2011-03-29 09:54:00,3,243,478.53000000000003,159.51000000000002,81.0,9.666666666666666,Retail,2,2,2,222,Average Customer,Churned,255.0,United Kingdom,478.53000000000003,2011-02
15590,2010-04-12 10:09:00,2010-11-22 14:49:00,5,832,1496.6,299.32,166.4,17.4,Retail,1,2,3,123,Average Customer,Churned,381.0,United Kingdom,1496.6,2010-04
15591,2010-02-04 09:20:00,2010-05-06 09:23:00,3,58,217.9,72.63333333333334,19.333333333333332,2.3333333333333335,Retail,1,2,1,121,At Risk / Lost Customer,Churned,582.0,United Kingdom,217.9,2010-02
15592,2011-10-24 08:59:00,2011-10-24 08:59:00,1,354,388.58,388.58,354.0,24.0,Retail,2,1,1,211,At Risk / Lost Customer,Active,46.0,United Kingdom,388.58,2011-10
15593,2011-09-30 11:46:00,2011-09-30 11:46:00,1,60,199.8,199.8,60.0,5.0,Retail,2,1,1,211,At Risk / Lost Customer,Active,70.0,United Kingdom,199.8,2011-09
15594,2011-04-19 10:08:00,2011-11-24 08:53:00,5,983,1771.78,354.356,196.6,20.6,Retail,3,2,3,323,Loyal Customer,Active,15.0,United Kingdom,1771.78,2011-04
15595,2010-08-09 12:27:00,2010-08-09 12:27:00,1,144,357.6,357.6,144.0,4.0,Retail,1,1,1,111,At Risk / Lost Customer,Churned,487.0,United Kingdom,357.6,2010-08
15596,2010-07-28 11:46:00,2011-08-31 10:55:00,9,1208,2727.72,303.08,134.22222222222223,17.22222222222222,Retail,2,3,3,233,Loyal Customer,Active,100.0,United Kingdom,2727.72,2010-07
15597,2010-05-13 13:10:00,2011-11-04 13:26:00,2,393,563.37,281.685,196.5,18.5,Retail,3,1,2,312,Average Customer,Active,34.0,United Kingdom,563.37,2010-05
15598,2010-10-08 09:20:00,2011-10-17 16:04:00,2,404,548.02,274.01,202.0,18.0,Retail,2,1,2,212,Average Customer,Active,52.0,United Kingdom,548.02,2010-10
15599,2010-09-20 10:15:00,2011-11-13 11:44:00,3,1098,1250.06,416.68666666666667,366.0,27.666666666666668,Retail,3,2,2,322,Loyal Customer,Active,26.0,United Kingdom,1250.06,2010-09
15600,2010-04-25 11:50:00,2010-10-07 14:30:00,4,657,1199.31,299.8275,164.25,17.75,Retail,1,2,2,122,Average Customer,Churned,427.0,United Kingdom,1199.31,2010-04
15601,2009-12-01 14:53:00,2011-11-28 15:15:00,30,10395,14191.74,473.058,346.5,27.466666666666665,Retail,3,3,3,333,Best Customer,Active,10.0,United Kingdom,14191.74,2009-12
15602,2009-12-02 09:35:00,2011-12-01 14:14:00,16,2296,3137.96,196.1225,143.5,7.875,Retail,3,3,3,333,Best Customer,Active,7.0,United Kingdom,3137.96,2009-12
15603,2010-03-01 16:02:00,2011-09-22 10:04:00,2,128,88.48,44.24,64.0,2.0,Retail,2,1,1,211,At Risk / Lost Customer,Active,78.0,United Kingdom,88.48,2010-03
15604,2011-10-18 14:47:00,2011-10-18 14:47:00,1,159,216.39,216.39,159.0,17.0,Retail,2,1,1,211,At Risk / Lost Customer,Active,51.0,United Kingdom,216.39,2011-10
15605,2010-01-14 14:03:00,2011-11-03 14:17:00,9,641,1741.95,193.55,71.22222222222223,11.0,Retail,3,3,3,333,Best Customer,Active,35.0,United Kingdom,1741.95,2010-01
15606,2010-03-02 14:48:00,2011-10-09 15:47:00,17,1615,5230.99,307.70529411764704,95.0,8.529411764705882,Retail,2,3,3,233,Loyal Customer,Active,60.0,United Kingdom,5230.99,2010-03
15607,2010-01-08 12:16:00,2011-01-07 12:44:00,9,1470,1708.97,189.88555555555556,163.33333333333334,12.11111111111111,Retail,1,3,3,133,Loyal Customer,Churned,336.0,United Kingdom,1708.97,2010-01
15608,2010-10-20 10:10:00,2011-11-11 13:20:00,5,1262,1785.98,357.196,252.4,21.0,Retail,3,2,3,323,Loyal Customer,Active,27.0,United Kingdom,1785.98,2010-10
15609,2011-06-08 13:00:00,2011-06-08 13:00:00,1,148,298.48,298.48,148.0,16.0,Retail,2,1,1,211,At Risk / Lost Customer,Churned,183.0,United Kingdom,298.48,2011-06
15610,2011-10-19 10:36:00,2011-10-19 10:36:00,1,66,112.46000000000001,112.46000000000001,66.0,6.0,Retail,2,1,1,211,At Risk / Lost Customer,Active,51.0,United Kingdom,112.46000000000001,2011-10
15611,2010-01-25 14:50:00,2011-11-30 12:36:00,26,747,2997.28,115.28,28.73076923076923,3.6153846153846154,Retail,3,3,3,333,Best Customer,Active,9.0,United Kingdom,2997.28,2010-01
15612,2011-10-09 12:49:00,2011-11-03 14:52:00,2,52,195.15,97.575,26.0,3.0,Retail,3,1,1,311,Average Customer,Active,35.0,United Kingdom,195.15,2011-10
15613,2010-04-08 12:51:00,2010-04-08 12:51:00,1,700,433.71999999999997,433.71999999999997,700.0,27.0,Wholesale,,,,,,,,,,
15614,2010-03-23 11:13:00,2010-09-28 10:46:00,4,1632,3147.36,786.84,408.0,20.25,Retail,1,2,3,123,Average Customer,Churned,437.0,United Kingdom,3147.36,2010-03
15615,2009-12-02 15:28:00,2011-11-29 14:42:00,47,12090,21373.97,454.7653191489362,257.2340425531915,19.170212765957448,Retail,3,3,3,333,Best Customer,Active,9.0,United Kingdom,21373.97,2009-12
15616,2010-09-27 13:10:00,2010-09-27 13:10:00,1,137,317.11,317.11,137.0,13.0,Retail,1,1,1,111,At Risk / Lost Customer,Churned,437.0,United Kingdom,317.11,2010-09
15617,2010-07-20 13:16:00,2010-11-08 16:07:00,3,485,828.5500000000001,276.18333333333334,161.66666666666666,14.0,Retail,1,2,2,122,Average Customer,Churned,395.0,United Kingdom,828.5500000000001,2010-07
15618,2011-07-26 10:13:00,2011-11-07 08:34:00,4,454,776.851,194.21275,113.5,11.25,Retail,3,2,2,322,Loyal Customer,Active,32.0,United Kingdom,776.851,2011-07
15619,2011-11-29 08:14:00,2011-11-29 08:14:00,1,136,336.40000000000003,336.40000000000003,136.0,3.0,Retail,3,1,1,311,Average Customer,Active,10.0,United Kingdom,336.40000000000003,2011-11
15620,2010-10-26 11:32:00,2011-10-14 12:41:00,4,1249,1942.36,485.59,312.25,32.25,Retail,2,2,3,223,Loyal Customer,Active,56.0,United Kingdom,1942.36,2010-10
15621,2011-11-18 11:49:00,2011-12-05 14:01:00,4,501,1293.03,323.2575,125.25,3.75,Retail,3,2,2,322,Loyal Customer,Active,3.0,United Kingdom,1293.03,2011-11
15622,2010-03-04 10:29:00,2011-10-27 16:44:00,17,4091,7852.61,461.9182352941176,240.64705882352942,25.058823529411764,Retail,3,3,3,333,Best Customer,Active,42.0,United Kingdom,7852.61,2010-03
15623,2009-12-10 14:46:00,2011-07-21 17:26:00,8,1087,2437.05,304.63125,135.875,13.5,Retail,2,3,3,233,Loyal Customer,Churned,140.0,United Kingdom,2437.05,2009-12
15624,2011-03-28 13:32:00,2011-08-15 11:38:00,4,357,588.13,147.0325,89.25,8.5,Retail,2,2,2,222,Average Customer,Active,116.0,United Kingdom,588.13,2011-03
15625,2010-06-15 15:23:00,2011-08-28 10:21:00,9,3020,3236.4,359.6,335.55555555555554,19.0,Retail,2,3,3,233,Loyal Customer,Active,103.0,United Kingdom,3236.4,2010-06
15626,2010-10-14 17:16:00,2011-09-26 10:03:00,3,1138,1067.52,355.84,379.3333333333333,26.666666666666668,Retail,2,2,2,222,Average Customer,Active,74.0,United Kingdom,1067.52,2010-10
15627,2010-07-05 11:56:00,2010-09-08 14:14:00,2,344,566.9,283.45,172.0,12.0,Retail,1,1,2,112,At Risk / Lost Customer,Churned,456.0,United Kingdom,566.9,2010-07
15628,2009-12-13 13:39:00,2011-12-05 10:24:00,17,3569,5333.08,313.7105882352941,209.94117647058823,17.58823529411765,Retail,3,3,3,333,Best Customer,Active,4.0,United Kingdom,5333.08,2009-12
15629,2010-06-25 11:39:00,2010-09-15 13:46:00,4,1518,2240.9,560.225,379.5,19.25,Retail,1,2,3,123,Average Customer,Churned,449.0,United Kingdom,2240.9,2010-06
15630,2010-03-05 14:30:00,2011-10-25 15:36:00,3,987,1481.4,493.8,329.0,26.666666666666668,Retail,2,2,3,223,Loyal Customer,Active,44.0,United Kingdom,1481.4,2010-03
15631,2010-03-07 14:52:00,2010-03-07 14:52:00,1,525,596.67,596.67,525.0,39.0,Wholesale,,,,,,,,,,
15632,2011-03-10 08:29:00,2011-11-24 09:51:00,8,2109,3285.31,410.66375,263.625,20.875,Retail,3,3,3,333,Best Customer,Active,15.0,United Kingdom,3285.31,2011-03
15633,2009-12-08 17:51:00,2010-07-18 13:54:00,13,2048,4335.96,333.5353846153846,157.53846153846155,13.538461538461538,Retail,1,3,3,133,Loyal Customer,Churned,508.0,United Kingdom,4335.96,2009-12
15634,2010-11-21 15:30:00,2011-11-22 16:28:00,2,227,554.65,277.325,113.5,17.0,Retail,3,1,2,312,Average Customer,Active,16.0,United Kingdom,554.65,2010-11
15635,2010-11-09 08:58:00,2010-11-09 08:58:00,1,5,100.35,100.35,5.0,2.0,Retail,1,1,1,111,At Risk / Lost Customer,Churned,395.0,United Kingdom,100.35,2010-11
15636,2010-05-19 11:37:00,2011-09-11 11:17:00,4,560,1444.58,361.145,140.0,14.25,Retail,2,2,3,223,Loyal Customer,Active,89.0,United Kingdom,1444.58,2010-05
15637,2009-12-15 17:54:00,2011-10-18 08:28:00,5,651,797.59,159.518,130.2,8.2,Retail,2,2,2,222,Average Customer,Active,52.0,United Kingdom,797.59,2009-12
15638,2010-04-08 14:37:00,2010-11-26 11:52:00,6,1134,2265.2,377.5333333333333,189.0,4.166666666666667,Retail,1,3,3,133,Loyal Customer,Churned,378.0,United Kingdom,2265.2,2010-04
15639,2010-04-13 13:11:00,2011-07-28 14:30:00,3,849,1065.08,355.02666666666664,283.0,22.666666666666668,Retail,2,2,2,222,Average Customer,Active,133.0,United Kingdom,1065.08,2010-04
15640,2009-12-14 16:36:00,2011-12-05 14:35:00,29,12140,23494.31,810.1486206896552,418.62068965517244,25.689655172413794,Retail,3,3,3,333,Best Customer,Active,3.0,United Kingdom,23494.31,2009-12
15641,2009-12-06 15:31:00,2011-08-26 14:04:00,12,4422,5345.55,445.46250000000003,368.5,25.916666666666668,Retail,2,3,3,233,Loyal Customer,Active,104.0,United Kingdom,5345.55,2009-12
15642,2009-12-10 11:51:00,2009-12-10 11:51:00,1,270,105.78000000000002,105.78000000000002,270.0,6.0,Retail,1,1,1,111,At Risk / Lost Customer,Churned,729.0,United Kingdom,105.78000000000002,2009-12
15643,2011-03-02 14:34:00,2011-06-01 07:38:00,3,246,664.0,221.33333333333334,82.0,11.0,Retail,2,2,2,222,Average Customer,Churned,191.0,United Kingdom,664.0,2011-03
15644,2011-03-23 15:37:00,2011-06-26 14:54:00,4,550,803.54,200.885,137.5,56.5,Wholesale,,,,,,,,,,
15645,2010-10-10 12:51:00,2011-11-21 11:55:00,3,396,1055.17,351.72333333333336,132.0,22.0,Retail,3,2,2,322,Loyal Customer,Active,18.0,United Kingdom,1055.17,2010-10
15646,2010-10-25 13:06:00,2011-07-05 09:53:00,5,821,784.8100000000001,156.96200000000002,164.2,13.6,Retail,2,2,2,222,Average Customer,Churned,157.0,United Kingdom,784.8100000000001,2010-10
15647,2010-10-20 15:09:00,2010-10-20 15:09:00,1,124,169.0,169.0,124.0,11.0,Retail,1,1,1,111,At Risk / Lost Customer,Churned,414.0,United Kingdom,169.0,2010-10
15648,2011-03-17 18:59:00,2011-05-19 15:53:00,2,218,639.5,319.75,109.0,12.0,Retail,2,1,2,212,Average Customer,Churned,203.0,United Kingdom,639.5,2011-03
15649,2010-11-17 16:22:00,2011-01-07 13:34:00,4,365,1660.35,415.0875,91.25,2.75,Retail,1,2,3,123,Average Customer,Churned,335.0,United Kingdom,1660.35,2010-11
15650,2010-03-21 11:46:00,2010-07-06 10:41:00,2,210,553.88,276.94,105.0,18.0,Retail,1,1,2,112,At Risk / Lost Customer,Churned,521.0,United Kingdom,553.88,2010-03
15651,2010-04-22 13:26:00,2011-11-03 08:41:00,5,871,1259.06,251.81199999999998,174.2,12.0,Retail,3,2,2,322,Loyal Customer,Active,36.0,United Kingdom,1259.06,2010-04
15652,2010-08-11 16:58:00,2011-09-09 14:22:00,5,657,1405.94,281.188,131.4,20.4,Retail,2,2,2,222,Average Customer,Active,90.0,United Kingdom,1405.94,2010-08
15653,2011-08-16 09:50:00,2011-09-08 10:49:00,2,1200,877.4399999999999,438.71999999999997,600.0,3.0,Wholesale,,,,,,,,,,
15654,2011-11-13 15:15:00,2011-11-30 13:08:00,2,475,922.53,461.265,237.5,10.5,Retail,3,1,2,312,Average Customer,Active,8.0,United Kingdom,922.53,2011-11
15655,2011-04-10 15:25:00,2011-04-10 15:25:00,1,324,560.67,560.67,324.0,34.0,Retail,2,1,2,212,Average Customer,Churned,242.0,United Kingdom,560.67,2011-04
15656,2011-02-28 15:32:00,2011-10-25 14:56:00,4,343,748.5,187.125,85.75,11.75,Retail,2,2,2,222,Average Customer,Active,44.0,United Kingdom,748.5,2011-02
15657,2011-11-17 12:19:00,2011-11-17 12:19:00,1,24,30.0,30.0,24.0,1.0,Retail,3,1,1,311,Average Customer,Active,22.0,United Kingdom,30.0,2011-11
15658,2009-12-03 11:19:00,2011-06-02 15:22:00,8,629,2117.27,264.65875,78.625,12.875,Retail,2,3,3,233,Loyal Customer,Churned,189.0,United Kingdom,2117.27,2009-12
15659,2010-02-24 13:32:00,2011-10-27 09:23:00,3,161,532.49,177.49666666666667,53.666666666666664,7.0,Retail,2,2,2,222,Average Customer,Active,43.0,United Kingdom,532.49,2010-02
15660,2010-02-05 16:01:00,2011-11-14 16:58:00,15,1783,2603.69,173.57933333333332,118.86666666666666,10.066666666666666,Retail,3,3,3,333,Best Customer,Active,24.0,United Kingdom,2603.69,2010-02
15661,2010-05-10 07:59:00,2011-01-26 13:56:00,8,779,1215.95,151.99375,97.375,5.5,Retail,1,3,2,132,Average Customer,Churned,316.0,United Kingdom,1215.95,2010-05
15662,2009-12-01 13:49:00,2010-02-16 16:47:00,2,145,283.73,141.865,72.5,6.0,Retail,1,1,1,111,At Risk / Lost Customer,Churned,660.0,United Kingdom,283.73,2009-12
15663,2011-08-25 15:50:00,2011-08-25 15:50:00,1,106,138.14,138.14,106.0,9.0,Retail,2,1,1,211,At Risk / Lost Customer,Active,105.0,United Kingdom,138.14,2011-08
15664,2010-02-28 12:50:00,2011-10-20 10:57:00,4,530,1254.03,313.5075,132.5,17.5,Retail,2,2,2,222,Average Customer,Active,50.0,United Kingdom,1254.03,2010-02
15665,2010-03-14 15:07:00,2011-06-24 14:57:00,5,2777,3987.07,797.414,555.4,55.8,Wholesale,,,,,,,,,,
15666,2010-08-01 15:41:00,2010-08-24 16:14:00,2,469,632.9399999999999,316.46999999999997,234.5,32.5,Retail,1,1,2,112,At Risk / Lost Customer,Churned,471.0,United Kingdom,632.9399999999999,2010-08
15667,2011-10-31 10:56:00,2011-10-31 10:56:00,1,240,301.32,301.32,240.0,13.0,Retail,3,1,1,311,Average Customer,Active,39.0,United Kingdom,301.32,2011-10
15668,2011-05-06 10:39:00,2011-05-06 10:39:00,1,72,76.32000000000001,76.32000000000001,72.0,1.0,Retail,2,1,1,211,At Risk / Lost Customer,Churned,217.0,United Kingdom,76.32000000000001,2011-05
15669,2011-03-21 09:13:00,2011-10-30 16:03:00,4,342,684.34,171.085,85.5,8.25,Retail,3,2,2,322,Loyal Customer,Active,39.0,United Kingdom,684.34,2011-03
15670,2010-06-01 15:34:00,2011-02-16 10:50:00,2,132,325.2,162.6,66.0,9.5,Retail,1,1,1,111,At Risk / Lost Customer,Churned,296.0,United Kingdom,325.2,2010-06
15671,2011-03-14 09:37:00,2011-11-21 12:43:00,7,1699,2657.13,379.59000000000003,242.71428571428572,11.142857142857142,Retail,3,3,3,333,Best Customer,Active,18.0,United Kingdom,2657.13,2011-03
15672,2009-12-14 16:52:00,2009-12-14 16:52:00,1,10,45.300000000000004,45.300000000000004,10.0,3.0,Retail,1,1,1,111,At Risk / Lost Customer,Churned,724.0,United Kingdom,45.300000000000004,2009-12
15673,2010-02-22 14:28:00,2011-09-12 16:12:00,9,3274,6204.32,689.3688888888888,363.77777777777777,28.555555555555557,Retail,2,3,3,233,Loyal Customer,Active,87.0,United Kingdom,6204.32,2010-02
15674,2009-12-08 17:08:00,2011-09-27 15:17:00,13,3648,6948.2300000000005,534.4792307692308,280.61538461538464,27.0,Retail,2,3,3,233,Loyal Customer,Active,72.0,United Kingdom,6948.2300000000005,2009-12
15675,2010-10-31 14:14:00,2011-09-19 13:48:00,4,624,542.04,135.51,156.0,8.75,Retail,2,2,2,222,Average Customer,Active,80.0,United Kingdom,542.04,2010-10
15676,2011-03-01 10:19:00,2011-11-21 12:40:00,3,2252,3435.76,1145.2533333333333,750.6666666666666,67.33333333333333,Wholesale,,,,,,,,,,
15677,2010-09-02 12:08:00,2011-10-21 15:36:00,3,675,1305.63,435.21000000000004,225.0,24.0,Retail,2,2,2,222,Average Customer,Active,48.0,United Kingdom,1305.63,2010-09
15678,2010-07-05 12:49:00,2011-10-18 09:25:00,3,1022,1825.94,608.6466666666666,340.6666666666667,28.666666666666668,Retail,2,2,3,223,Loyal Customer,Active,52.0,United Kingdom,1825.94,2010-07
15679,2011-06-10 08:24:00,2011-11-15 16:19:00,4,1170,781.28,195.32,292.5,27.5,Retail,3,2,2,322,Loyal Customer,Active,23.0,United Kingdom,781.28,2011-06
15680,2009-12-02 12:15:00,2011-11-30 13:46:00,10,2743,4028.69,402.869,274.3,23.6,Retail,3,3,3,333,Best Customer,Active,8.0,United Kingdom,4028.69,2009-12
15681,2010-05-24 14:18:00,2011-11-14 16:30:00,14,1392,2989.7,213.54999999999998,99.42857142857143,6.285714285714286,Retail,3,3,3,333,Best Customer,Active,24.0,United Kingdom,2989.7,2010-05
15682,2010-01-21 14:37:00,2010-04-19 15:30:00,2,222,318.24,159.12,111.0,12.5,Retail,1,1,1,111,At Risk / Lost Customer,Churned,598.0,United Kingdom,318.24,2010-01
15683,2010-08-23 12:01:00,2011-08-14 12:56:00,2,332,524.54,262.27,166.0,13.0,Retail,2,1,2,212,Average Customer,Active,116.0,United Kingdom,524.54,2010-08
15684,2009-12-04 16:13:00,2010-06-10 18:51:00,3,77,173.95,57.98333333333333,25.666666666666668,3.6666666666666665,Retail,1,2,1,121,At Risk / Lost Customer,Churned,546.0,United Kingdom,173.95,2009-12
15685,2010-09-15 13:43:00,2010-09-15 13:43:00,1,36,55.980000000000004,55.980000000000004,36.0,17.0,Retail,1,1,1,111,At Risk / Lost Customer,Churned,449.0,United Kingdom,55.980000000000004,2010-09
15686,2010-10-15 13:50:00,2010-10-15 13:50:00,1,72,90.0,90.0,72.0,1.0,Retail,1,1,1,111,At Risk / Lost Customer,Churned,419.0,United Kingdom,90.0,2010-10
15687,2011-01-13 15:13:00,2011-12-01 08:33:00,9,1310,2993.1,332.56666666666666,145.55555555555554,18.444444444444443,Retail,3,3,3,333,Best Customer,Active,8.0,United Kingdom,2993.1,2011-01
15688,2010-10-17 12:06:00,2010-10-17 12:06:00,1,95,190.57,190.57,95.0,26.0,Retail,1,1,1,111,At Risk / Lost Customer,Churned,418.0,United Kingdom,190.57,2010-10
15689,2010-04-01 09:53:00,2011-08-12 09:37:00,3,207,521.03,173.67666666666665,69.0,8.0,Retail,2,2,2,222,Average Customer,Active,119.0,United Kingdom,521.03,2010-04
15690,2011-08-31 11:40:00,2011-12-05 15:59:00,2,408,239.76,119.88,204.0,9.5,Retail,3,1,1,311,Average Customer,Active,3.0,United Kingdom,239.76,2011-08
15691,2009-12-06 16:01:00,2011-04-01 15:13:00,4,212,571.3,142.825,53.0,3.5,Retail,2,2,2,222,Average Customer,Churned,251.0,United Kingdom,571.3,2009-12
15692,2011-11-11 14:12:00,2011-11-11 14:12:00,1,138,191.04,191.04,138.0,12.0,Retail,3,1,1,311,Average Customer,Active,27.0,United Kingdom,191.04,2011-11
15693,2010-02-18 14:37:00,2010-02-18 14:37:00,1,30,37.5,37.5,30.0,1.0,Retail,1,1,1,111,At Risk / Lost Customer,Churned,658.0,United Kingdom,37.5,2010-02
15694,2009-12-07 15:43:00,2011-12-09 09:44:00,24,2467,9978.48,415.77,102.79166666666667,5.958333333333333,Retail,3,3,3,333,Best Customer,Active,0.0,United Kingdom,9978.48,2009-12
15695,2010-01-27 10:56:00,2011-03-18 08:32:00,4,484,1131.04,282.76,121.0,14.75,Retail,2,2,2,222,Average Customer,Churned,266.0,United Kingdom,1131.04,2010-01
15696,2010-01-24 14:36:00,2011-11-06 14:02:00,13,1386,3881.2200000000003,298.55538461538464,106.61538461538461,16.615384615384617,Retail,3,3,3,333,Best Customer,Active,32.0,United Kingdom,3881.2200000000003,2010-01
15697,2010-01-19 09:10:00,2010-01-19 09:10:00,1,127,246.75,246.75,127.0,14.0,Retail,1,1,1,111,At Risk / Lost Customer,Churned,689.0,United Kingdom,246.75,2010-01
15698,2010-03-25 17:38:00,2010-03-25 17:38:00,1,60,46.2,46.2,60.0,2.0,Retail,1,1,1,111,At Risk / Lost Customer,Churned,623.0,United Kingdom,46.2,2010-03
15699,2011-11-22 08:26:00,2011-11-22 08:26:00,1,113,309.65,309.65,113.0,18.0,Retail,3,1,1,311,Average Customer,Active,17.0,United Kingdom,309.65,2011-11
15700,2011-06-19 15:36:00,2011-06-20 16:53:00,2,357,696.68,348.34,178.5,42.5,Retail,2,1,2,212,Average Customer,Churned,171.0,United Kingdom,696.68,2011-06
15701,2011-08-21 12:36:00,2011-12-07 14:39:00,4,912,1529.0,382.25,228.0,55.75,Wholesale,,,,,,,,,,
15702,2010-01-26 17:23:00,2010-08-20 14:50:00,2,103,140.39000000000001,70.19500000000001,51.5,15.0,Retail,1,1,1,111,At Risk / Lost Customer,Churned,475.0,Nigeria,140.39000000000001,2010-01
15703,2011-03-20 10:51:00,2011-03-20 10:51:00,1,66,211.5,211.5,66.0,5.0,Retail,2,1,1,211,At Risk / Lost Customer,Churned,264.0,United Kingdom,211.5,2011-03
15704,2010-05-05 14:51:00,2011-07-22 13:35:00,6,1709,3734.6600000000003,622.4433333333334,284.8333333333333,33.5,Retail,2,3,3,233,Loyal Customer,Churned,139.0,United Kingdom,3734.6600000000003,2010-05
15705,2011-05-22 15:37:00,2011-05-22 15:37:00,1,62,143.1,143.1,62.0,6.0,Retail,2,1,1,211,At Risk / Lost Customer,Churned,200.0,United Kingdom,143.1,2011-05
15706,2011-08-15 14:32:00,2011-10-07 10:09:00,4,321,1060.56,265.14,80.25,13.75,Retail,2,2,2,222,Average Customer,Active,63.0,United Kingdom,1060.56,2011-08
15707,2011-09-14 14:19:00,2011-11-04 14:35:00,4,594,916.98,229.245,148.5,48.5,Retail,3,2,2,322,Loyal Customer,Active,34.0,United Kingdom,916.98,2011-09
15708,2010-10-10 11:33:00,2011-10-30 10:54:00,9,1465,3887.15,431.90555555555557,162.77777777777777,35.77777777777778,Retail,3,3,3,333,Best Customer,Active,40.0,United Kingdom,3887.15,2010-10
15709,2010-04-29 18:31:00,2011-03-01 10:38:00,2,169,327.85,163.925,84.5,13.0,Retail,1,1,1,111,At Risk / Lost Customer,Churned,283.0,United Kingdom,327.85,2010-04
15710,2010-10-18 17:05:00,2010-10-18 17:05:00,1,641,898.87,898.87,641.0,110.0,Wholesale,,,,,,,,,,
15711,2010-01-24 12:13:00,2010-06-01 12:14:00,2,199,420.25,210.125,99.5,12.5,Retail,1,1,1,111,At Risk / Lost Customer,Churned,556.0,United Kingdom,420.25,2010-01
15712,2009-12-01 11:17:00,2011-11-30 14:09:00,12,1277,3472.4100000000003,289.3675,106.41666666666667,13.833333333333334,Retail,3,3,3,333,Best Customer,Active,8.0,United Kingdom,3472.4100000000003,2009-12
15713,2009-12-16 09:41:00,2011-07-19 13:34:00,4,451,839.64,209.91,112.75,13.0,Retail,2,2,2,222,Average Customer,Churned,142.0,United Kingdom,839.64,2009-12
15714,2010-06-02 12:08:00,2011-11-28 11:26:00,5,361,783.96,156.792,72.2,9.6,Retail,3,2,2,322,Loyal Customer,Active,11.0,United Kingdom,783.96,2010-06
15715,2010-03-30 12:17:00,2010-06-02 09:56:00,5,246,658.02,131.60399999999998,49.2,7.6,Retail,1,2,2,122,Average Customer,Churned,555.0,United Kingdom,658.02,2010-03
15716,2009-12-07 12:42:00,2011-07-17 11:59:00,11,1379,2485.26,225.9327272727273,125.36363636363636,24.727272727272727,Retail,2,3,3,233,Loyal Customer,Churned,145.0,United Kingdom,2485.26,2009-12
15717,2010-04-26 10:41:00,2011-04-19 13:21:00,5,224,607.0,121.4,44.8,4.8,Retail,2,2,2,222,Average Customer,Churned,233.0,United Kingdom,607.0,2010-04
15718,2010-06-17 16:20:00,2010-06-17 16:20:00,1,95,293.79,293.79,95.0,18.0,Retail,1,1,1,111,At Risk / Lost Customer,Churned,539.0,United Kingdom,293.79,2010-06
15719,2009-12-01 12:47:00,2011-11-07 12:29:00,31,5356,10195.97,328.9022580645161,172.7741935483871,56.87096774193548,Wholesale,,,,,,,,,,
15720,2010-06-07 15:40:00,2011-11-15 14:48:00,2,327,739.22,369.61,163.5,76.5,Wholesale,,,,,,,,,,
15721,2011-11-28 12:14:00,2011-11-28 12:14:00,1,388,471.40000000000003,471.40000000000003,388.0,80.0,Wholesale,,,,,,,,,,
15722,2010-03-09 15:05:00,2011-11-04 11:43:00,11,2279,5234.0,475.8181818181818,207.1818181818182,15.909090909090908,Retail,3,3,3,333,Best Customer,Active,35.0,United Kingdom,5234.0,2010-03
15723,2010-05-14 12:55:00,2010-12-10 11:12:00,4,427,930.7,232.675,106.75,30.25,Retail,1,2,2,122,Average Customer,Churned,364.0,United Kingdom,930.7,2010-05
15724,2010-11-04 10:22:00,2011-05-22 14:40:00,3,117,310.85,103.61666666666667,39.0,5.666666666666667,Retail,2,2,1,221,Average Customer,Churned,200.0,United Kingdom,310.85,2010-11
15725,2011-11-24 14:51:00,2011-11-24 14:51:00,1,221,415.25,415.25,221.0,32.0,Retail,3,1,1,311,Average Customer,Active,14.0,United Kingdom,415.25,2011-11
15726,2010-11-14 16:12:00,2010-11-14 16:12:00,1,123,321.91,321.91,123.0,23.0,Retail,1,1,1,111,At Risk / Lost Customer,Churned,389.0,United Kingdom,321.91,2010-11
15727,2010-01-24 12:12:00,2011-11-23 12:36:00,15,5908,9371.71,624.7806666666667,393.8666666666667,44.333333333333336,Retail,3,3,3,333,Best Customer,Active,16.0,United Kingdom,9371.71,2010-01
15728,2010-09-21 14:46:00,2010-11-25 10:39:00,2,132,544.6,272.3,66.0,6.0,Retail,1,1,2,112,At Risk / Lost Customer,Churned,379.0,United Kingdom,544.6,2010-09
15729,2010-11-01 13:44:00,2011-05-11 12:36:00,3,47,192.55,64.18333333333334,15.666666666666666,3.6666666666666665,Retail,2,2,1,221,Average Customer,Churned,212.0,United Kingdom,192.55,2010-11
15730,2010-10-04 14:15:00,2011-10-05 12:31:00,5,1061,1726.58,345.316,212.2,22.2,Retail,2,2,3,223,Loyal Customer,Active,65.0,United Kingdom,1726.58,2010-10
15731,2010-06-04 10:10:00,2010-06-04 10:10:00,1,122,125.3,125.3,122.0,8.0,Retail,1,1,1,111,At Risk / Lost Customer,Churned,553.0,United Kingdom,125.3,2010-06
15732,2010-02-04 10:10:00,2011-05-11 14:24:00,10,1264,1543.97,154.397,126.4,9.9,Retail,2,3,3,233,Loyal Customer,Churned,211.0,United Kingdom,1543.97,2010-02
15733,2011-03-02 09:05:00,2011-03-02 09:05:00,1,62,162.3,162.3,62.0,10.0,Retail,1,1,1,111,At Risk / Lost Customer,Churned,282.0,United Kingdom,162.3,2011-03
15734,2010-06-10 14:25:00,2011-08-17 10:50:00,4,516,2263.3,565.825,129.0,10.75,Retail,2,2,3,223,Loyal Customer,Active,114.0,United Kingdom,2263.3,2010-06
15735,2010-10-14 13:38:00,2010-10-14 13:38:00,1,206,327.68,327.68,206.0,19.0,Retail,1,1,1,111,At Risk / Lost Customer,Churned,420.0,United Kingdom,327.68,2010-10
15736,2010-09-30 14:19:00,2010-09-30 14:20:00,2,1208,1767.12,883.56,604.0,49.5,Wholesale,,,,,,,,,,
15737,2011-04-11 10:01:00,2011-11-25 11:21:00,8,597,1188.1200000000001,148.51500000000001,74.625,8.875,Retail,3,3,2,332,Loyal Customer,Active,14.0,United Kingdom,1188.1200000000001,2011-04
15738,2009-12-10 15:52:00,2011-11-21 08:26:00,41,9030,13043.32,318.12975609756097,220.2439024390244,11.731707317073171,Retail,3,3,3,333,Best Customer,Active,18.0,United Kingdom,13043.32,2009-12
15739,2011-10-04 13:42:00,2011-10-04 13:42:00,1,472,449.12,449.12,472.0,8.0,Retail,2,1,2,212,Average Customer,Active,65.0,United Kingdom,449.12,2011-10
15740,2011-10-21 14:29:00,2011-10-21 14:29:00,1,152,154.88,154.88,152.0,9.0,Retail,2,1,1,211,At Risk / Lost Customer,Active,48.0,United Kingdom,154.88,2011-10
15741,2010-03-31 11:55:00,2010-09-07 16:21:00,2,70,208.62,104.31,35.0,6.0,Retail,1,1,1,111,At Risk / Lost Customer,Churned,457.0,United Kingdom,208.62,2010-03
15742,2010-03-30 15:25:00,2010-03-30 15:25:00,1,51,156.87,156.87,51.0,41.0,Retail,1,1,1,111,At Risk / Lost Customer,Churned,618.0,United Kingdom,156.87,2010-03
15743,2011-06-08 10:14:00,2011-11-23 17:19:00,4,214,775.96,193.99,53.5,21.0,Retail,3,2,2,322,Loyal Customer,Active,15.0,United Kingdom,775.96,2011-06
15744,2011-09-23 09:52:00,2011-09-23 09:52:00,1,120,34.8,34.8,120.0,3.0,Retail,2,1,1,211,At Risk / Lost Customer,Active,77.0,United Kingdom,34.8,2011-09
15745,2011-04-17 13:04:00,2011-11-20 13:45:00,4,421,1094.59,273.6475,105.25,15.5,Retail,3,2,2,322,Loyal Customer,Active,18.0,United Kingdom,1094.59,2011-04
15746,2011-07-28 15:21:00,2011-07-28 15:21:00,1,178,196.88,196.88,178.0,28.0,Retail,2,1,1,211,At Risk / Lost Customer,Active,133.0,United Kingdom,196.88,2011-07
15747,2010-01-18 11:21:00,2011-11-27 12:26:00,9,1344,2499.81,277.75666666666666,149.33333333333334,23.333333333333332,Retail,3,3,3,333,Best Customer,Active,12.0,United Kingdom,2499.81,2010-01
15748,2010-09-16 16:52:00,2011-10-30 12:51:00,3,261,609.8100000000001,203.27,87.0,11.666666666666666,Retail,3,2,2,322,Loyal Customer,Active,39.0,United Kingdom,609.8100000000001,2010-09
15749,2011-01-11 12:55:00,2011-04-18 13:20:00,3,18028,44534.3,14844.766666666668,6009.333333333333,3.3333333333333335,Wholesale,,,,,,,,,,
15750,2009-12-01 17:19:00,2011-12-07 12:34:00,18,4281,6452.991,358.4995,237.83333333333334,34.55555555555556,Retail,3,3,3,333,Best Customer,Active,2.0,United Kingdom,6452.991,2009-12
15751,2009-12-06 13:08:00,2010-09-05 12:44:00,11,443,1380.44,125.49454545454546,40.27272727272727,11.818181818181818,Retail,1,3,2,132,Average Customer,Churned,460.0,United Kingdom,1380.44,2009-12
15752,2010-09-08 11:56:00,2011-10-31 11:37:00,9,2792,3924.91,436.1011111111111,310.22222222222223,64.11111111111111,Wholesale,,,,,,,,,,
15753,2011-02-08 12:41:00,2011-02-08 12:41:00,1,144,79.2,79.2,144.0,1.0,Retail,1,1,1,111,At Risk / Lost Customer,Churned,304.0,United Kingdom,79.2,2011-02
15754,2010-02-22 13:31:00,2011-10-19 14:40:00,9,1762,3037.61,337.51222222222225,195.77777777777777,14.555555555555555,Retail,2,3,3,233,Loyal Customer,Active,50.0,United Kingdom,3037.61,2010-02
15755,2009-12-04 08:24:00,2011-11-29 14:57:00,17,4034,5993.12,352.53647058823526,237.2941176470588,21.823529411764707,Retail,3,3,3,333,Best Customer,Active,9.0,United Kingdom,5993.12,2009-12
15756,2011-04-04 14:00:00,2011-10-09 13:30:00,4,241,528.01,132.0025,60.25,47.5,Retail,2,2,2,222,Average Customer,Active,60.0,United Kingdom,528.01,2011-04
15757,2010-06-10 13:47:00,2011-10-05 12:14:00,6,1757,2940.36,490.06,292.8333333333333,32.166666666666664,Retail,2,3,3,233,Loyal Customer,Active,65.0,United Kingdom,2940.36,2010-06
15758,2011-11-15 10:48:00,2011-11-15 10:48:00,1,47,205.25,205.25,47.0,9.0,Retail,3,1,1,311,Average Customer,Active,24.0,United Kingdom,205.25,2011-11
15759,2009-12-02 10:08:00,2011-05-05 15:13:00,7,523,830.9300000000001,118.70428571428572,74.71428571428571,2.4285714285714284,Retail,2,3,2,232,Loyal Customer,Churned,217.0,United Kingdom,830.9300000000001,2009-12
15760,2010-03-19 11:35:00,2010-03-19 11:45:00,2,2,13916.34,6958.17,1.0,1.0,Retail,1,1,3,113,Average Customer,Churned,630.0,Norway,13916.34,2010-03
15761,2010-09-23 09:33:00,2010-09-23 09:33:00,1,31,143.05,143.05,31.0,5.0,Retail,1,1,1,111,At Risk / Lost Customer,Churned,442.0,United Kingdom,143.05,2010-09
15762,2011-09-23 15:17:00,2011-10-05 16:15:00,2,251,583.75,291.875,125.5,18.5,Retail,2,1,2,212,Average Customer,Active,64.0,United Kingdom,583.75,2011-09
15763,2011-09-23 12:10:00,2011-11-08 09:44:00,2,271,1086.92,543.46,135.5,30.5,Retail,3,1,2,312,Average Customer,Active,31.0,United Kingdom,1086.92,2011-09
15764,2010-08-18 13:58:00,2011-09-12 17:58:00,8,2945,4503.08,562.885,368.125,31.125,Retail,2,3,3,233,Loyal Customer,Active,87.0,United Kingdom,4503.08,2010-08
15765,2010-02-11 10:25:00,2010-02-11 10:25:00,1,335,370.63,370.63,335.0,25.0,Retail,1,1,1,111,At Risk / Lost Customer,Churned,666.0,United Kingdom,370.63,2010-02
15766,2010-01-26 15:55:00,2011-10-06 17:03:00,3,334,831.06,277.02,111.33333333333333,8.666666666666666,Retail,2,2,2,222,Average Customer,Active,63.0,United Kingdom,831.06,2010-01
15768,2009-12-03 12:10:00,2011-08-16 10:48:00,34,4215,15308.89,450.2614705882353,123.97058823529412,34.6764705882353,Retail,2,3,3,233,Loyal Customer,Active,115.0,United Kingdom,15308.89,2009-12
15769,2009-12-11 09:58:00,2011-12-02 13:52:00,46,49068,88612.52,1926.3591304347826,1066.695652173913,4.8478260869565215,Wholesale,,,,,,,,,,
15770,2010-04-06 11:47:00,2010-04-06 11:47:00,1,67,321.45,321.45,67.0,18.0,Retail,1,1,1,111,At Risk / Lost Customer,Churned,612.0,United Kingdom,321.45,2010-04
15771,2010-01-15 12:14:00,2010-04-14 13:56:00,3,512,1006.54,335.5133333333333,170.66666666666666,9.333333333333334,Retail,1,2,2,122,Average Customer,Churned,603.0,United Kingdom,1006.54,2010-01
15772,2010-10-17 13:33:00,2010-10-17 13:33:00,1,110,280.88,280.88,110.0,16.0,Retail,1,1,1,111,At Risk / Lost Customer,Churned,417.0,United Kingdom,280.88,2010-10
15773,2010-10-26 15:27:00,2011-12-04 12:48:00,2,410,774.52,387.26,205.0,23.5,Retail,3,1,2,312,Average Customer,Active,5.0,United Kingdom,774.52,2010-10
15774,2010-02-21 12:57:00,2011-10-02 12:04:00,6,465,1288.34,214.72333333333333,77.5,18.166666666666668,Retail,2,3,2,232,Loyal Customer,Active,68.0,United Kingdom,1288.34,2010-02
15775,2010-03-18 07:32:00,2011-04-08 12:56:00,2,260,150.5,75.25,130.0,4.5,Retail,2,1,1,211,At Risk / Lost Customer,Churned,244.0,United Kingdom,150.5,2010-03
15776,2011-07-29 13:46:00,2011-07-29 13:46:00,1,138,241.62,241.62,138.0,18.0,Retail,2,1,1,211,At Risk / Lost Customer,Active,132.0,United Kingdom,241.62,2011-07
15777,2010-05-20 10:37:00,2011-04-12 16:43:00,7,599,1762.61,251.80142857142854,85.57142857142857,5.571428571428571,Retail,2,3,3,233,Loyal Customer,Churned,240.0,United Kingdom,1762.61,2010-05
15778,2010-10-04 15:10:00,2010-10-04 15:10:00,1,101,307.95,307.95,101.0,17.0,Retail,1,1,1,111,At Risk / Lost Customer,Churned,430.0,United Kingdom,307.95,2010-10
15779,2010-06-25 15:55:00,2010-09-02 16:40:00,2,20,124.08000000000001,62.040000000000006,10.0,4.0,Retail,1,1,1,111,At Risk / Lost Customer,Churned,462.0,United Kingdom,124.08000000000001,2010-06
15780,2010-12-17 11:43:00,2011-06-09 12:01:00,3,220,475.28000000000003,158.42666666666668,73.33333333333333,9.666666666666666,Retail,2,2,2,222,Average Customer,Churned,183.0,United Kingdom,475.28000000000003,2010-12
15781,2011-02-07 09:15:00,2011-11-14 14:57:00,3,180,345.46,115.15333333333332,60.0,6.666666666666667,Retail,3,2,1,321,Average Customer,Active,24.0,United Kingdom,345.46,2011-02
15782,2010-10-05 15:43:00,2011-11-30 10:49:00,4,1844,4014.1,1003.525,461.0,15.25,Retail,3,2,3,323,Loyal Customer,Active,9.0,United Kingdom,4014.1,2010-10
15783,2011-11-29 09:50:00,2011-11-29 09:50:00,1,212,246.3,246.3,212.0,14.0,Retail,3,1,1,311,Average Customer,Active,10.0,United Kingdom,246.3,2011-11
15784,2010-02-05 14:42:00,2010-08-29 10:38:00,2,381,848.3299999999999,424.16499999999996,190.5,21.5,Retail,1,1,2,112,At Risk / Lost Customer,Churned,467.0,United Kingdom,848.3299999999999,2010-02
15785,2009-12-15 16:28:00,2011-11-07 11:33:00,16,4479,5969.93,373.120625,279.9375,14.0625,Retail,3,3,3,333,Best Customer,Active,32.0,United Kingdom,5969.93,2009-12
15786,2010-06-21 10:13:00,2011-10-24 14:13:00,5,5957,8501.62,1700.324,1191.4,93.0,Wholesale,,,,,,,,,,
15787,2011-10-09 13:11:00,2011-11-13 14:55:00,3,534,933.26,311.08666666666664,178.0,64.33333333333333,Wholesale,,,,,,,,,,
15788,2010-07-19 12:48:00,2010-07-19 12:48:00,1,115,221.82999999999998,221.82999999999998,115.0,14.0,Retail,1,1,1,111,At Risk / Lost Customer,Churned,508.0,United Kingdom,221.82999999999998,2010-07
15789,2010-03-26 11:21:00,2010-12-16 14:35:00,6,2499,1962.01,327.00166666666667,416.5,23.0,Retail,1,3,3,133,Loyal Customer,Churned,357.0,United Kingdom,1962.01,2010-03
15790,2011-11-29 14:53:00,2011-11-29 14:53:00,1,113,218.75,218.75,113.0,34.0,Retail,3,1,1,311,Average Customer,Active,9.0,United Kingdom,218.75,2011-11
15791,2010-03-08 09:41:00,2011-10-27 10:14:00,5,1970,3608.34,721.668,394.0,33.4,Retail,2,2,3,223,Loyal Customer,Active,43.0,United Kingdom,3608.34,2010-03
15792,2010-03-31 09:42:00,2010-11-05 08:21:00,2,606,933.84,466.92,303.0,28.5,Retail,1,1,2,112,At Risk / Lost Customer,Churned,399.0,United Kingdom,933.84,2010-03
15793,2009-12-01 12:54:00,2011-11-25 09:31:00,8,1685,2399.57,299.94625,210.625,3.75,Retail,3,3,3,333,Best Customer,Active,14.0,United Kingdom,2399.57,2009-12
15794,2009-12-02 15:10:00,2009-12-03 13:04:00,2,288,777.0,388.5,144.0,7.5,Retail,1,1,2,112,At Risk / Lost Customer,Churned,735.0,United Kingdom,777.0,2009-12
15795,2010-01-18 11:31:00,2011-07-13 10:43:00,8,1411,1979.8700000000001,247.48375000000001,176.375,16.375,Retail,2,3,3,233,Loyal Customer,Churned,149.0,United Kingdom,1979.8700000000001,2010-01
15796,2010-03-31 13:10:00,2011-12-08 19:55:00,17,1733,5171.63,304.21352941176474,101.94117647058823,16.88235294117647,Retail,3,3,3,333,Best Customer,Active,0.0,United Kingdom,5171.63,2010-03
15797,2010-01-27 13:12:00,2011-08-18 17:04:00,6,1281,2821.08,470.18,213.5,2.0,Retail,2,3,3,233,Loyal Customer,Active,112.0,United Kingdom,2821.08,2010-01
15798,2010-01-27 11:55:00,2010-08-04 09:13:00,3,915,1535.37,511.78999999999996,305.0,27.666666666666668,Retail,1,2,3,123,Average Customer,Churned,492.0,United Kingdom,1535.37,2010-01
15799,2010-10-17 14:26:00,2011-09-25 12:46:00,4,1341,1421.34,355.335,335.25,37.25,Retail,2,2,3,223,Loyal Customer,Active,75.0,United Kingdom,1421.34,2010-10
15800,2010-03-31 13:17:00,2011-08-24 14:23:00,7,575,1227.07,175.29571428571427,82.14285714285714,32.57142857142857,Retail,2,3,2,232,Loyal Customer,Active,106.0,United Kingdom,1227.07,2010-03
15801,2011-08-22 09:53:00,2011-10-24 13:52:00,3,570,1063.95,354.65000000000003,190.0,21.333333333333332,Retail,2,2,2,222,Average Customer,Active,45.0,United Kingdom,1063.95,2011-08
15802,2011-07-20 11:38:00,2011-07-20 11:38:00,1,1,451.42,451.42,1.0,1.0,Retail,2,1,2,212,Average Customer,Churned,142.0,United Kingdom,451.42,2011-07
15803,2010-02-01 16:29:00,2011-10-19 14:56:00,4,1030,1929.66,482.415,257.5,12.75,Retail,2,2,3,223,Loyal Customer,Active,50.0,United Kingdom,1929.66,2010-02
15804,2011-05-25 10:12:00,2011-12-09 12:31:00,13,2567,4206.39,323.5684615384616,197.46153846153845,20.23076923076923,Retail,3,3,3,333,Best Customer,Active,0.0,United Kingdom,4206.39,2011-05
15805,2009-12-10 12:57:00,2011-11-16 16:32:00,30,6205,10148.93,338.29766666666666,206.83333333333334,17.633333333333333,Retail,3,3,3,333,Best Customer,Active,22.0,United Kingdom,10148.93,2009-12
15806,2011-03-08 09:24:00,2011-10-24 14:35:00,3,602,784.58,261.5266666666667,200.66666666666666,10.333333333333334,Retail,2,2,2,222,Average Customer,Active,45.0,United Kingdom,784.58,2011-03
15807,2010-02-11 15:32:00,2011-10-20 14:10:00,5,1532,1817.52,363.504,306.4,17.6,Retail,2,2,3,223,Loyal Customer,Active,49.0,United Kingdom,1817.52,2010-02
15808,2009-12-01 16:30:00,2011-02-06 14:33:00,21,6753,17180.25,818.1071428571429,321.57142857142856,36.142857142857146,Retail,1,3,3,133,Loyal Customer,Churned,305.0,United Kingdom,17180.25,2009-12
15809,2010-06-22 14:23:00,2011-11-03 16:40:00,7,700,1274.44,182.06285714285715,100.0,8.285714285714286,Retail,3,3,2,332,Loyal Customer,Active,35.0,United Kingdom,1274.44,2010-06
15810,2010-02-04 18:18:00,2011-09-22 09:38:00,8,1653,2999.04,374.88,206.625,20.75,Retail,2,3,3,233,Loyal Customer,Active,78.0,United Kingdom,2999.04,2010-02
15811,2010-11-16 16:46:00,2011-11-17 15:31:00,7,1781,3486.15,498.0214285714286,254.42857142857142,35.857142857142854,Retail,3,3,3,333,Best Customer,Active,21.0,United Kingdom,3486.15,2010-11
15812,2009-12-15 13:40:00,2011-08-24 14:19:00,12,3450,5201.47,433.4558333333334,287.5,10.333333333333334,Retail,2,3,3,233,Loyal Customer,Active,106.0,United Kingdom,5201.47,2009-12
15813,2011-04-14 09:09:00,2011-05-16 08:13:00,2,603,1303.9099999999999,651.9549999999999,301.5,20.0,Retail,2,1,2,212,Average Customer,Churned,207.0,United Kingdom,1303.9099999999999,2011-04
15814,2010-04-15 14:31:00,2011-11-23 08:17:00,6,1728,2634.44,439.0733333333333,288.0,16.333333333333332,Retail,3,3,3,333,Best Customer,Active,16.0,United Kingdom,2634.44,2010-04
15815,2011-03-25 08:43:00,2011-10-07 12:42:00,5,1856,2100.6,420.12,371.2,9.8,Retail,2,2,3,223,Loyal Customer,Active,63.0,United Kingdom,2100.6,2011-03
15816,2010-06-15 12:54:00,2010-06-15 13:36:00,2,54,144.14999999999998,72.07499999999999,27.0,5.5,Retail,1,1,1,111,At Risk / Lost Customer,Churned,541.0,United Kingdom,144.14999999999998,2010-06
15817,2010-06-14 13:31:00,2010-10-15 11:07:00,3,1596,2766.4,922.1333333333333,532.0,50.666666666666664,Wholesale,,,,,,,,,,
15818,2010-04-30 12:58:00,2010-04-30 12:58:00,1,284,340.5,340.5,284.0,11.0,Retail,1,1,1,111,At Risk / Lost Customer,Churned,587.0,United Kingdom,340.5,2010-04
15819,2010-03-18 11:08:00,2011-10-21 14:50:00,10,2928,3934.79,393.479,292.8,26.0,Retail,2,3,3,233,Loyal Customer,Active,48.0,United Kingdom,3934.79,2010-03
15820,2011-01-24 12:00:00,2011-01-24 12:00:00,1,128,206.98,206.98,128.0,17.0,Retail,1,1,1,111,At Risk / Lost Customer,Churned,319.0,United Kingdom,206.98,2011-01
15821,2011-10-09 13:28:00,2011-10-26 15:48:00,2,202,570.96,285.48,101.0,31.0,Retail,2,1,2,212,Average Customer,Active,43.0,United Kingdom,570.96,2011-10
15822,2009-12-06 15:12:00,2011-12-06 14:50:00,6,950,1840.06,306.6766666666667,158.33333333333334,10.5,Retail,3,3,3,333,Best Customer,Active,2.0,United Kingdom,1840.06,2009-12
15823,2009-12-08 15:12:00,2010-12-02 15:08:00,3,1774,3882.17,1294.0566666666666,591.3333333333334,51.666666666666664,Wholesale,,,,,,,,,,
15824,2010-06-25 15:10:00,2010-09-12 13:20:00,2,478,890.94,445.47,239.0,13.0,Retail,1,1,2,112,At Risk / Lost Customer,Churned,452.0,United Kingdom,890.94,2010-06
15825,2011-06-20 13:27:00,2011-06-20 13:27:00,1,220,532.94,532.94,220.0,20.0,Retail,2,1,2,212,Average Customer,Churned,171.0,United Kingdom,532.94,2011-06
15826,2010-05-20 17:00:00,2011-10-14 16:05:00,4,1824,2598.28,649.57,456.0,29.75,Retail,2,2,3,223,Loyal Customer,Active,55.0,United Kingdom,2598.28,2010-05
15827,2010-01-08 11:25:00,2011-09-27 15:35:00,28,1715,3603.14,128.6835714285714,61.25,7.75,Retail,2,3,3,233,Loyal Customer,Active,72.0,United Kingdom,3603.14,2010-01
15828,2010-11-29 16:41:00,2010-11-29 16:41:00,1,367,1108.82,1108.82,367.0,74.0,Wholesale,,,,,,,,,,
15829,2011-07-22 10:23:00,2011-09-01 16:45:00,2,996,636.14,318.07,498.0,25.5,Retail,2,1,2,212,Average Customer,Active,98.0,United Kingdom,636.14,2011-07
15830,2011-11-02 10:40:00,2011-11-02 10:40:00,1,415,576.0,576.0,415.0,39.0,Retail,3,1,2,312,Average Customer,Active,37.0,United Kingdom,576.0,2011-11
15831,2011-01-19 14:52:00,2011-10-12 13:14:00,3,1092,794.64,264.88,364.0,21.666666666666668,Retail,2,2,2,222,Average Customer,Active,57.0,United Kingdom,794.64,2011-01
15832,2011-03-30 15:29:00,2011-03-30 15:29:00,1,465,836.79,836.79,465.0,54.0,Wholesale,,,,,,,,,,
15833,2009-12-02 11:59:00,2009-12-02 11:59:00,1,24,80.4,80.4,24.0,5.0,Retail,1,1,1,111,At Risk / Lost Customer,Churned,737.0,United Kingdom,80.4,2009-12
15834,2010-10-11 14:05:00,2011-09-30 14:41:00,7,1815,3764.39,537.77,259.2857142857143,51.857142857142854,Retail,2,3,3,233,Loyal Customer,Active,69.0,United Kingdom,3764.39,2010-10
15835,2011-01-13 10:35:00,2011-10-26 15:47:00,4,439,954.09,238.5225,109.75,12.5,Retail,2,2,2,222,Average Customer,Active,43.0,United Kingdom,954.09,2011-01
15836,2011-10-20 17:13:00,2011-10-20 17:13:00,1,26,137.37,137.37,26.0,10.0,Retail,2,1,1,211,At Risk / Lost Customer,Active,49.0,United Kingdom,137.37,2011-10
15837,2010-08-11 10:16:00,2011-10-06 09:01:00,2,405,777.01,388.505,202.5,26.0,Retail,2,1,2,212,Average Customer,Active,64.0,United Kingdom,777.01,2010-08
15838,2009-12-15 09:51:00,2011-11-28 14:00:00,34,64114,73205.5,2153.1029411764707,1885.7058823529412,6.029411764705882,Wholesale,,,,,,,,,,
15839,2011-07-14 16:35:00,2011-11-06 13:54:00,3,675,1048.49,349.49666666666667,225.0,20.666666666666668,Retail,3,2,2,322,Loyal Customer,Active,32.0,United Kingdom,1048.49,2011-07
15840,2011-06-20 11:42:00,2011-10-12 09:08:00,2,396,355.56,177.78,198.0,13.5,Retail,2,1,1,211,At Risk / Lost Customer,Active,58.0,United Kingdom,355.56,2011-06
15841,2009-12-10 08:29:00,2011-09-28 12:15:00,9,2391,2742.41,304.7122222222222,265.6666666666667,10.222222222222221,Retail,2,3,3,233,Loyal Customer,Active,72.0,United Kingdom,2742.41,2009-12
15842,2010-06-30 09:06:00,2010-11-11 14:08:00,2,296,548.8,274.4,148.0,12.5,Retail,1,1,2,112,At Risk / Lost Customer,Churned,392.0,United Kingdom,548.8,2010-06
15843,2011-02-09 10:19:00,2011-02-09 10:19:00,1,27,118.95000000000002,118.95000000000002,27.0,8.0,Retail,1,1,1,111,At Risk / Lost Customer,Churned,303.0,United Kingdom,118.95000000000002,2011-02
15844,2011-10-24 15:19:00,2011-10-24 15:19:00,1,134,130.73999999999998,130.73999999999998,134.0,11.0,Retail,2,1,1,211,At Risk / Lost Customer,Active,45.0,United Kingdom,130.73999999999998,2011-10
15845,2010-01-26 14:44:00,2011-11-22 09:42:00,11,2128,4426.28,402.3890909090909,193.45454545454547,15.818181818181818,Retail,3,3,3,333,Best Customer,Active,17.0,United Kingdom,4426.28,2010-01
15846,2010-11-19 14:40:00,2010-11-19 14:40:00,1,79,107.01,107.01,79.0,27.0,Retail,1,1,1,111,At Risk / Lost Customer,Churned,384.0,United Kingdom,107.01,2010-11
15847,2010-03-08 08:47:00,2011-11-01 14:41:00,5,643,822.57,164.514,128.6,9.6,Retail,3,2,2,322,Loyal Customer,Active,37.0,United Kingdom,822.57,2010-03
15848,2010-03-28 10:54:00,2010-03-28 10:54:00,1,45,137.99,137.99,45.0,34.0,Retail,1,1,1,111,At Risk / Lost Customer,Churned,621.0,United Kingdom,137.99,2010-03
15850,2009-12-13 13:27:00,2011-11-20 14:14:00,6,1334,1006.75,167.79166666666666,222.33333333333334,49.166666666666664,Retail,3,3,2,332,Loyal Customer,Active,18.0,United Kingdom,1006.75,2009-12
15851,2010-07-01 12:34:00,2010-07-01 12:34:00,1,67,109.73,109.73,67.0,8.0,Retail,1,1,1,111,At Risk / Lost Customer,Churned,526.0,United Kingdom,109.73,2010-07
15852,2010-07-01 10:16:00,2011-06-06 11:22:00,3,60,257.26,85.75333333333333,20.0,11.0,Retail,2,2,1,221,Average Customer,Churned,186.0,United Kingdom,257.26,2010-07
15853,2011-10-19 10:38:00,2011-10-19 10:38:00,1,135,110.8,110.8,135.0,29.0,Retail,2,1,1,211,At Risk / Lost Customer,Active,51.0,United Kingdom,110.8,2011-10
15854,2009-12-10 12:08:00,2011-12-05 13:39:00,21,1691,5578.28,265.6323809523809,80.52380952380952,12.19047619047619,Retail,3,3,3,333,Best Customer,Active,3.0,United Kingdom,5578.28,2009-12
15855,2010-08-20 17:15:00,2011-07-26 10:20:00,6,712,1052.72,175.45333333333335,118.66666666666667,15.666666666666666,Retail,2,3,2,232,Loyal Customer,Active,136.0,United Kingdom,1052.72,2010-08
15856,2009-12-03 14:02:00,2011-12-05 17:09:00,52,19550,32275.95,620.6913461538462,375.96153846153845,20.923076923076923,Retail,3,3,3,333,Best Customer,Active,3.0,United Kingdom,32275.95,2009-12
15857,2010-10-05 16:43:00,2011-11-21 12:18:00,2,584,570.48,285.24,292.0,12.0,Retail,3,1,2,312,Average Customer,Active,18.0,United Kingdom,570.48,2010-10
15858,2009-12-10 11:42:00,2011-11-24 12:48:00,13,2715,3552.41,273.2623076923077,208.84615384615384,33.15384615384615,Retail,3,3,3,333,Best Customer,Active,15.0,United Kingdom,3552.41,2009-12
15859,2010-10-03 12:52:00,2010-10-03 12:52:00,1,174,438.46,438.46,174.0,22.0,Retail,1,1,2,112,At Risk / Lost Customer,Churned,431.0,United Kingdom,438.46,2010-10
15860,2009-12-06 12:31:00,2011-10-30 11:25:00,17,1259,2361.3,138.9,74.05882352941177,19.41176470588235,Retail,3,3,3,333,Best Customer,Active,40.0,United Kingdom,2361.3,2009-12
15861,2010-01-28 19:41:00,2011-11-27 15:59:00,12,3837,4369.2,364.09999999999997,319.75,64.91666666666667,Wholesale,,,,,,,,,,
15862,2009-12-17 11:33:00,2011-12-01 13:28:00,13,1520,2512.29,193.25307692307692,116.92307692307692,37.53846153846154,Retail,3,3,3,333,Best Customer,Active,7.0,United Kingdom,2512.29,2009-12
15863,2009-12-17 10:20:00,2011-11-14 12:49:00,5,162,355.1,71.02000000000001,32.4,15.4,Retail,3,2,1,321,Average Customer,Active,25.0,United Kingdom,355.1,2009-12
15864,2010-11-23 15:02:00,2011-11-17 13:32:00,7,1486,2180.76,311.5371428571429,212.28571428571428,3.2857142857142856,Retail,3,3,3,333,Best Customer,Active,21.0,United Kingdom,2180.76,2010-11
15865,2010-01-05 13:58:00,2011-10-30 12:43:00,5,1141,2241.42,448.284,228.2,25.2,Retail,3,2,3,323,Loyal Customer,Active,40.0,United Kingdom,2241.42,2010-01
15866,2011-08-30 14:09:00,2011-08-30 14:09:00,1,124,211.89,211.89,124.0,43.0,Retail,2,1,1,211,At Risk / Lost Customer,Active,100.0,United Kingdom,211.89,2011-08
15867,2009-12-14 15:16:00,2011-12-04 13:32:00,31,5067,8923.3,287.84838709677416,163.4516129032258,32.87096774193548,Retail,3,3,3,333,Best Customer,Active,4.0,United Kingdom,8923.3,2009-12
15868,2010-05-05 14:11:00,2010-05-05 14:11:00,1,57,94.53,94.53,57.0,4.0,Retail,1,1,1,111,At Risk / Lost Customer,Churned,582.0,United Kingdom,94.53,2010-05
15869,2010-03-23 16:50:00,2011-03-07 17:23:00,3,273,321.11,107.03666666666668,91.0,10.333333333333334,Retail,1,2,1,121,At Risk / Lost Customer,Churned,276.0,United Kingdom,321.11,2010-03
15870,2010-09-19 16:22:00,2011-11-07 10:58:00,4,504,857.46,214.365,126.0,33.75,Retail,3,2,2,322,Loyal Customer,Active,32.0,United Kingdom,857.46,2010-09
15871,2010-09-28 14:16:00,2010-09-28 14:16:00,1,5,33.099999999999994,33.099999999999994,5.0,5.0,Retail,1,1,1,111,At Risk / Lost Customer,Churned,436.0,United Kingdom,33.099999999999994,2010-09
15872,2010-06-07 14:53:00,2011-11-25 11:55:00,4,467,729.25,182.3125,116.75,43.25,Retail,3,2,2,322,Loyal Customer,Active,14.0,United Kingdom,729.25,2010-06
15873,2010-07-27 11:58:00,2010-07-28 12:41:00,4,1152,313.91999999999996,78.47999999999999,288.0,1.5,Retail,1,2,1,121,At Risk / Lost Customer,Churned,499.0,United Kingdom,313.91999999999996,2010-07
15874,2010-01-07 13:56:00,2011-10-07 12:31:00,21,5102,11284.76,537.3695238095238,242.95238095238096,16.047619047619047,Retail,2,3,3,233,Loyal Customer,Active,63.0,United Kingdom,11284.76,2010-01
15875,2010-03-03 16:51:00,2010-03-03 16:51:00,1,74,108.52,108.52,74.0,18.0,Retail,1,1,1,111,At Risk / Lost Customer,Churned,645.0,United Kingdom,108.52,2010-03
15876,2010-09-17 15:26:00,2010-10-26 18:58:00,2,886,1449.1399999999999,724.5699999999999,443.0,5.5,Retail,1,1,3,113,Average Customer,Churned,408.0,United Kingdom,1449.1399999999999,2010-09
15877,2011-11-22 11:18:00,2011-12-08 11:53:00,2,368,490.33,245.165,184.0,62.0,Wholesale,,,,,,,,,,
15878,2009-12-06 12:28:00,2010-05-27 12:17:00,2,243,330.77,165.385,121.5,25.0,Retail,1,1,1,111,At Risk / Lost Customer,Churned,561.0,United Kingdom,330.77,2009-12
15879,2009-12-17 19:54:00,2010-10-31 16:21:00,4,639,1137.8,284.45,159.75,44.25,Retail,1,2,2,122,Average Customer,Churned,403.0,United Kingdom,1137.8,2009-12
15880,2010-12-05 13:00:00,2010-12-05 13:00:00,1,202,329.03000000000003,329.03000000000003,202.0,95.0,Wholesale,,,,,,,,,,
15881,2010-12-10 13:32:00,2011-01-31 16:59:00,5,260,501.39000000000004,100.278,52.0,5.8,Retail,1,2,2,122,Average Customer,Churned,311.0,United Kingdom,501.39000000000004,2010-12
15882,2009-12-10 15:33:00,2011-05-25 11:35:00,8,650,1124.66,140.5825,81.25,7.375,Retail,2,3,2,232,Loyal Customer,Churned,198.0,United Kingdom,1124.66,2009-12
15883,2011-11-06 14:50:00,2011-12-07 17:05:00,2,223,396.48,198.24,111.5,24.5,Retail,3,1,1,311,Average Customer,Active,1.0,United Kingdom,396.48,2011-11
15884,2009-12-03 18:23:00,2010-10-03 15:55:00,2,152,244.60000000000002,122.30000000000001,76.0,7.0,Retail,1,1,1,111,At Risk / Lost Customer,Churned,431.0,United Kingdom,244.60000000000002,2009-12
15885,2010-01-21 12:47:00,2011-09-08 10:43:00,15,622,1951.82,130.12133333333333,41.46666666666667,7.666666666666667,Retail,2,3,3,233,Loyal Customer,Active,92.0,United Kingdom,1951.82,2010-01
15886,2010-04-20 15:03:00,2011-10-10 14:25:00,4,667,1052.8700000000001,263.21750000000003,166.75,15.5,Retail,2,2,2,222,Average Customer,Active,59.0,United Kingdom,1052.8700000000001,2010-04
15887,2010-06-02 11:53:00,2010-10-29 08:36:00,3,605,1027.15,342.3833333333334,201.66666666666666,12.333333333333334,Retail,1,2,2,122,Average Customer,Churned,406.0,United Kingdom,1027.15,2010-06
15888,2010-07-01 11:51:00,2011-09-20 12:30:00,3,139,429.16,143.05333333333334,46.333333333333336,12.666666666666666,Retail,2,2,2,222,Average Customer,Active,80.0,United Kingdom,429.16,2010-07
15889,2009-12-10 12:21:00,2011-07-06 11:10:00,8,800,1427.6,178.45,100.0,36.625,Retail,2,3,3,233,Loyal Customer,Churned,156.0,United Kingdom,1427.6,2009-12
15890,2010-04-14 08:43:00,2010-11-10 12:46:00,5,119,535.65,107.13,23.8,2.0,Retail,1,2,2,122,Average Customer,Churned,394.0,United Kingdom,535.65,2010-04
15891,2011-04-27 12:35:00,2011-04-27 12:35:00,1,418,511.68,511.68,418.0,60.0,Wholesale,,,,,,,,,,
15892,2010-02-08 16:23:00,2010-02-08 16:23:00,1,46,128.2,128.2,46.0,38.0,Retail,1,1,1,111,At Risk / Lost Customer,Churned,668.0,United Kingdom,128.2,2010-02
15893,2010-08-15 11:12:00,2010-08-15 11:12:00,1,288,305.28000000000003,305.28000000000003,288.0,1.0,Retail,1,1,1,111,At Risk / Lost Customer,Churned,481.0,United Kingdom,305.28000000000003,2010-08
15894,2010-12-05 14:06:00,2011-03-31 13:50:00,2,164,258.25,129.125,82.0,17.5,Retail,2,1,1,211,At Risk / Lost Customer,Churned,252.0,United Kingdom,258.25,2010-12
15895,2011-07-13 10:27:00,2011-07-13 10:27:00,1,94,179.17,179.17,94.0,11.0,Retail,2,1,1,211,At Risk / Lost Customer,Churned,149.0,United Kingdom,179.17,2011-07
15897,2011-05-29 13:32:00,2011-05-29 13:50:00,2,223,208.59,104.295,111.5,10.5,Retail,2,1,1,211,At Risk / Lost Customer,Churned,193.0,United Kingdom,208.59,2011-05
15898,2009-12-11 16:11:00,2011-12-08 15:23:00,25,2160,4996.45,199.858,86.4,24.52,Retail,3,3,3,333,Best Customer,Active,0.0,United Kingdom,4996.45,2009-12
15899,2010-12-06 10:36:00,2010-12-06 10:36:00,1,39,56.25,56.25,39.0,4.0,Retail,1,1,1,111,At Risk / Lost Customer,Churned,368.0,United Kingdom,56.25,2010-12
15900,2010-05-26 11:27:00,2011-11-16 12:19:00,4,656,886.5699999999999,221.64249999999998,164.0,30.5,Retail,3,2,2,322,Loyal Customer,Active,23.0,United Kingdom,886.5699999999999,2010-05
15901,2010-06-14 12:39:00,2011-11-23 12:43:00,7,695,687.72,98.24571428571429,99.28571428571429,23.0,Retail,3,3,2,332,Loyal Customer,Active,16.0,United Kingdom,687.72,2010-06
15902,2010-11-24 16:57:00,2010-11-24 16:57:00,1,124,145.01,145.01,124.0,18.0,Retail,1,1,1,111,At Risk / Lost Customer,Churned,379.0,United Kingdom,145.01,2010-11
15903,2010-01-14 10:57:00,2011-11-30 08:08:00,12,3926,8939.84,744.9866666666667,327.1666666666667,9.666666666666666,Retail,3,3,3,333,Best Customer,Active,9.0,United Kingdom,8939.84,2010-01
15904,2011-12-01 14:50:00,2011-12-01 14:50:00,1,84,164.68,164.68,84.0,30.0,Retail,3,1,1,311,Average Customer,Active,7.0,United Kingdom,164.68,2011-12
15905,2010-06-14 16:00:00,2010-06-14 16:00:00,1,82,114.69,114.69,82.0,22.0,Retail,1,1,1,111,At Risk / Lost Customer,Churned,542.0,United Kingdom,114.69,2010-06
15906,2010-09-15 12:17:00,2011-11-20 12:24:00,10,749,2530.19,253.019,74.9,19.9,Retail,3,3,3,333,Best Customer,Active,19.0,United Kingdom,2530.19,2010-09
15907,2011-05-13 13:01:00,2011-12-06 12:21:00,3,478,882.72,294.24,159.33333333333334,67.33333333333333,Wholesale,,,,,,,,,,
15908,2010-07-15 19:21:00,2010-08-06 11:56:00,2,173,758.62,379.31,86.5,18.5,Retail,1,1,2,112,At Risk / Lost Customer,Churned,490.0,United Kingdom,758.62,2010-07
15909,2011-06-19 10:38:00,2011-06-19 10:38:00,1,98,191.94,191.94,98.0,7.0,Retail,2,1,1,211,At Risk / Lost Customer,Churned,173.0,United Kingdom,191.94,2011-06
15910,2010-01-21 11:51:00,2011-12-09 10:51:00,15,2158,2661.17,177.41133333333335,143.86666666666667,39.13333333333333,Retail,3,3,3,333,Best Customer,Active,0.0,United Kingdom,2661.17,2010-01
15911,2009-12-09 13:26:00,2010-03-26 12:06:00,8,810,1700.24,212.53,101.25,32.0,Retail,1,3,3,133,Loyal Customer,Churned,623.0,United Kingdom,1700.24,2009-12
15912,2009-12-10 12:58:00,2011-06-14 14:29:00,9,759,1074.7,119.41111111111111,84.33333333333333,10.333333333333334,Retail,2,3,2,232,Loyal Customer,Churned,177.0,United Kingdom,1074.7,2009-12
15913,2010-06-23 16:31:00,2010-06-23 16:31:00,1,3,6.300000000000001,6.300000000000001,3.0,1.0,Retail,1,1,1,111,At Risk / Lost Customer,Churned,533.0,United Kingdom,6.300000000000001,2010-06
15914,2010-11-26 16:09:00,2010-11-26 16:10:00,2,149,205.99,102.995,74.5,6.5,Retail,1,1,1,111,At Risk / Lost Customer,Churned,377.0,United Kingdom,205.99,2010-11
15915,2010-11-03 11:13:00,2010-11-03 11:13:00,1,414,364.45,364.45,414.0,105.0,Wholesale,,,,,,,,,,
15916,2009-12-10 16:21:00,2011-11-23 13:46:00,13,1618,3145.2400000000002,241.94153846153847,124.46153846153847,22.692307692307693,Retail,3,3,3,333,Best Customer,Active,15.0,United Kingdom,3145.2400000000002,2009-12
15917,2009-12-02 14:55:00,2011-04-06 10:40:00,5,248,530.17,106.03399999999999,49.6,26.8,Retail,2,2,2,222,Average Customer,Churned,247.0,United Kingdom,530.17,2009-12
15918,2010-03-18 11:40:00,2011-06-02 11:42:00,3,240,582.88,194.29333333333332,80.0,20.0,Retail,2,2,2,222,Average Customer,Churned,190.0,United Kingdom,582.88,2010-03
15919,2010-12-06 11:26:00,2011-11-20 11:28:00,2,385,525.69,262.845,192.5,55.0,Wholesale,,,,,,,,,,
15920,2009-12-14 13:09:00,2011-07-08 15:31:00,9,238,569.14,63.23777777777778,26.444444444444443,11.555555555555555,Retail,2,3,2,232,Loyal Customer,Churned,153.0,United Kingdom,569.14,2009-12
15921,2010-03-09 11:03:00,2011-06-20 11:03:00,4,335,775.26,193.815,83.75,19.5,Retail,2,2,2,222,Average Customer,Churned,172.0,United Kingdom,775.26,2010-03
15922,2010-12-01 13:51:00,2010-12-01 13:51:00,1,138,369.5,369.5,138.0,11.0,Retail,1,1,1,111,At Risk / Lost Customer,Churned,372.0,United Kingdom,369.5,2010-12
15923,2010-12-02 12:16:00,2010-12-02 12:16:00,1,122,127.08,127.08,122.0,21.0,Retail,1,1,1,111,At Risk / Lost Customer,Churned,372.0,United Kingdom,127.08,2010-12
15924,2009-12-08 15:00:00,2009-12-08 15:00:00,1,103,102.82,102.82,103.0,14.0,Retail,1,1,1,111,At Risk / Lost Customer,Churned,730.0,United Kingdom,102.82,2009-12
15925,2011-05-29 15:35:00,2011-05-29 15:35:00,1,93,207.15,207.15,93.0,12.0,Retail,2,1,1,211,At Risk / Lost Customer,Churned,193.0,United Kingdom,207.15,2011-05
15926,2010-06-15 15:23:00,2010-06-15 15:23:00,1,155,134.44,134.44,155.0,7.0,Retail,1,1,1,111,At Risk / Lost Customer,Churned,541.0,United Kingdom,134.44,2010-06
15927,2010-03-02 13:25:00,2010-03-02 13:25:00,1,66,106.54,106.54,66.0,13.0,Retail,1,1,1,111,At Risk / Lost Customer,Churned,646.0,United Kingdom,106.54,2010-03
15928,2010-02-21 15:16:00,2010-02-21 15:16:00,1,164,293.53,293.53,164.0,11.0,Retail,1,1,1,111,At Risk / Lost Customer,Churned,655.0,United Kingdom,293.53,2010-02
15929,2010-03-05 14:56:00,2010-03-05 14:56:00,1,120,594.0,594.0,120.0,1.0,Retail,1,1,2,112,At Risk / Lost Customer,Churned,643.0,United Kingdom,594.0,2010-03
15930,2011-10-03 14:52:00,2011-10-03 14:52:00,1,139,426.63,426.63,139.0,21.0,Retail,2,1,2,212,Average Customer,Active,66.0,United Kingdom,426.63,2011-10
15931,2010-10-07 16:46:00,2010-10-07 16:46:00,1,118,239.9,239.9,118.0,14.0,Retail,1,1,1,111,At Risk / Lost Customer,Churned,427.0,United Kingdom,239.9,2010-10
15932,2011-02-23 14:50:00,2011-12-05 17:13:00,8,2325,2495.87,311.98375,290.625,14.375,Retail,3,3,3,333,Best Customer,Active,3.0,United Kingdom,2495.87,2011-02
15933,2011-09-14 12:05:00,2011-11-18 13:14:00,3,885,1107.46,369.15333333333336,295.0,24.666666666666668,Retail,3,2,2,322,Loyal Customer,Active,20.0,United Kingdom,1107.46,2011-09
15934,2010-10-06 12:08:00,2010-10-18 10:13:00,2,2166,2190.66,1095.33,1083.0,14.5,Wholesale,,,,,,,,,,
15935,2011-04-12 09:35:00,2011-04-14 13:27:00,2,115,416.86,208.43,57.5,6.0,Retail,2,1,1,211,At Risk / Lost Customer,Churned,238.0,United Kingdom,416.86,2011-04
15936,2010-08-29 11:42:00,2010-11-25 16:39:00,2,211,282.79,141.395,105.5,9.5,Retail,1,1,1,111,At Risk / Lost Customer,Churned,378.0,United Kingdom,282.79,2010-08
15937,2011-10-06 15:48:00,2011-10-06 15:48:00,1,73,145.35,145.35,73.0,7.0,Retail,2,1,1,211,At Risk / Lost Customer,Active,63.0,United Kingdom,145.35,2011-10
15938,2010-06-01 09:42:00,2011-08-19 12:56:00,9,449,734.81,81.64555555555555,49.888888888888886,4.333333333333333,Retail,2,3,2,232,Loyal Customer,Active,111.0,United Kingdom,734.81,2010-06
15939,2010-11-30 12:07:00,2011-09-11 11:30:00,16,6260,9060.39,566.274375,391.25,7.3125,Retail,2,3,3,233,Loyal Customer,Active,89.0,United Kingdom,9060.39,2010-11
15940,2011-02-01 16:18:00,2011-02-01 16:18:00,1,4,35.8,35.8,4.0,1.0,Retail,1,1,1,111,At Risk / Lost Customer,Churned,310.0,United Kingdom,35.8,2011-02
15941,2010-03-12 14:45:00,2010-03-12 14:45:00,1,60,405.0,405.0,60.0,6.0,Retail,1,1,1,111,At Risk / Lost Customer,Churned,636.0,United Kingdom,405.0,2010-03
15942,2011-07-29 09:01:00,2011-07-29 09:01:00,1,232,337.44,337.44,232.0,14.0,Retail,2,1,1,211,At Risk / Lost Customer,Active,133.0,United Kingdom,337.44,2011-07
15943,2010-01-31 11:04:00,2010-02-28 12:49:00,2,183,271.28999999999996,135.64499999999998,91.5,6.0,Retail,1,1,1,111,At Risk / Lost Customer,Churned,649.0,United Kingdom,271.28999999999996,2010-01
15944,2009-12-13 12:57:00,2011-03-08 10:33:00,4,859,2164.24,541.06,214.75,9.5,Retail,1,2,3,123,Average Customer,Churned,276.0,United Kingdom,2164.24,2009-12
15945,2009-12-01 13:47:00,2010-12-09 13:14:00,4,345,646.27,161.5675,86.25,7.0,Retail,1,2,2,122,Average Customer,Churned,364.0,United Kingdom,646.27,2009-12
15946,2010-03-16 10:49:00,2010-07-25 12:18:00,3,1614,2304.18,768.06,538.0,8.666666666666666,Wholesale,,,,,,,,,,
15947,2011-09-18 10:46:00,2011-09-18 10:46:00,1,898,1708.24,1708.24,898.0,29.0,Wholesale,,,,,,,,,,
15948,2010-10-11 12:16:00,2011-12-01 15:32:00,3,852,1509.0900000000001,503.03000000000003,284.0,31.666666666666668,Retail,3,2,3,323,Loyal Customer,Active,7.0,United Kingdom,1509.0900000000001,2010-10
15949,2011-09-29 17:34:00,2011-11-23 09:09:00,2,284,364.72,182.36,142.0,9.5,Retail,3,1,1,311,Average Customer,Active,16.0,United Kingdom,364.72,2011-09
15950,2010-01-26 11:39:00,2011-11-08 11:09:00,10,3354,7120.91,712.091,335.4,38.6,Retail,3,3,3,333,Best Customer,Active,31.0,United Kingdom,7120.91,2010-01
15951,2010-11-23 18:20:00,2011-12-01 08:34:00,3,420,1013.17,337.7233333333333,140.0,19.666666666666668,Retail,3,2,2,322,Loyal Customer,Active,8.0,United Kingdom,1013.17,2010-11
15952,2011-04-28 12:55:00,2011-11-06 11:18:00,4,391,781.91,195.4775,97.75,21.0,Retail,3,2,2,322,Loyal Customer,Active,33.0,United Kingdom,781.91,2011-04
15953,2009-12-03 14:00:00,2011-11-24 15:32:00,18,1741,3440.3399999999997,191.13,96.72222222222223,9.277777777777779,Retail,3,3,3,333,Best Customer,Active,14.0,United Kingdom,3440.3399999999997,2009-12
15954,2010-04-29 13:35:00,2010-04-29 13:35:00,1,119,190.75,190.75,119.0,20.0,Retail,1,1,1,111,At Risk / Lost Customer,Churned,588.0,United Kingdom,190.75,2010-04
15955,2010-02-23 16:36:00,2011-11-15 14:15:00,22,3967,8085.9800000000005,367.54454545454547,180.3181818181818,15.545454545454545,Retail,3,3,3,333,Best Customer,Active,23.0,United Kingdom,8085.9800000000005,2010-02
15956,2009-12-13 11:16:00,2010-06-06 13:06:00,2,278,617.6,308.8,139.0,9.0,Retail,1,1,2,112,At Risk / Lost Customer,Churned,550.0,United Kingdom,617.6,2009-12
15957,2010-10-15 12:11:00,2011-11-08 12:14:00,3,453,921.25,307.0833333333333,151.0,45.0,Retail,3,2,2,322,Loyal Customer,Active,31.0,United Kingdom,921.25,2010-10
15958,2010-06-07 10:59:00,2011-09-26 13:41:00,4,154,462.12,115.53,38.5,14.75,Retail,2,2,2,222,Average Customer,Active,73.0,United Kingdom,462.12,2010-06
15959,2010-01-26 16:19:00,2010-01-26 16:38:00,3,269,542.89,180.96333333333334,89.66666666666667,23.666666666666668,Retail,1,2,2,122,Average Customer,Churned,681.0,United Kingdom,542.89,2010-01
15960,2010-09-30 15:50:00,2010-11-30 15:57:00,4,258,410.95,102.7375,64.5,6.5,Retail,1,2,1,121,At Risk / Lost Customer,Churned,373.0,United Kingdom,410.95,2010-09
15961,2010-11-25 15:59:00,2010-11-25 15:59:00,1,154,451.28999999999996,451.28999999999996,154.0,42.0,Retail,1,1,2,112,At Risk / Lost Customer,Churned,378.0,United Kingdom,451.28999999999996,2010-11
15962,2010-09-16 13:48:00,2010-09-16 13:48:00,1,228,289.48,289.48,228.0,43.0,Retail,1,1,1,111,At Risk / Lost Customer,Churned,448.0,United Kingdom,289.48,2010-09
15963,2011-10-25 13:05:00,2011-11-20 11:33:00,2,298,470.76,235.38,149.0,14.0,Retail,3,1,2,312,Average Customer,Active,19.0,United Kingdom,470.76,2011-10
15964,2010-02-14 15:30:00,2010-02-14 15:30:00,1,93,269.21000000000004,269.21000000000004,93.0,20.0,Retail,1,1,1,111,At Risk / Lost Customer,Churned,662.0,United Kingdom,269.21000000000004,2010-02
15965,2009-12-03 11:45:00,2011-11-22 16:44:00,13,1313,2771.94,213.22615384615386,101.0,22.384615384615383,Retail,3,3,3,333,Best Customer,Active,16.0,United Kingdom,2771.94,2009-12
15966,2010-09-15 10:44:00,2010-09-15 10:44:00,1,275,426.53000000000003,426.53000000000003,275.0,27.0,Retail,1,1,2,112,At Risk / Lost Customer,Churned,450.0,United Kingdom,426.53000000000003,2010-09
15967,2009-12-01 13:29:00,2011-11-16 15:41:00,12,1183,2966.0,247.16666666666666,98.58333333333333,38.083333333333336,Retail,3,3,3,333,Best Customer,Active,22.0,United Kingdom,2966.0,2009-12
15968,2010-11-16 13:04:00,2010-11-16 13:04:00,1,247,404.55,404.55,247.0,70.0,Wholesale,,,,,,,,,,
15969,2010-07-05 13:10:00,2011-12-07 11:06:00,5,223,1127.05,225.41,44.6,7.0,Retail,3,2,2,322,Loyal Customer,Active,2.0,United Kingdom,1127.05,2010-07
15970,2010-04-20 11:30:00,2011-02-09 12:08:00,2,498,1017.32,508.66,249.0,12.0,Retail,1,1,2,112,At Risk / Lost Customer,Churned,303.0,United Kingdom,1017.32,2010-04
15971,2009-12-08 09:46:00,2011-11-22 12:50:00,18,2251,5902.83,327.935,125.05555555555556,2.2777777777777777,Retail,3,3,3,333,Best Customer,Active,17.0,United Kingdom,5902.83,2009-12
15972,2010-04-18 14:06:00,2010-09-09 13:20:00,5,468,1769.33,353.866,93.6,26.6,Retail,1,2,3,123,Average Customer,Churned,455.0,United Kingdom,1769.33,2010-04
15973,2010-10-06 15:00:00,2010-12-08 11:42:00,3,195,680.62,226.87333333333333,65.0,3.6666666666666665,Retail,1,2,2,122,Average Customer,Churned,366.0,United Kingdom,680.62,2010-10
15974,2011-02-24 10:10:00,2011-10-31 13:13:00,7,2262,3442.15,491.7357142857143,323.14285714285717,25.142857142857142,Retail,3,3,3,333,Best Customer,Active,38.0,United Kingdom,3442.15,2011-02
15975,2011-09-16 13:33:00,2011-09-16 13:33:00,1,243,371.01,371.01,243.0,24.0,Retail,2,1,1,211,At Risk / Lost Customer,Active,83.0,United Kingdom,371.01,2011-09
15976,2010-06-06 14:01:00,2011-06-27 13:00:00,6,1053,1694.41,282.4016666666667,175.5,60.0,Wholesale,,,,,,,,,,
15977,2011-10-31 16:24:00,2011-11-22 13:29:00,2,1016,1054.73,527.365,508.0,32.0,Wholesale,,,,,,,,,,
15978,2010-03-05 14:39:00,2011-09-23 15:21:00,3,2444,3279.42,1093.14,814.6666666666666,43.0,Wholesale,,,,,,,,,,
15979,2010-04-16 11:35:00,2010-04-16 11:35:00,1,450,329.22,329.22,450.0,22.0,Retail,1,1,1,111,At Risk / Lost Customer,Churned,602.0,United Kingdom,329.22,2010-04
15980,2010-06-01 14:40:00,2011-09-12 09:41:00,7,4822,6543.68,934.8114285714286,688.8571428571429,16.285714285714285,Wholesale,,,,,,,,,,
15981,2010-03-29 10:07:00,2011-11-15 08:00:00,21,4827,9362.77,445.8461904761905,229.85714285714286,13.714285714285714,Retail,3,3,3,333,Best Customer,Active,24.0,United Kingdom,9362.77,2010-03
15982,2010-04-13 15:47:00,2010-04-13 15:47:00,1,131,324.51,324.51,131.0,45.0,Retail,1,1,1,111,At Risk / Lost Customer,Churned,604.0,United Kingdom,324.51,2010-04
15983,2009-12-06 12:52:00,2011-11-17 17:34:00,8,1872,3110.37,388.79625,234.0,31.25,Retail,3,3,3,333,Best Customer,Active,21.0,United Kingdom,3110.37,2009-12
15984,2009-12-01 13:38:00,2011-12-07 12:16:00,30,5730,8393.02,279.76733333333334,191.0,21.733333333333334,Retail,3,3,3,333,Best Customer,Active,2.0,United Kingdom,8393.02,2009-12
15985,2010-05-27 15:51:00,2011-08-08 16:31:00,7,2750,2715.28,387.8971428571429,392.85714285714283,14.857142857142858,Retail,2,3,3,233,Loyal Customer,Active,122.0,United Kingdom,2715.28,2010-05
15986,2010-11-23 10:02:00,2011-11-09 15:17:00,2,368,354.42,177.21,184.0,12.5,Retail,3,1,1,311,Average Customer,Active,29.0,United Kingdom,354.42,2010-11
15987,2010-11-25 12:56:00,2011-11-27 15:38:00,8,1599,1535.99,191.99875,199.875,19.75,Retail,3,3,3,333,Best Customer,Active,11.0,United Kingdom,1535.99,2010-11
15988,2010-02-21 11:36:00,2011-11-20 13:23:00,3,476,738.89,246.29666666666665,158.66666666666666,40.0,Retail,3,2,2,322,Loyal Customer,Active,18.0,United Kingdom,738.89,2010-02
15989,2009-12-02 15:51:00,2010-11-29 12:03:00,2,169,368.31,184.155,84.5,41.5,Retail,1,1,1,111,At Risk / Lost Customer,Churned,375.0,United Kingdom,368.31,2009-12
15990,2010-02-28 12:30:00,2011-10-26 15:58:00,7,1086,1997.75,285.39285714285717,155.14285714285714,25.285714285714285,Retail,2,3,3,233,Loyal Customer,Active,43.0,United Kingdom,1997.75,2010-02
15991,2010-06-23 15:50:00,2010-06-23 15:50:00,1,41,150.55,150.55,41.0,6.0,Retail,1,1,1,111,At Risk / Lost Customer,Churned,533.0,United Kingdom,150.55,2010-06
15992,2010-09-12 11:52:00,2011-12-06 11:00:00,3,514,896.6,298.8666666666667,171.33333333333334,18.0,Retail,3,2,2,322,Loyal Customer,Active,3.0,United Kingdom,896.6,2010-09
15993,2011-10-26 16:21:00,2011-12-01 10:45:00,7,2037,2777.67,396.81,291.0,74.71428571428571,Wholesale,,,,,,,,,,
15994,2010-03-14 11:55:00,2011-10-16 12:28:00,3,462,1175.68,391.8933333333334,154.0,34.333333333333336,Retail,2,2,2,222,Average Customer,Active,54.0,United Kingdom,1175.68,2010-03
15995,2010-10-21 13:57:00,2010-10-21 13:57:00,1,352,694.54,694.54,352.0,108.0,Wholesale,,,,,,,,,,
15996,2010-11-07 15:49:00,2011-09-12 15:14:00,7,643,1386.4,198.05714285714288,91.85714285714286,24.428571428571427,Retail,2,3,2,232,Loyal Customer,Active,87.0,United Kingdom,1386.4,2010-11
15998,2009-12-01 11:45:00,2011-11-03 12:45:00,16,5350,8274.14,517.13375,334.375,87.9375,Wholesale,,,,,,,,,,
15999,2009-12-04 12:31:00,2009-12-04 12:31:00,1,24,20.4,20.4,24.0,1.0,Retail,1,1,1,111,At Risk / Lost Customer,Churned,735.0,United Kingdom,20.4,2009-12
16000,2011-12-07 12:14:00,2011-12-07 12:17:00,3,5110,12393.7,4131.233333333334,1703.3333333333333,3.0,Wholesale,,,,,,,,,,
16001,2010-11-23 17:10:00,2010-11-23 17:10:00,1,337,583.39,583.39,337.0,29.0,Retail,1,1,2,112,At Risk / Lost Customer,Churned,380.0,United Kingdom,583.39,2010-11
16002,2010-03-24 13:08:00,2010-03-24 13:08:00,1,70,169.21,169.21,70.0,42.0,Retail,1,1,1,111,At Risk / Lost Customer,Churned,624.0,United Kingdom,169.21,2010-03
16003,2009-12-03 18:51:00,2011-11-10 09:57:00,10,2210,5613.83,561.383,221.0,20.3,Retail,3,3,3,333,Best Customer,Active,29.0,United Kingdom,5613.83,2009-12
16004,2010-01-25 13:56:00,2010-08-22 11:48:00,5,1076,2146.39,429.27799999999996,215.2,18.0,Retail,1,2,3,123,Average Customer,Churned,474.0,United Kingdom,2146.39,2010-01
16005,2010-09-15 13:21:00,2011-11-27 13:47:00,10,1269,2365.4900000000002,236.54900000000004,126.9,47.6,Retail,3,3,3,333,Best Customer,Active,11.0,United Kingdom,2365.4900000000002,2010-09
16006,2010-11-17 12:03:00,2011-05-12 13:12:00,2,205,332.82,166.41,102.5,37.5,Retail,2,1,1,211,At Risk / Lost Customer,Churned,210.0,United Kingdom,332.82,2010-11
16007,2010-06-14 13:18:00,2011-10-23 11:05:00,7,2631,3053.06,436.15142857142854,375.85714285714283,92.14285714285714,Wholesale,,,,,,,,,,
16008,2010-03-19 11:07:00,2011-11-16 10:32:00,15,3237,5339.13,355.942,215.8,16.866666666666667,Retail,3,3,3,333,Best Customer,Active,23.0,United Kingdom,5339.13,2010-03
16009,2011-07-03 11:26:00,2011-11-17 16:51:00,4,366,972.11,243.0275,91.5,19.75,Retail,3,2,2,322,Loyal Customer,Active,21.0,United Kingdom,972.11,2011-07
16010,2010-10-24 10:54:00,2011-04-08 10:14:00,11,919,1694.86,154.0781818181818,83.54545454545455,25.09090909090909,Retail,2,3,3,233,Loyal Customer,Churned,245.0,United Kingdom,1694.86,2010-10
16011,2009-12-01 12:02:00,2011-12-01 16:31:00,29,3323,5601.01,193.13827586206898,114.58620689655173,14.344827586206897,Retail,3,3,3,333,Best Customer,Active,7.0,United Kingdom,5601.01,2009-12
16012,2010-06-28 11:39:00,2011-11-04 13:25:00,5,1760,2978.59,595.7180000000001,352.0,46.6,Retail,3,2,3,323,Loyal Customer,Active,34.0,United Kingdom,2978.59,2010-06
16013,2009-12-08 10:24:00,2011-12-06 10:36:00,84,25520,56078.44,667.6004761904762,303.8095238095238,2.5238095238095237,Retail,3,3,3,333,Best Customer,Active,3.0,United Kingdom,56078.44,2009-12
16014,2010-01-31 12:43:00,2011-11-02 12:04:00,5,462,1100.28,220.05599999999998,92.4,54.2,Wholesale,,,,,,,,,,
16015,2011-10-21 12:56:00,2011-12-06 10:58:00,3,907,704.55,234.85,302.3333333333333,58.666666666666664,Wholesale,,,,,,,,,,
16016,2010-11-02 13:27:00,2011-12-06 14:35:00,11,881,2083.4,189.4,80.0909090909091,25.727272727272727,Retail,3,3,3,333,Best Customer,Active,2.0,United Kingdom,2083.4,2010-11
16017,2010-01-05 12:06:00,2011-10-23 12:56:00,5,635,1545.58,309.116,127.0,24.2,Retail,2,2,3,223,Loyal Customer,Active,46.0,United Kingdom,1545.58,2010-01
16018,2009-12-07 13:57:00,2011-10-31 14:13:00,4,503,698.13,174.5325,125.75,14.0,Retail,3,2,2,322,Loyal Customer,Active,38.0,United Kingdom,698.13,2009-12
16019,2009-12-14 14:12:00,2011-10-24 11:51:00,27,6959,17329.16,641.8207407407407,257.74074074074076,14.925925925925926,Retail,2,3,3,233,Loyal Customer,Active,46.0,United Kingdom,17329.16,2009-12
16020,2011-10-05 13:54:00,2011-11-23 11:18:00,3,487,851.01,283.67,162.33333333333334,15.333333333333334,Retail,3,2,2,322,Loyal Customer,Active,16.0,United Kingdom,851.01,2011-10
16021,2010-06-13 11:05:00,2010-11-09 14:48:00,2,276,487.03,243.515,138.0,60.0,Wholesale,,,,,,,,,,
16022,2011-03-24 13:16:00,2011-03-24 13:16:00,1,255,602.63,602.63,255.0,68.0,Wholesale,,,,,,,,,,
16023,2011-03-18 13:32:00,2011-10-24 16:34:00,3,358,719.81,239.93666666666664,119.33333333333333,33.666666666666664,Retail,2,2,2,222,Average Customer,Active,45.0,United Kingdom,719.81,2011-03
16024,2010-10-24 11:40:00,2011-11-27 13:26:00,3,504,483.99,161.33,168.0,27.333333333333332,Retail,3,2,2,322,Loyal Customer,Active,11.0,United Kingdom,483.99,2010-10
16025,2011-11-10 11:45:00,2011-11-10 11:45:00,1,338,439.65999999999997,439.65999999999997,338.0,28.0,Retail,3,1,2,312,Average Customer,Active,29.0,United Kingdom,439.65999999999997,2011-11
16026,2011-10-27 13:53:00,2011-10-27 13:53:00,1,243,236.09,236.09,243.0,30.0,Retail,3,1,1,311,Average Customer,Active,42.0,United Kingdom,236.09,2011-10
16027,2010-01-08 13:21:00,2011-09-09 10:47:00,15,2099,2048.36,136.55733333333333,139.93333333333334,2.3333333333333335,Retail,2,3,3,233,Loyal Customer,Active,91.0,United Kingdom,2048.36,2010-01
16028,2010-04-23 11:45:00,2010-04-23 11:45:00,1,18,82.2,82.2,18.0,5.0,Retail,1,1,1,111,At Risk / Lost Customer,Churned,595.0,United Kingdom,82.2,2010-04
16029,2009-12-08 11:23:00,2011-11-01 10:27:00,107,54450,117763.62,1100.5945794392524,508.8785046728972,3.4485981308411215,Wholesale,,,,,,,,,,
16030,2011-02-03 11:28:00,2011-02-03 11:28:00,1,283,331.24,331.24,283.0,28.0,Retail,1,1,1,111,At Risk / Lost Customer,Churned,309.0,United Kingdom,331.24,2011-02
16031,2011-04-06 14:23:00,2011-09-08 13:07:00,2,421,547.9,273.95,210.5,48.0,Retail,2,1,2,212,Average Customer,Active,91.0,United Kingdom,547.9,2011-04
16032,2010-07-04 13:31:00,2010-09-09 18:00:00,6,1467,1965.72,327.62,244.5,34.0,Retail,1,3,3,133,Loyal Customer,Churned,455.0,United Kingdom,1965.72,2010-07
16033,2010-08-11 16:44:00,2011-12-04 12:44:00,27,4200,10608.81,392.9188888888889,155.55555555555554,49.96296296296296,Retail,3,3,3,333,Best Customer,Active,5.0,United Kingdom,10608.81,2010-08
16034,2010-10-26 13:00:00,2011-05-27 16:17:00,6,585,911.3199999999999,151.88666666666666,97.5,9.166666666666666,Retail,2,3,2,232,Loyal Customer,Churned,195.0,United Kingdom,911.3199999999999,2010-10
16035,2010-05-28 15:09:00,2010-05-28 15:09:00,1,33,217.73,217.73,33.0,21.0,Retail,1,1,1,111,At Risk / Lost Customer,Churned,559.0,United Kingdom,217.73,2010-05
16036,2010-03-29 14:47:00,2011-09-13 14:53:00,4,1369,2556.84,639.21,342.25,35.0,Retail,2,2,3,223,Loyal Customer,Active,86.0,United Kingdom,2556.84,2010-03
16037,2010-03-01 12:31:00,2011-03-15 09:13:00,5,766,1509.34,301.868,153.2,14.2,Retail,2,2,3,223,Loyal Customer,Churned,269.0,United Kingdom,1509.34,2010-03
16038,2011-05-22 11:29:00,2011-12-02 12:40:00,3,244,471.78000000000003,157.26000000000002,81.33333333333333,8.666666666666666,Retail,3,2,2,322,Loyal Customer,Active,7.0,United Kingdom,471.78000000000003,2011-05
16039,2010-03-21 15:17:00,2010-10-12 10:44:00,2,409,456.4,228.2,204.5,16.0,Retail,1,1,2,112,At Risk / Lost Customer,Churned,423.0,United Kingdom,456.4,2010-03
16040,2010-04-09 10:12:00,2011-10-05 13:47:00,7,1185,2416.9,345.2714285714286,169.28571428571428,17.857142857142858,Retail,2,3,3,233,Loyal Customer,Active,64.0,United Kingdom,2416.9,2010-04
16041,2011-07-21 16:27:00,2011-11-09 12:25:00,3,1584,3166.4,1055.4666666666667,528.0,2.0,Wholesale,,,,,,,,,,
16042,2010-09-12 12:00:00,2011-11-17 17:50:00,8,1430,2245.32,280.665,178.75,16.125,Retail,3,3,3,333,Best Customer,Active,21.0,United Kingdom,2245.32,2010-09
16043,2010-08-15 11:26:00,2011-11-02 12:50:00,8,1011,1856.5900000000001,232.07375000000002,126.375,9.125,Retail,3,3,3,333,Best Customer,Active,37.0,United Kingdom,1856.5900000000001,2010-08
16044,2010-09-30 18:12:00,2010-09-30 18:12:00,1,170,340.84000000000003,340.84000000000003,170.0,19.0,Retail,1,1,1,111,At Risk / Lost Customer,Churned,434.0,United Kingdom,340.84000000000003,2010-09
16045,2010-07-29 12:50:00,2011-08-12 12:41:00,8,2108,3434.9300000000003,429.36625000000004,263.5,18.5,Retail,2,3,3,233,Loyal Customer,Active,119.0,United Kingdom,3434.9300000000003,2010-07
16046,2010-05-26 13:18:00,2010-05-26 13:18:00,1,248,235.78,235.78,248.0,22.0,Retail,1,1,1,111,At Risk / Lost Customer,Churned,561.0,United Kingdom,235.78,2010-05
16047,2010-01-26 16:34:00,2010-01-26 16:34:00,1,1,107.14,107.14,1.0,1.0,Retail,1,1,1,111,At Risk / Lost Customer,Churned,681.0,EIRE,107.14,2010-01
16048,2010-06-08 12:36:00,2010-12-01 15:28:00,4,425,818.7900000000001,204.69750000000002,106.25,9.0,Retail,1,2,2,122,Average Customer,Churned,372.0,United Kingdom,818.7900000000001,2010-06
16049,2010-07-11 13:53:00,2011-10-30 13:19:00,6,1132,1852.15,308.69166666666666,188.66666666666666,77.0,Wholesale,,,,,,,,,,
16050,2010-11-03 15:55:00,2011-06-19 11:44:00,3,388,300.7,100.23333333333333,129.33333333333334,7.0,Retail,2,2,1,221,Average Customer,Churned,173.0,United Kingdom,300.7,2010-11
16051,2010-01-27 09:38:00,2010-01-27 09:38:00,1,80,188.44,188.44,80.0,12.0,Retail,1,1,1,111,At Risk / Lost Customer,Churned,681.0,United Kingdom,188.44,2010-01
16052,2011-10-16 15:13:00,2011-10-16 15:13:00,1,282,362.06,362.06,282.0,34.0,Retail,2,1,1,211,At Risk / Lost Customer,Active,53.0,United Kingdom,362.06,2011-10
16053,2010-04-08 11:11:00,2011-11-07 11:21:00,6,3067,3634.84,605.8066666666667,511.1666666666667,32.166666666666664,Wholesale,,,,,,,,,,
16054,2010-04-01 18:37:00,2011-07-17 13:08:00,4,791,2111.88,527.97,197.75,30.5,Retail,2,2,3,223,Loyal Customer,Churned,144.0,United Kingdom,2111.88,2010-04
16055,2011-05-03 09:26:00,2011-05-03 09:26:00,1,22,134.8,134.8,22.0,8.0,Retail,2,1,1,211,At Risk / Lost Customer,Churned,220.0,United Kingdom,134.8,2011-05
16056,2011-10-25 15:19:00,2011-10-25 15:19:00,1,345,650.75,650.75,345.0,66.0,Wholesale,,,,,,,,,,
16057,2010-01-07 17:11:00,2011-11-23 15:23:00,10,1691,3854.85,385.485,169.1,21.8,Retail,3,3,3,333,Best Customer,Active,15.0,United Kingdom,3854.85,2010-01
16058,2010-10-29 16:48:00,2010-10-29 16:48:00,1,18,62.7,62.7,18.0,2.0,Retail,1,1,1,111,At Risk / Lost Customer,Churned,405.0,United Kingdom,62.7,2010-10
16059,2010-05-19 13:04:00,2011-10-05 09:56:00,12,1431,3053.57,254.46416666666667,119.25,32.083333333333336,Retail,2,3,3,233,Loyal Customer,Active,65.0,United Kingdom,3053.57,2010-05
16060,2010-08-02 15:26:00,2010-11-04 12:10:00,3,243,541.95,180.65,81.0,8.0,Retail,1,2,2,122,Average Customer,Churned,400.0,United Kingdom,541.95,2010-08
16061,2010-10-04 15:29:00,2010-10-04 15:29:00,1,19,89.65,89.65,19.0,3.0,Retail,1,1,1,111,At Risk / Lost Customer,Churned,430.0,United Kingdom,89.65,2010-10
16062,2010-06-21 13:32:00,2011-11-30 12:15:00,8,2035,2863.45,357.93125,254.375,23.125,Retail,3,3,3,333,Best Customer,Active,9.0,United Kingdom,2863.45,2010-06
16063,2011-03-24 14:55:00,2011-03-24 14:56:00,1,262,335.32,335.32,262.0,23.0,Retail,2,1,1,211,At Risk / Lost Customer,Churned,259.0,United Kingdom,335.32,2011-03
16064,2009-12-14 16:11:00,2009-12-14 16:11:00,1,55,109.31,109.31,55.0,17.0,Retail,1,1,1,111,At Risk / Lost Customer,Churned,724.0,United Kingdom,109.31,2009-12
16065,2010-09-02 13:27:00,2010-12-09 13:03:00,8,1207,1992.13,249.01625,150.875,42.625,Retail,1,3,3,133,Loyal Customer,Churned,364.0,United Kingdom,1992.13,2010-09
16066,2011-08-07 14:33:00,2011-11-23 11:54:00,5,935,1521.04,304.20799999999997,187.0,20.0,Retail,3,2,3,323,Loyal Customer,Active,16.0,United Kingdom,1521.04,2011-08
16067,2010-02-02 18:01:00,2010-05-26 12:33:00,3,1236,3269.11,1089.7033333333334,412.0,22.0,Retail,1,2,3,123,Average Customer,Churned,562.0,United Kingdom,3269.11,2010-02
16068,2010-04-25 11:52:00,2010-04-25 11:52:00,1,48,115.73,115.73,48.0,34.0,Retail,1,1,1,111,At Risk / Lost Customer,Churned,593.0,United Kingdom,115.73,2010-04
16069,2010-10-18 10:32:00,2010-10-18 10:32:00,1,138,457.7,457.7,138.0,25.0,Retail,1,1,2,112,At Risk / Lost Customer,Churned,417.0,United Kingdom,457.7,2010-10
16070,2011-11-07 16:36:00,2011-11-17 15:50:00,2,457,852.15,426.075,228.5,16.5,Retail,3,1,2,312,Average Customer,Active,21.0,United Kingdom,852.15,2011-11
16071,2010-02-22 14:48:00,2011-10-26 11:14:00,4,697,1076.8,269.2,174.25,18.25,Retail,2,2,2,222,Average Customer,Active,44.0,United Kingdom,1076.8,2010-02
16072,2010-06-08 16:47:00,2011-02-24 14:32:00,4,1580,4180.09,1045.0225,395.0,126.0,Wholesale,,,,,,,,,,
16073,2011-02-15 15:41:00,2011-02-15 15:41:00,1,48,122.39999999999999,122.39999999999999,48.0,1.0,Retail,1,1,1,111,At Risk / Lost Customer,Churned,296.0,United Kingdom,122.39999999999999,2011-02
16074,2010-11-14 13:19:00,2010-11-14 13:19:00,1,38,252.5,252.5,38.0,23.0,Retail,1,1,1,111,At Risk / Lost Customer,Churned,389.0,United Kingdom,252.5,2010-11
16075,2010-05-24 15:57:00,2010-07-25 11:31:00,2,271,736.9300000000001,368.46500000000003,135.5,20.5,Retail,1,1,2,112,At Risk / Lost Customer,Churned,502.0,United Kingdom,736.9300000000001,2010-05
16076,2011-05-15 12:31:00,2011-12-06 14:59:00,10,1435,2234.73,223.473,143.5,12.8,Retail,3,3,3,333,Best Customer,Active,2.0,United Kingdom,2234.73,2011-05
16077,2010-03-24 10:42:00,2010-03-24 10:42:00,1,840,2300.4,2300.4,840.0,8.0,Wholesale,,,,,,,,,,
16078,2010-02-08 13:29:00,2011-03-01 09:47:00,2,200,362.99,181.495,100.0,19.5,Retail,1,1,1,111,At Risk / Lost Customer,Churned,283.0,United Kingdom,362.99,2010-02
16079,2011-10-30 13:06:00,2011-11-23 12:48:00,3,864,1352.0,450.6666666666667,288.0,7.0,Retail,3,2,2,322,Loyal Customer,Active,16.0,United Kingdom,1352.0,2011-10
16080,2010-09-15 14:19:00,2011-09-19 10:42:00,4,298,602.5600000000001,150.64000000000001,74.5,7.5,Retail,2,2,2,222,Average Customer,Active,81.0,United Kingdom,602.5600000000001,2010-09
16081,2010-02-03 12:46:00,2011-10-14 13:06:00,8,2177,4278.96,534.87,272.125,45.375,Retail,2,3,3,233,Loyal Customer,Active,55.0,United Kingdom,4278.96,2010-02
16082,2010-02-07 15:16:00,2010-02-07 15:16:00,1,39,106.75,106.75,39.0,16.0,Retail,1,1,1,111,At Risk / Lost Customer,Churned,669.0,United Kingdom,106.75,2010-02
16083,2010-11-16 11:53:00,2011-08-31 10:47:00,4,1514,2351.42,587.855,378.5,17.75,Retail,2,2,3,223,Loyal Customer,Active,100.0,United Kingdom,2351.42,2010-11
16084,2011-02-13 16:05:00,2011-02-13 16:05:00,1,216,436.18,436.18,216.0,38.0,Retail,1,1,2,112,At Risk / Lost Customer,Churned,298.0,United Kingdom,436.18,2011-02
16085,2010-01-20 14:03:00,2011-11-16 13:24:00,12,1382,2341.03,195.08583333333334,115.16666666666667,30.916666666666668,Retail,3,3,3,333,Best Customer,Active,22.0,United Kingdom,2341.03,2010-01
16086,2009-12-02 13:20:00,2011-10-11 13:09:00,10,1450,2687.73,268.773,145.0,12.9,Retail,2,3,3,233,Loyal Customer,Active,58.0,United Kingdom,2687.73,2009-12
16087,2010-01-19 12:30:00,2010-11-15 16:44:00,5,664,1739.92,347.98400000000004,132.8,2.0,Retail,1,2,3,123,Average Customer,Churned,388.0,United Kingdom,1739.92,2010-01
16088,2010-04-27 10:56:00,2010-05-13 10:16:00,2,373,1437.43,718.715,186.5,3.0,Retail,1,1,3,113,Average Customer,Churned,575.0,United Kingdom,1437.43,2010-04
16089,2010-07-18 15:51:00,2010-11-18 13:51:00,2,119,263.49,131.745,59.5,23.0,Retail,1,1,1,111,At Risk / Lost Customer,Churned,385.0,United Kingdom,263.49,2010-07
16090,2010-03-25 13:05:00,2010-03-25 13:05:00,1,58,180.56,180.56,58.0,18.0,Retail,1,1,1,111,At Risk / Lost Customer,Churned,623.0,United Kingdom,180.56,2010-03
16091,2011-05-25 09:18:00,2011-07-08 08:45:00,2,154,315.06,157.53,77.0,9.0,Retail,2,1,1,211,At Risk / Lost Customer,Churned,154.0,United Kingdom,315.06,2011-05
16092,2010-05-09 16:10:00,2011-08-17 10:46:00,6,1188,1587.94,264.6566666666667,198.0,15.0,Retail,2,3,3,233,Loyal Customer,Active,114.0,United Kingdom,1587.94,2010-05
16093,2011-08-25 11:09:00,2011-08-25 11:09:00,1,20,17.0,17.0,20.0,1.0,Retail,2,1,1,211,At Risk / Lost Customer,Active,106.0,United Kingdom,17.0,2011-08
16094,2010-04-16 14:00:00,2011-11-28 12:45:00,11,2020,3695.56,335.96,183.63636363636363,17.818181818181817,Retail,3,3,3,333,Best Customer,Active,11.0,United Kingdom,3695.56,2010-04
16095,2010-09-09 16:54:00,2010-09-09 16:54:00,1,265,447.05,447.05,265.0,30.0,Retail,1,1,2,112,At Risk / Lost Customer,Churned,455.0,United Kingdom,447.05,2010-09
16096,2010-03-04 15:44:00,2011-03-20 13:38:00,4,700,1584.97,396.2425,175.0,16.5,Retail,2,2,3,223,Loyal Customer,Churned,263.0,United Kingdom,1584.97,2010-03
16097,2011-04-13 13:47:00,2011-04-13 13:47:00,1,87,185.04999999999998,185.04999999999998,87.0,10.0,Retail,2,1,1,211,At Risk / Lost Customer,Churned,239.0,United Kingdom,185.04999999999998,2011-04
16098,2009-12-15 09:40:00,2011-09-13 09:59:00,14,2008,4010.7,286.4785714285714,143.42857142857142,10.642857142857142,Retail,2,3,3,233,Loyal Customer,Active,87.0,United Kingdom,4010.7,2009-12
16099,2010-03-03 11:13:00,2011-10-20 13:13:00,7,960,1573.2,224.74285714285716,137.14285714285714,9.857142857142858,Retail,2,3,3,233,Loyal Customer,Active,49.0,United Kingdom,1573.2,2010-03
16100,2010-09-03 11:39:00,2010-09-03 11:39:00,1,438,582.64,582.64,438.0,37.0,Retail,1,1,2,112,At Risk / Lost Customer,Churned,462.0,United Kingdom,582.64,2010-09
16101,2010-05-27 12:50:00,2011-09-30 10:18:00,4,1844,3229.16,807.29,461.0,48.0,Retail,2,2,3,223,Loyal Customer,Active,70.0,United Kingdom,3229.16,2010-05
16102,2011-08-03 12:50:00,2011-10-28 13:19:00,3,942,1842.14,614.0466666666667,314.0,19.0,Retail,3,2,3,323,Loyal Customer,Active,41.0,United Kingdom,1842.14,2011-08
16103,2010-01-08 12:08:00,2011-12-02 14:16:00,22,2639,6191.71,281.44136363636363,119.95454545454545,9.090909090909092,Retail,3,3,3,333,Best Customer,Active,6.0,United Kingdom,6191.71,2010-01
16104,2009-12-06 10:41:00,2011-10-09 10:23:00,9,1047,2774.46,308.2733333333333,116.33333333333333,25.666666666666668,Retail,2,3,3,233,Loyal Customer,Active,61.0,United Kingdom,2774.46,2009-12
16105,2010-04-14 13:27:00,2011-04-05 10:13:00,5,2125,2386.19,477.238,425.0,22.0,Retail,2,2,3,223,Loyal Customer,Churned,248.0,United Kingdom,2386.19,2010-04
16106,2011-10-05 10:37:00,2011-10-05 10:37:00,1,74,108.38,108.38,74.0,6.0,Retail,2,1,1,211,At Risk / Lost Customer,Active,65.0,United Kingdom,108.38,2011-10
16107,2011-06-09 18:42:00,2011-11-22 09:40:00,7,1176,3204.1600000000003,457.7371428571429,168.0,4.428571428571429,Retail,3,3,3,333,Best Customer,Active,17.0,United Kingdom,3204.1600000000003,2011-06
16108,2010-03-18 14:14:00,2011-09-16 11:48:00,4,1473,2235.92,558.98,368.25,33.75,Retail,2,2,3,223,Loyal Customer,Active,84.0,United Kingdom,2235.92,2010-03
16109,2010-01-10 10:37:00,2011-05-05 09:17:00,3,1092,939.48,313.16,364.0,10.333333333333334,Retail,2,2,2,222,Average Customer,Churned,218.0,United Kingdom,939.48,2010-01
16110,2010-07-05 13:04:00,2011-10-25 14:35:00,4,880,1781.59,445.3975,220.0,104.5,Wholesale,,,,,,,,,,
16111,2010-10-07 19:51:00,2010-10-07 19:51:00,1,233,549.33,549.33,233.0,72.0,Wholesale,,,,,,,,,,
16112,2011-01-05 11:47:00,2011-07-19 14:28:00,4,574,195.73999999999998,48.934999999999995,143.5,4.0,Retail,2,2,1,221,Average Customer,Churned,142.0,United Kingdom,195.73999999999998,2011-01
16113,2011-06-09 16:16:00,2011-06-09 16:16:00,1,176,161.38,161.38,176.0,30.0,Retail,2,1,1,211,At Risk / Lost Customer,Churned,182.0,United Kingdom,161.38,2011-06
16114,2011-06-22 10:13:00,2011-06-22 10:13:00,1,43,135.75000000000003,135.75000000000003,43.0,8.0,Retail,2,1,1,211,At Risk / Lost Customer,Churned,170.0,United Kingdom,135.75000000000003,2011-06
16115,2010-05-14 11:59:00,2011-11-30 11:32:00,12,1589,2553.8,212.8166666666667,132.41666666666666,34.333333333333336,Retail,3,3,3,333,Best Customer,Active,9.0,United Kingdom,2553.8,2010-05
16116,2011-05-12 12:01:00,2011-05-12 12:01:00,1,248,612.78,612.78,248.0,34.0,Retail,2,1,2,212,Average Customer,Churned,211.0,United Kingdom,612.78,2011-05
16117,2010-04-27 11:50:00,2011-06-03 11:42:00,3,321,654.4,218.13333333333333,107.0,29.666666666666668,Retail,2,2,2,222,Average Customer,Churned,189.0,United Kingdom,654.4,2010-04
16118,2010-02-25 09:40:00,2010-02-25 09:40:00,1,2851,4376.25,4376.25,2851.0,41.0,Wholesale,,,,,,,,,,
16119,2009-12-16 11:56:00,2011-12-01 15:11:00,8,811,1720.81,215.10125,101.375,6.75,Retail,3,3,3,333,Best Customer,Active,7.0,United Kingdom,1720.81,2009-12
16120,2010-10-13 15:07:00,2011-10-11 14:22:00,6,2161,2967.51,494.58500000000004,360.1666666666667,14.833333333333334,Retail,2,3,3,233,Loyal Customer,Active,58.0,United Kingdom,2967.51,2010-10
16121,2010-05-23 10:52:00,2011-10-13 12:59:00,5,879,1450.04,290.008,175.8,62.2,Wholesale,,,,,,,,,,
16122,2010-10-10 15:26:00,2011-09-27 15:34:00,6,1280,895.62,149.27,213.33333333333334,9.0,Retail,2,3,2,232,Loyal Customer,Active,72.0,United Kingdom,895.62,2010-10
16123,2011-10-19 09:18:00,2011-10-19 09:18:00,1,170,307.78,307.78,170.0,16.0,Retail,2,1,1,211,At Risk / Lost Customer,Active,51.0,United Kingdom,307.78,2011-10
16124,2009-12-07 10:33:00,2011-01-26 14:45:00,4,797,1772.49,443.1225,199.25,20.5,Retail,1,2,3,123,Average Customer,Churned,316.0,United Kingdom,1772.49,2009-12
16125,2009-12-14 15:38:00,2010-12-07 15:48:00,14,1819,4292.35,306.5964285714286,129.92857142857142,20.214285714285715,Retail,1,3,3,133,Loyal Customer,Churned,366.0,United Kingdom,4292.35,2009-12
16126,2009-12-02 13:34:00,2011-11-10 16:03:00,15,6152,14644.6,976.3066666666667,410.1333333333333,25.2,Retail,3,3,3,333,Best Customer,Active,28.0,United Kingdom,14644.6,2009-12
16127,2009-12-13 12:19:00,2011-10-31 13:58:00,2,391,801.31,400.655,195.5,37.5,Retail,3,1,2,312,Average Customer,Active,38.0,United Kingdom,801.31,2009-12
16128,2010-07-16 16:30:00,2011-11-22 11:14:00,11,2445,3801.05,345.55,222.27272727272728,16.545454545454547,Retail,3,3,3,333,Best Customer,Active,17.0,United Kingdom,3801.05,2010-07
16129,2010-07-20 12:32:00,2010-10-28 14:29:00,3,1261,1396.05,465.34999999999997,420.3333333333333,32.0,Retail,1,2,2,122,Average Customer,Churned,406.0,United Kingdom,1396.05,2010-07
16130,2010-04-01 13:58:00,2010-10-13 15:14:00,4,296,987.48,246.87,74.0,13.75,Retail,1,2,2,122,Average Customer,Churned,421.0,United Kingdom,987.48,2010-04
16131,2009-12-02 10:09:00,2011-10-19 11:53:00,12,4768,9957.42,829.785,397.3333333333333,18.25,Retail,2,3,3,233,Loyal Customer,Active,51.0,United Kingdom,9957.42,2009-12
16132,2010-03-22 10:25:00,2010-06-13 13:49:00,2,280,664.1999999999999,332.09999999999997,140.0,8.5,Retail,1,1,2,112,At Risk / Lost Customer,Churned,543.0,United Kingdom,664.1999999999999,2010-03
16133,2010-03-31 12:21:00,2011-12-06 11:24:00,56,13654,22992.260000000002,410.5760714285715,243.82142857142858,9.732142857142858,Retail,3,3,3,333,Best Customer,Active,3.0,United Kingdom,22992.260000000002,2010-03
16134,2010-06-17 09:48:00,2011-11-18 10:05:00,5,1637,2145.34,429.06800000000004,327.4,23.2,Retail,3,2,3,323,Loyal Customer,Active,21.0,United Kingdom,2145.34,2010-06
16135,2010-05-05 09:35:00,2011-03-22 12:30:00,2,395,819.45,409.725,197.5,19.5,Retail,2,1,2,212,Average Customer,Churned,262.0,United Kingdom,819.45,2010-05
16136,2010-02-14 12:49:00,2011-10-11 09:10:00,4,674,946.8,236.7,168.5,11.5,Retail,2,2,2,222,Average Customer,Active,59.0,United Kingdom,946.8,2010-02
16137,2010-01-28 15:04:00,2010-01-28 15:04:00,1,210,422.7,422.7,210.0,28.0,Retail,1,1,2,112,At Risk / Lost Customer,Churned,679.0,United Kingdom,422.7,2010-01
16138,2010-04-28 09:51:00,2010-11-26 12:13:00,3,774,910.35,303.45,258.0,12.333333333333334,Retail,1,2,2,122,Average Customer,Churned,378.0,United Kingdom,910.35,2010-04
16139,2009-12-03 13:51:00,2011-11-21 08:37:00,5,602,1111.15,222.23000000000002,120.4,11.4,Retail,3,2,2,322,Loyal Customer,Active,18.0,United Kingdom,1111.15,2009-12
16140,2010-09-24 12:03:00,2011-10-05 12:15:00,3,1272,1433.46,477.82,424.0,21.333333333333332,Retail,2,2,3,223,Loyal Customer,Active,65.0,United Kingdom,1433.46,2010-09
16141,2010-10-18 14:12:00,2011-09-12 13:11:00,2,410,955.94,477.97,205.0,25.0,Retail,2,1,2,212,Average Customer,Active,87.0,United Kingdom,955.94,2010-10
16142,2011-04-04 10:16:00,2011-04-04 10:16:00,1,422,535.34,535.34,422.0,37.0,Retail,2,1,2,212,Average Customer,Churned,249.0,United Kingdom,535.34,2011-04
16143,2009-12-10 09:44:00,2011-12-06 14:13:00,12,1866,4555.08,379.59,155.5,18.583333333333332,Retail,3,3,3,333,Best Customer,Active,2.0,United Kingdom,4555.08,2009-12
16144,2011-04-07 10:09:00,2011-04-07 10:09:00,1,16,175.2,175.2,16.0,1.0,Retail,2,1,1,211,At Risk / Lost Customer,Churned,246.0,United Kingdom,175.2,2011-04
16145,2010-05-04 13:31:00,2011-12-01 10:33:00,19,5270,6805.4400000000005,358.18105263157895,277.36842105263156,20.842105263157894,Retail,3,3,3,333,Best Customer,Active,8.0,United Kingdom,6805.4400000000005,2010-05
16146,2010-09-17 10:46:00,2011-07-05 14:20:00,4,544,946.38,236.595,136.0,10.25,Retail,2,2,2,222,Average Customer,Churned,156.0,United Kingdom,946.38,2010-09
16147,2010-02-05 12:26:00,2011-07-29 09:57:00,5,1395,2398.91,479.782,279.0,27.2,Retail,2,2,3,223,Loyal Customer,Active,133.0,United Kingdom,2398.91,2010-02
16148,2010-09-29 10:12:00,2011-02-16 14:01:00,2,250,386.62,193.31,125.0,4.5,Retail,1,1,1,111,At Risk / Lost Customer,Churned,295.0,United Kingdom,386.62,2010-09
16149,2010-10-06 15:54:00,2011-12-05 11:29:00,3,598,422.22,140.74,199.33333333333334,10.0,Retail,3,2,1,321,Average Customer,Active,4.0,United Kingdom,422.22,2010-10
16150,2009-12-17 15:33:00,2011-10-28 12:39:00,10,1990,4002.17,400.217,199.0,21.6,Retail,3,3,3,333,Best Customer,Active,42.0,United Kingdom,4002.17,2009-12
16152,2011-03-16 09:47:00,2011-03-16 09:47:00,1,642,1829.04,1829.04,642.0,29.0,Wholesale,,,,,,,,,,
16153,2010-05-26 12:41:00,2011-10-21 10:50:00,11,3693,5133.49,466.6809090909091,335.72727272727275,20.545454545454547,Retail,2,3,3,233,Loyal Customer,Active,49.0,United Kingdom,5133.49,2010-05
16155,2010-06-18 11:23:00,2010-11-23 12:03:00,5,495,796.9,159.38,99.0,9.6,Retail,1,2,2,122,Average Customer,Churned,381.0,United Kingdom,796.9,2010-06
16156,2009-12-02 17:06:00,2011-12-01 12:42:00,20,3205,6188.18,309.409,160.25,13.0,Retail,3,3,3,333,Best Customer,Active,8.0,United Kingdom,6188.18,2009-12
16157,2011-09-28 11:48:00,2011-11-24 11:41:00,3,347,656.69,218.89666666666668,115.66666666666667,6.0,Retail,3,2,2,322,Loyal Customer,Active,15.0,United Kingdom,656.69,2011-09
16158,2009-12-05 15:00:00,2010-07-05 13:55:00,9,182,628.32,69.81333333333333,20.22222222222222,3.888888888888889,Retail,1,3,2,132,Average Customer,Churned,521.0,United Kingdom,628.32,2009-12
16159,2009-12-03 11:51:00,2011-03-03 12:27:00,4,635,1232.79,308.1975,158.75,13.0,Retail,1,2,2,122,Average Customer,Churned,281.0,United Kingdom,1232.79,2009-12
16160,2011-09-15 10:53:00,2011-10-05 14:19:00,2,1162,1025.44,512.72,581.0,10.0,Wholesale,,,,,,,,,,
16161,2010-02-08 11:06:00,2011-12-08 12:10:00,43,6255,12580.06,292.5595348837209,145.46511627906978,26.046511627906977,Retail,3,3,3,333,Best Customer,Active,1.0,United Kingdom,12580.06,2010-02
16162,2011-04-01 15:03:00,2011-04-01 15:03:00,1,4,37.4,37.4,4.0,2.0,Retail,2,1,1,211,At Risk / Lost Customer,Churned,251.0,United Kingdom,37.4,2011-04
16163,2009-12-02 10:00:00,2011-04-21 15:15:00,6,676,2407.98,401.33,112.66666666666667,11.333333333333334,Retail,2,3,3,233,Loyal Customer,Churned,231.0,United Kingdom,2407.98,2009-12
16164,2011-10-28 09:12:00,2011-11-22 15:04:00,3,433,822.48,274.16,144.33333333333334,11.0,Retail,3,2,2,322,Loyal Customer,Active,16.0,United Kingdom,822.48,2011-10
16165,2010-07-22 14:17:00,2010-07-22 14:17:00,1,2,79.9,79.9,2.0,1.0,Retail,1,1,1,111,At Risk / Lost Customer,Churned,504.0,United Kingdom,79.9,2010-07
16166,2010-01-17 14:16:00,2010-10-07 15:44:00,2,173,435.83,217.915,86.5,11.0,Retail,1,1,2,112,At Risk / Lost Customer,Churned,427.0,United Kingdom,435.83,2010-01
16167,2009-12-01 10:46:00,2010-10-21 15:33:00,5,1494,1386.1200000000001,277.22400000000005,298.8,12.6,Retail,1,2,2,122,Average Customer,Churned,413.0,United Kingdom,1386.1200000000001,2009-12
16168,2009-12-03 12:38:00,2011-11-29 12:45:00,66,4975,10360.67,156.97984848484847,75.37878787878788,4.636363636363637,Retail,3,3,3,333,Best Customer,Active,10.0,United Kingdom,10360.67,2009-12
16169,2011-09-25 11:33:00,2011-12-01 15:28:00,4,1325,1822.97,455.7425,331.25,21.25,Retail,3,2,3,323,Loyal Customer,Active,7.0,United Kingdom,1822.97,2011-09
16170,2010-02-18 13:50:00,2011-10-20 08:21:00,20,6056,6869.0,343.45,302.8,22.0,Retail,2,3,3,233,Loyal Customer,Active,50.0,United Kingdom,6869.0,2010-02
16171,2011-10-11 14:51:00,2011-10-11 14:51:00,1,24,73.2,73.2,24.0,3.0,Retail,2,1,1,211,At Risk / Lost Customer,Active,58.0,United Kingdom,73.2,2011-10
16172,2010-07-14 15:34:00,2011-09-05 13:22:00,8,1419,1884.55,235.56875,177.375,14.125,Retail,2,3,3,233,Loyal Customer,Active,94.0,United Kingdom,1884.55,2010-07
16173,2011-09-02 15:23:00,2011-11-24 10:53:00,6,575,1418.32,236.38666666666666,95.83333333333333,14.0,Retail,3,3,3,333,Best Customer,Active,15.0,United Kingdom,1418.32,2011-09
16174,2010-04-15 15:12:00,2011-08-05 13:26:00,7,1431,2246.75,320.9642857142857,204.42857142857142,9.285714285714286,Retail,2,3,3,233,Loyal Customer,Active,125.0,United Kingdom,2246.75,2010-04
16175,2010-05-25 12:01:00,2011-09-06 14:32:00,7,932,1836.44,262.34857142857146,133.14285714285714,14.0,Retail,2,3,3,233,Loyal Customer,Active,93.0,United Kingdom,1836.44,2010-05
16176,2010-03-29 14:52:00,2010-10-14 13:54:00,4,952,2052.69,513.1725,238.0,18.0,Retail,1,2,3,123,Average Customer,Churned,420.0,United Kingdom,2052.69,2010-03
16177,2010-03-02 14:03:00,2011-10-20 12:57:00,8,1021,2247.31,280.91375,127.625,14.75,Retail,2,3,3,233,Loyal Customer,Active,49.0,United Kingdom,2247.31,2010-03
16178,2010-11-03 14:46:00,2011-07-24 16:05:00,2,304,612.6,306.3,152.0,12.5,Retail,2,1,2,212,Average Customer,Active,137.0,United Kingdom,612.6,2010-11
16179,2011-10-10 09:41:00,2011-10-10 09:41:00,1,99,215.83,215.83,99.0,11.0,Retail,2,1,1,211,At Risk / Lost Customer,Active,60.0,United Kingdom,215.83,2011-10
16180,2010-06-23 13:19:00,2011-08-31 16:28:00,13,9813,16249.87,1249.99,754.8461538461538,25.153846153846153,Wholesale,,,,,,,,,,
16181,2011-09-27 13:38:00,2011-09-27 13:38:00,1,152,305.54,305.54,152.0,11.0,Retail,2,1,1,211,At Risk / Lost Customer,Active,72.0,United Kingdom,305.54,2011-09
16182,2010-03-09 09:34:00,2011-09-28 13:23:00,9,5887,9971.65,1107.961111111111,654.1111111111111,5.666666666666667,Wholesale,,,,,,,,,,
16183,2010-10-28 14:43:00,2011-10-03 14:59:00,4,351,1077.81,269.4525,87.75,10.25,Retail,2,2,2,222,Average Customer,Active,66.0,United Kingdom,1077.81,2010-10
16184,2011-05-12 13:33:00,2011-10-06 17:43:00,6,561,1158.79,193.13166666666666,93.5,7.5,Retail,2,3,2,232,Loyal Customer,Active,63.0,United Kingdom,1158.79,2011-05
16185,2010-05-24 11:04:00,2011-11-23 09:41:00,3,321,644.72,214.90666666666667,107.0,13.333333333333334,Retail,3,2,2,322,Loyal Customer,Active,16.0,United Kingdom,644.72,2010-05
16186,2009-12-09 15:36:00,2011-11-17 12:43:00,26,6594,8718.43,335.3242307692308,253.6153846153846,19.423076923076923,Retail,3,3,3,333,Best Customer,Active,22.0,United Kingdom,8718.43,2009-12
16187,2011-02-28 13:34:00,2011-11-08 09:50:00,15,5048,6911.4400000000005,460.7626666666667,336.53333333333336,19.666666666666668,Retail,3,3,3,333,Best Customer,Active,31.0,United Kingdom,6911.4400000000005,2011-02
16188,2010-10-27 11:50:00,2011-10-26 12:19:00,5,838,1087.66,217.532,167.6,14.8,Retail,2,2,2,222,Average Customer,Active,44.0,United Kingdom,1087.66,2010-10
16189,2011-09-15 15:21:00,2011-11-24 11:47:00,2,134,215.48,107.74,67.0,5.5,Retail,3,1,1,311,Average Customer,Active,15.0,United Kingdom,215.48,2011-09
16190,2009-12-14 11:59:00,2011-10-30 15:59:00,8,1231,2723.55,340.44375,153.875,14.875,Retail,3,3,3,333,Best Customer,Active,39.0,United Kingdom,2723.55,2009-12
16191,2009-12-11 12:24:00,2011-12-07 11:26:00,24,9348,15677.82,653.2425,389.5,9.625,Retail,3,3,3,333,Best Customer,Active,2.0,United Kingdom,15677.82,2009-12
16192,2009-12-04 12:28:00,2009-12-04 12:28:00,1,208,351.3,351.3,208.0,11.0,Retail,1,1,1,111,At Risk / Lost Customer,Churned,735.0,United Kingdom,351.3,2009-12
16193,2010-10-25 10:25:00,2011-04-17 11:45:00,2,379,630.43,315.215,189.5,19.0,Retail,2,1,2,212,Average Customer,Churned,236.0,United Kingdom,630.43,2010-10
16194,2010-11-29 13:28:00,2010-11-29 13:28:00,1,140,308.59999999999997,308.59999999999997,140.0,8.0,Retail,1,1,1,111,At Risk / Lost Customer,Churned,374.0,United Kingdom,308.59999999999997,2010-11
16195,2009-12-16 14:09:00,2009-12-16 14:09:00,1,123,323.25,323.25,123.0,16.0,Retail,1,1,1,111,At Risk / Lost Customer,Churned,722.0,United Kingdom,323.25,2009-12
16196,2010-08-08 11:40:00,2010-08-08 11:40:00,1,26,93.3,93.3,26.0,4.0,Retail,1,1,1,111,At Risk / Lost Customer,Churned,488.0,United Kingdom,93.3,2010-08
16197,2009-12-16 11:44:00,2010-08-27 12:56:00,9,1420,2016.71,224.07888888888888,157.77777777777777,10.333333333333334,Retail,1,3,3,133,Loyal Customer,Churned,468.0,United Kingdom,2016.71,2009-12
16198,2010-09-28 13:59:00,2011-09-25 14:58:00,2,384,1030.0410000000002,515.0205000000001,192.0,16.5,Retail,2,1,2,212,Average Customer,Active,74.0,United Kingdom,1030.0410000000002,2010-09
16199,2010-03-18 18:47:00,2010-11-12 12:55:00,7,321,942.75,134.67857142857142,45.857142857142854,1.4285714285714286,Retail,1,3,2,132,Average Customer,Churned,391.0,United Kingdom,942.75,2010-03
16200,2009-12-02 15:04:00,2011-12-05 14:40:00,12,3068,5608.1,467.3416666666667,255.66666666666666,48.583333333333336,Retail,3,3,3,333,Best Customer,Active,3.0,United Kingdom,5608.1,2009-12
16201,2010-10-20 12:00:00,2011-12-06 16:02:00,5,1421,2112.12,422.424,284.2,24.8,Retail,3,2,3,323,Loyal Customer,Active,2.0,United Kingdom,2112.12,2010-10
16202,2009-12-02 10:48:00,2010-12-14 10:43:00,9,1307,2501.9900000000002,277.9988888888889,145.22222222222223,13.777777777777779,Retail,1,3,3,133,Loyal Customer,Churned,360.0,United Kingdom,2501.9900000000002,2009-12
16203,2010-07-23 13:09:00,2011-10-12 12:31:00,6,537,943.84,157.30666666666667,89.5,11.0,Retail,2,3,2,232,Loyal Customer,Active,58.0,United Kingdom,943.84,2010-07
16204,2009-12-08 17:44:00,2011-11-16 13:40:00,3,671,918.71,306.2366666666667,223.66666666666666,32.0,Retail,3,2,2,322,Loyal Customer,Active,22.0,United Kingdom,918.71,2009-12
16205,2010-06-15 11:58:00,2011-11-09 09:32:00,7,1452,1820.1100000000001,260.0157142857143,207.42857142857142,27.285714285714285,Retail,3,3,3,333,Best Customer,Active,30.0,United Kingdom,1820.1100000000001,2010-06
16206,2010-01-24 15:25:00,2011-10-16 10:41:00,13,1379,2589.87,199.22076923076924,106.07692307692308,18.307692307692307,Retail,2,3,3,233,Loyal Customer,Active,54.0,United Kingdom,2589.87,2010-01
16207,2011-11-14 13:51:00,2011-11-14 13:51:00,1,140,394.38,394.38,140.0,19.0,Retail,3,1,1,311,Average Customer,Active,24.0,United Kingdom,394.38,2011-11
16208,2010-02-24 14:24:00,2011-10-26 11:36:00,10,1541,3440.45,344.04499999999996,154.1,25.0,Retail,2,3,3,233,Loyal Customer,Active,44.0,United Kingdom,3440.45,2010-02
16209,2010-06-11 11:58:00,2011-09-12 11:58:00,9,1895,4146.78,460.75333333333333,210.55555555555554,7.444444444444445,Retail,2,3,3,233,Loyal Customer,Active,88.0,United Kingdom,4146.78,2010-06
16210,2009-12-02 12:54:00,2011-12-08 12:36:00,35,12397,33750.97,964.3134285714286,354.2,7.314285714285714,Retail,3,3,3,333,Best Customer,Active,1.0,United Kingdom,33750.97,2009-12
16211,2010-09-27 15:24:00,2011-09-12 12:11:00,3,519,1090.59,363.53,173.0,12.0,Retail,2,2,2,222,Average Customer,Active,88.0,United Kingdom,1090.59,2010-09
16212,2010-02-07 15:26:00,2011-11-20 13:00:00,4,571,1293.71,323.4275,142.75,19.5,Retail,3,2,2,322,Loyal Customer,Active,18.0,United Kingdom,1293.71,2010-02
16213,2011-09-22 10:03:00,2011-09-22 10:03:00,1,48,159.0,159.0,48.0,6.0,Retail,2,1,1,211,At Risk / Lost Customer,Active,78.0,United Kingdom,159.0,2011-09
16214,2010-09-30 13:57:00,2011-06-22 11:30:00,4,1308,2038.25,509.5625,327.0,24.5,Retail,2,2,3,223,Loyal Customer,Churned,170.0,United Kingdom,2038.25,2010-09
16215,2011-09-20 10:18:00,2011-09-20 10:18:00,1,104,242.35,242.35,104.0,14.0,Retail,2,1,1,211,At Risk / Lost Customer,Active,80.0,United Kingdom,242.35,2011-09
16216,2011-03-17 15:34:00,2011-03-17 15:34:00,1,254,914.9300000000001,914.9300000000001,254.0,37.0,Retail,2,1,2,212,Average Customer,Churned,266.0,United Kingdom,914.9300000000001,2011-03
16217,2011-03-02 15:28:00,2011-04-18 13:31:00,2,91,304.25,152.125,45.5,7.5,Retail,2,1,1,211,At Risk / Lost Customer,Churned,234.0,United Kingdom,304.25,2011-03
16218,2010-05-27 16:09:00,2011-11-10 09:59:00,13,2799,3968.67,305.2823076923077,215.30769230769232,10.461538461538462,Retail,3,3,3,333,Best Customer,Active,29.0,United Kingdom,3968.67,2010-05
16219,2010-07-27 11:44:00,2010-07-27 11:44:00,1,48,40.8,40.8,48.0,1.0,Retail,1,1,1,111,At Risk / Lost Customer,Churned,500.0,United Kingdom,40.8,2010-07
16221,2010-08-10 13:32:00,2011-11-03 11:43:00,9,1449,2019.92,224.43555555555557,161.0,25.77777777777778,Retail,3,3,3,333,Best Customer,Active,36.0,United Kingdom,2019.92,2010-08
16222,2009-12-18 14:31:00,2011-01-25 13:38:00,2,463,1272.05,636.025,231.5,71.5,Wholesale,,,,,,,,,,
16223,2010-11-09 12:07:00,2010-11-30 11:50:00,2,643,1087.05,543.525,321.5,61.0,Wholesale,,,,,,,,,,
16224,2010-11-17 13:14:00,2011-10-13 17:51:00,5,1555,1616.54,323.308,311.0,23.2,Retail,2,2,3,223,Loyal Customer,Active,56.0,United Kingdom,1616.54,2010-11
16225,2010-02-07 12:41:00,2011-10-26 08:30:00,15,1281,2859.31,190.62066666666666,85.4,19.733333333333334,Retail,2,3,3,233,Loyal Customer,Active,44.0,United Kingdom,2859.31,2010-02
16226,2010-10-22 11:19:00,2011-05-20 14:41:00,5,521,672.1700000000001,134.43400000000003,104.2,6.2,Retail,2,2,2,222,Average Customer,Churned,202.0,United Kingdom,672.1700000000001,2010-10
16227,2010-06-22 13:28:00,2011-04-28 13:33:00,3,436,1027.22,342.4066666666667,145.33333333333334,11.333333333333334,Retail,2,2,2,222,Average Customer,Churned,224.0,United Kingdom,1027.22,2010-06
16228,2010-11-04 18:54:00,2010-11-19 14:20:00,3,555,885.71,295.2366666666667,185.0,17.666666666666668,Retail,1,2,2,122,Average Customer,Churned,384.0,United Kingdom,885.71,2010-11
16229,2010-05-24 12:59:00,2011-09-13 17:16:00,6,1292,2867.86,477.9766666666667,215.33333333333334,29.333333333333332,Retail,2,3,3,233,Loyal Customer,Active,86.0,United Kingdom,2867.86,2010-05
16230,2011-05-03 15:12:00,2011-06-03 10:06:00,2,365,542.03,271.015,182.5,17.5,Retail,2,1,2,212,Average Customer,Churned,189.0,United Kingdom,542.03,2011-05
16231,2010-04-21 12:06:00,2010-11-25 15:00:00,4,563,1074.47,268.6175,140.75,24.25,Retail,1,2,2,122,Average Customer,Churned,378.0,United Kingdom,1074.47,2010-04
16232,2010-06-07 14:04:00,2011-10-27 12:16:00,7,1849,2712.97,387.5671428571428,264.14285714285717,15.0,Retail,2,3,3,233,Loyal Customer,Active,43.0,United Kingdom,2712.97,2010-06
16233,2009-12-02 13:23:00,2011-09-29 17:27:00,9,677,1818.31,202.03444444444443,75.22222222222223,8.11111111111111,Retail,2,3,3,233,Loyal Customer,Active,70.0,United Kingdom,1818.31,2009-12
16234,2010-05-27 10:39:00,2010-08-20 14:33:00,3,170,333.18,111.06,56.666666666666664,5.0,Retail,1,2,1,121,At Risk / Lost Customer,Churned,475.0,United Kingdom,333.18,2010-05
16235,2010-08-26 12:10:00,2011-10-30 10:56:00,9,788,2053.71,228.19,87.55555555555556,12.777777777777779,Retail,3,3,3,333,Best Customer,Active,40.0,United Kingdom,2053.71,2010-08
16236,2011-09-22 14:10:00,2011-09-22 14:10:00,1,184,432.2,432.2,184.0,20.0,Retail,2,1,2,212,Average Customer,Active,77.0,United Kingdom,432.2,2011-09
16237,2010-09-28 17:02:00,2010-09-28 17:02:00,1,57,136.65,136.65,57.0,7.0,Retail,1,1,1,111,At Risk / Lost Customer,Churned,436.0,United Kingdom,136.65,2010-09
16238,2010-10-13 12:36:00,2010-10-13 12:36:00,1,85,63.66,63.66,85.0,6.0,Retail,1,1,1,111,At Risk / Lost Customer,Churned,422.0,United Kingdom,63.66,2010-10
16239,2010-09-02 19:17:00,2011-10-14 08:29:00,6,692,1492.2,248.70000000000002,115.33333333333333,5.833333333333333,Retail,2,3,3,233,Loyal Customer,Active,56.0,United Kingdom,1492.2,2010-09
16240,2011-09-23 13:44:00,2011-11-15 14:30:00,2,1641,3718.8,1859.4,820.5,67.5,Wholesale,,,,,,,,,,
16241,2010-10-25 13:40:00,2011-11-30 11:08:00,16,2258,3992.86,249.55375,141.125,59.375,Wholesale,,,,,,,,,,
16242,2010-03-15 16:02:00,2011-12-01 15:12:00,14,3921,7404.65,528.9035714285714,280.07142857142856,46.5,Retail,3,3,3,333,Best Customer,Active,7.0,United Kingdom,7404.65,2010-03
16243,2011-10-16 12:09:00,2011-11-06 12:32:00,2,110,409.1,204.55,55.0,25.5,Retail,3,1,1,311,Average Customer,Active,33.0,United Kingdom,409.1,2011-10
16244,2010-12-02 11:41:00,2011-05-12 10:18:00,2,855,1522.75,761.375,427.5,45.5,Retail,2,1,3,213,Average Customer,Churned,211.0,United Kingdom,1522.75,2010-12
16245,2011-03-28 09:30:00,2011-11-16 10:14:00,3,1014,1413.66,471.22,338.0,30.0,Retail,3,2,2,322,Loyal Customer,Active,23.0,United Kingdom,1413.66,2011-03
16246,2010-02-08 12:32:00,2010-09-06 12:04:00,2,336,821.35,410.675,168.0,42.0,Retail,1,1,2,112,At Risk / Lost Customer,Churned,459.0,United Kingdom,821.35,2010-02
16247,2011-06-22 14:23:00,2011-06-22 14:23:00,1,182,114.56,114.56,182.0,16.0,Retail,2,1,1,211,At Risk / Lost Customer,Churned,169.0,United Kingdom,114.56,2011-06
16248,2011-10-09 11:32:00,2011-10-09 11:32:00,1,78,152.94,152.94,78.0,7.0,Retail,2,1,1,211,At Risk / Lost Customer,Active,61.0,United Kingdom,152.94,2011-10
16249,2011-04-14 13:50:00,2011-10-18 10:07:00,5,950,1800.07,360.014,190.0,13.8,Retail,2,2,3,223,Loyal Customer,Active,52.0,United Kingdom,1800.07,2011-04
16250,2010-11-18 10:43:00,2011-03-23 15:07:00,3,268,565.24,188.41333333333333,89.33333333333333,11.666666666666666,Retail,2,2,2,222,Average Customer,Churned,260.0,United Kingdom,565.24,2010-11
16251,2010-07-15 14:55:00,2010-07-15 14:55:00,1,44,128.31,128.31,44.0,20.0,Retail,1,1,1,111,At Risk / Lost Customer,Churned,511.0,United Kingdom,128.31,2010-07
16252,2010-11-22 11:57:00,2010-11-22 11:57:00,1,158,295.09000000000003,295.09000000000003,158.0,21.0,Retail,1,1,1,111,At Risk / Lost Customer,Churned,382.0,United Kingdom,295.09000000000003,2010-11
16253,2009-12-08 17:24:00,2011-10-04 09:09:00,7,6030,7272.2,1038.8857142857144,861.4285714285714,41.142857142857146,Wholesale,,,,,,,,,,
16254,2010-03-17 15:43:00,2010-11-26 13:22:00,3,543,967.44,322.48,181.0,24.666666666666668,Retail,1,2,2,122,Average Customer,Churned,377.0,United Kingdom,967.44,2010-03
16255,2010-01-24 12:21:00,2011-11-23 12:40:00,15,2876,4530.0,302.0,191.73333333333332,33.6,Retail,3,3,3,333,Best Customer,Active,16.0,United Kingdom,4530.0,2010-01
16256,2010-04-21 10:34:00,2011-03-18 12:18:00,3,1590,1629.37,543.1233333333333,530.0,9.666666666666666,Wholesale,,,,,,,,,,
16257,2011-06-16 10:11:00,2011-06-16 10:11:00,1,2,46.95,46.95,2.0,2.0,Retail,2,1,1,211,At Risk / Lost Customer,Churned,176.0,United Kingdom,46.95,2011-06
16258,2010-03-10 14:19:00,2011-10-25 13:30:00,15,7200,11942.52,796.168,480.0,22.933333333333334,Retail,2,3,3,233,Loyal Customer,Active,44.0,United Kingdom,11942.52,2010-03
16259,2010-04-13 16:57:00,2010-10-25 14:27:00,3,143,340.94,113.64666666666666,47.666666666666664,26.666666666666668,Retail,1,2,1,121,At Risk / Lost Customer,Churned,409.0,United Kingdom,340.94,2010-04
16260,2011-10-20 09:40:00,2011-10-20 09:40:00,1,311,1035.45,1035.45,311.0,18.0,Retail,2,1,2,212,Average Customer,Active,50.0,United Kingdom,1035.45,2011-10
16261,2010-09-23 16:40:00,2011-11-22 17:23:00,6,454,1041.16,173.52666666666667,75.66666666666667,26.5,Retail,3,3,2,332,Loyal Customer,Active,16.0,United Kingdom,1041.16,2010-09
16262,2010-11-26 13:22:00,2010-11-26 13:22:00,1,446,755.15,755.15,446.0,46.0,Retail,1,1,2,112,At Risk / Lost Customer,Churned,377.0,United Kingdom,755.15,2010-11
16263,2010-10-12 14:52:00,2010-10-12 14:52:00,1,197,348.16,348.16,197.0,19.0,Retail,1,1,1,111,At Risk / Lost Customer,Churned,422.0,United Kingdom,348.16,2010-10
16264,2010-09-19 16:14:00,2010-09-27 15:00:00,2,616,823.53,411.765,308.0,31.5,Retail,1,1,2,112,At Risk / Lost Customer,Churned,437.0,United Kingdom,823.53,2010-09
16265,2010-10-28 15:18:00,2011-11-30 16:41:00,12,3214,6935.17,577.9308333333333,267.8333333333333,28.083333333333332,Retail,3,3,3,333,Best Customer,Active,8.0,United Kingdom,6935.17,2010-10
16266,2010-02-04 16:21:00,2011-09-27 12:08:00,14,791,1757.95,125.56785714285715,56.5,7.714285714285714,Retail,2,3,3,233,Loyal Customer,Active,73.0,United Kingdom,1757.95,2010-02
16267,2010-04-27 14:10:00,2010-04-27 14:10:00,1,198,186.66,186.66,198.0,7.0,Retail,1,1,1,111,At Risk / Lost Customer,Churned,590.0,United Kingdom,186.66,2010-04
16268,2011-09-29 18:30:00,2011-09-29 18:30:00,2,533,667.65,333.825,266.5,22.5,Retail,2,1,2,212,Average Customer,Active,70.0,United Kingdom,667.65,2011-09
16269,2010-09-28 11:50:00,2010-09-28 11:50:00,1,579,717.57,717.57,579.0,53.0,Wholesale,,,,,,,,,,
16270,2010-12-21 14:26:00,2010-12-21 14:26:00,1,688,1141.24,1141.24,688.0,54.0,Wholesale,,,,,,,,,,
16271,2010-03-07 12:03:00,2011-12-07 12:45:00,10,2359,3397.82,339.78200000000004,235.9,28.5,Retail,3,3,3,333,Best Customer,Active,2.0,United Kingdom,3397.82,2010-03
16272,2011-08-15 10:53:00,2011-08-15 10:54:00,1,224,411.7,411.7,224.0,25.0,Retail,2,1,1,211,At Risk / Lost Customer,Active,116.0,United Kingdom,411.7,2011-08
16273,2010-02-21 16:02:00,2010-03-01 13:24:00,2,40,318.34000000000003,159.17000000000002,20.0,7.5,Retail,1,1,1,111,At Risk / Lost Customer,Churned,647.0,United Kingdom,318.34000000000003,2010-02
16274,2010-12-01 15:35:00,2010-12-01 15:35:00,1,153,351.75,351.75,153.0,64.0,Wholesale,,,,,,,,,,
16275,2010-03-08 14:41:00,2011-05-27 12:41:00,3,1268,2151.11,717.0366666666667,422.6666666666667,37.0,Retail,2,2,3,223,Loyal Customer,Churned,196.0,United Kingdom,2151.11,2010-03
16276,2010-04-11 12:02:00,2011-06-16 09:34:00,3,1467,2629.3900000000003,876.4633333333335,489.0,8.666666666666666,Retail,2,2,3,223,Loyal Customer,Churned,176.0,United Kingdom,2629.3900000000003,2010-04
16277,2009-12-06 11:27:00,2009-12-06 11:27:00,1,33,188.69,188.69,33.0,23.0,Retail,1,1,1,111,At Risk / Lost Customer,Churned,733.0,United Kingdom,188.69,2009-12
16278,2010-07-28 15:40:00,2011-08-31 17:12:00,3,342,1117.84,372.6133333333333,114.0,18.333333333333332,Retail,2,2,2,222,Average Customer,Active,99.0,United Kingdom,1117.84,2010-07
16279,2010-04-22 14:09:00,2011-11-18 15:00:00,9,3683,5698.28,633.1422222222222,409.22222222222223,38.55555555555556,Retail,3,3,3,333,Best Customer,Active,20.0,United Kingdom,5698.28,2010-04
16280,2009-12-14 15:49:00,2009-12-14 15:49:00,1,101,238.05,238.05,101.0,16.0,Retail,1,1,1,111,At Risk / Lost Customer,Churned,724.0,United Kingdom,238.05,2009-12
16281,2010-01-26 13:41:00,2011-09-28 14:57:00,3,1570,3424.02,1141.34,523.3333333333334,13.0,Wholesale,,,,,,,,,,
16282,2009-12-21 11:52:00,2011-01-04 11:42:00,3,790,1307.58,435.85999999999996,263.3333333333333,11.0,Retail,1,2,2,122,Average Customer,Churned,339.0,United Kingdom,1307.58,2009-12
16283,2010-02-28 14:12:00,2011-12-04 12:08:00,8,2867,4350.32,543.79,358.375,70.25,Wholesale,,,,,,,,,,
16284,2010-11-11 13:27:00,2011-11-08 16:12:00,3,674,1018.48,339.49333333333334,224.66666666666666,42.333333333333336,Retail,3,2,2,322,Loyal Customer,Active,30.0,United Kingdom,1018.48,2010-11
16285,2010-03-03 16:03:00,2010-03-03 16:03:00,1,60,176.9,176.9,60.0,31.0,Retail,1,1,1,111,At Risk / Lost Customer,Churned,645.0,United Kingdom,176.9,2010-03
16286,2010-03-26 09:58:00,2010-08-19 14:48:00,2,101,328.95,164.475,50.5,8.5,Retail,1,1,1,111,At Risk / Lost Customer,Churned,476.0,United Kingdom,328.95,2010-03
16287,2010-01-19 09:46:00,2011-06-23 09:08:00,5,1426,1006.98,201.39600000000002,285.2,8.4,Retail,2,2,2,222,Average Customer,Churned,169.0,United Kingdom,1006.98,2010-01
16288,2010-08-26 14:45:00,2010-08-26 14:45:00,1,19,129.85,129.85,19.0,7.0,Retail,1,1,1,111,At Risk / Lost Customer,Churned,469.0,United Kingdom,129.85,2010-08
16289,2010-09-03 14:02:00,2010-09-03 14:02:00,1,97,136.31,136.31,97.0,21.0,Retail,1,1,1,111,At Risk / Lost Customer,Churned,461.0,United Kingdom,136.31,2010-09
16290,2010-05-23 11:46:00,2010-09-01 11:52:00,4,957,1957.7,489.425,239.25,30.5,Retail,1,2,3,123,Average Customer,Churned,464.0,United Kingdom,1957.7,2010-05
16291,2010-01-26 16:26:00,2010-01-26 16:26:00,1,1,117.72,117.72,1.0,1.0,Retail,1,1,1,111,At Risk / Lost Customer,Churned,681.0,Portugal,117.72,2010-01
16292,2010-04-14 13:29:00,2011-08-10 12:24:00,5,688,1253.76,250.752,137.6,12.4,Retail,2,2,2,222,Average Customer,Active,121.0,United Kingdom,1253.76,2010-04
16293,2009-12-11 09:58:00,2011-11-18 09:58:00,15,1833,4279.2,285.28,122.2,15.0,Retail,3,3,3,333,Best Customer,Active,21.0,United Kingdom,4279.2,2009-12
16294,2010-08-20 12:01:00,2010-08-20 12:01:00,1,54,126.05000000000001,126.05000000000001,54.0,8.0,Retail,1,1,1,111,At Risk / Lost Customer,Churned,476.0,United Kingdom,126.05000000000001,2010-08
16295,2011-10-06 10:45:00,2011-11-30 08:17:00,4,841,1328.55,332.1375,210.25,19.75,Retail,3,2,2,322,Loyal Customer,Active,9.0,United Kingdom,1328.55,2011-10
16296,2009-12-18 12:03:00,2010-03-23 13:11:00,4,645,1313.67,328.4175,161.25,18.5,Retail,1,2,2,122,Average Customer,Churned,625.0,United Kingdom,1313.67,2009-12
16297,2011-03-16 08:29:00,2011-03-16 08:29:00,1,206,301.9,301.9,206.0,20.0,Retail,2,1,1,211,At Risk / Lost Customer,Churned,268.0,United Kingdom,301.9,2011-03
16298,2010-09-23 15:23:00,2011-11-17 11:59:00,7,308,1085.7,155.1,44.0,6.714285714285714,Retail,3,3,2,332,Loyal Customer,Active,22.0,United Kingdom,1085.7,2010-09
16299,2010-08-19 17:46:00,2010-08-19 17:46:00,1,107,193.65,193.65,107.0,12.0,Retail,1,1,1,111,At Risk / Lost Customer,Churned,476.0,United Kingdom,193.65,2010-08
16300,2010-02-02 11:40:00,2010-10-05 13:14:00,3,643,1367.32,455.7733333333333,214.33333333333334,77.0,Wholesale,,,,,,,,,,
16301,2009-12-03 10:20:00,2009-12-03 10:20:00,1,41,107.33,107.33,41.0,6.0,Retail,1,1,1,111,At Risk / Lost Customer,Churned,736.0,United Kingdom,107.33,2009-12
16302,2011-08-05 09:44:00,2011-08-05 09:44:00,1,158,233.22,233.22,158.0,11.0,Retail,2,1,1,211,At Risk / Lost Customer,Active,126.0,United Kingdom,233.22,2011-08
16303,2010-03-18 14:12:00,2011-11-14 10:49:00,7,3859,7928.27,1132.6100000000001,551.2857142857143,40.857142857142854,Wholesale,,,,,,,,,,
16304,2010-01-14 08:30:00,2010-01-14 08:30:00,1,228,381.66,381.66,228.0,25.0,Retail,1,1,1,111,At Risk / Lost Customer,Churned,694.0,United Kingdom,381.66,2010-01
16305,2011-07-24 12:18:00,2011-07-24 12:18:00,1,256,361.21999999999997,361.21999999999997,256.0,22.0,Retail,2,1,1,211,At Risk / Lost Customer,Active,138.0,United Kingdom,361.21999999999997,2011-07
16306,2010-10-01 09:36:00,2011-05-10 12:12:00,7,712,1124.72,160.67428571428573,101.71428571428571,9.571428571428571,Retail,2,3,2,232,Loyal Customer,Churned,213.0,United Kingdom,1124.72,2010-10
16307,2010-05-11 14:40:00,2010-10-06 14:31:00,3,1123,1194.92,398.3066666666667,374.3333333333333,25.0,Retail,1,2,2,122,Average Customer,Churned,428.0,United Kingdom,1194.92,2010-05
16308,2009-12-15 15:48:00,2011-11-02 11:24:00,7,16000,5120.0,731.4285714285714,2285.714285714286,1.0,Wholesale,,,,,,,,,,
16309,2011-04-13 11:46:00,2011-08-25 15:35:00,2,467,706.57,353.285,233.5,21.0,Retail,2,1,2,212,Average Customer,Active,105.0,United Kingdom,706.57,2011-04
16310,2010-03-07 15:41:00,2010-10-21 14:47:00,2,270,460.08,230.04,135.0,14.0,Retail,1,1,2,112,At Risk / Lost Customer,Churned,413.0,United Kingdom,460.08,2010-03
16311,2011-10-21 13:13:00,2011-11-22 08:54:00,2,394,616.26,308.13,197.0,18.5,Retail,3,1,2,312,Average Customer,Active,17.0,United Kingdom,616.26,2011-10
16312,2010-10-03 14:15:00,2010-10-03 14:15:00,1,53,171.15,171.15,53.0,10.0,Retail,1,1,1,111,At Risk / Lost Customer,Churned,431.0,United Kingdom,171.15,2010-10
16313,2011-10-21 09:04:00,2011-12-06 13:02:00,2,165,274.15000000000003,137.07500000000002,82.5,8.0,Retail,3,1,1,311,Average Customer,Active,2.0,United Kingdom,274.15000000000003,2011-10
16314,2010-08-24 11:52:00,2010-11-15 12:06:00,3,636,1491.4,497.1333333333334,212.0,20.666666666666668,Retail,1,2,3,123,Average Customer,Churned,389.0,United Kingdom,1491.4,2010-08
16315,2010-06-21 13:53:00,2011-01-13 11:57:00,2,143,402.71,201.355,71.5,11.5,Retail,1,1,1,111,At Risk / Lost Customer,Churned,330.0,United Kingdom,402.71,2010-06
16316,2010-08-03 14:38:00,2011-10-06 13:48:00,13,3057,5744.91,441.91615384615386,235.15384615384616,22.846153846153847,Retail,2,3,3,233,Loyal Customer,Active,63.0,United Kingdom,5744.91,2010-08
16317,2010-05-04 10:17:00,2011-08-12 12:46:00,5,1236,2192.51,438.50200000000007,247.2,23.4,Retail,2,2,3,223,Loyal Customer,Active,119.0,United Kingdom,2192.51,2010-05
16318,2011-11-04 13:05:00,2011-11-04 13:05:00,1,199,328.15,328.15,199.0,19.0,Retail,3,1,1,311,Average Customer,Active,34.0,United Kingdom,328.15,2011-11
16319,2011-05-06 11:27:00,2011-05-06 11:27:00,1,72,404.40000000000003,404.40000000000003,72.0,3.0,Retail,2,1,1,211,At Risk / Lost Customer,Churned,217.0,United Kingdom,404.40000000000003,2011-05
16320,2010-01-27 13:29:00,2011-06-20 15:25:00,6,3319,5628.99,938.165,553.1666666666666,40.166666666666664,Wholesale,,,,,,,,,,
16321,2009-12-01 10:36:00,2011-09-28 14:55:00,7,259,604.5500000000001,86.36428571428573,37.0,3.2857142857142856,Retail,2,3,2,232,Loyal Customer,Active,71.0,Australia,604.5500000000001,2009-12
16322,2011-11-03 14:33:00,2011-12-08 15:41:00,2,231,326.75,163.375,115.5,17.5,Retail,3,1,1,311,Average Customer,Active,0.0,United Kingdom,326.75,2011-11
16323,2010-05-11 09:48:00,2011-05-27 14:48:00,2,146,353.66,176.83,73.0,2.0,Retail,2,1,1,211,At Risk / Lost Customer,Churned,195.0,United Kingdom,353.66,2010-05
16324,2011-06-15 14:26:00,2011-08-03 12:58:00,3,270,408.59000000000003,136.1966666666667,90.0,36.0,Retail,2,2,1,221,Average Customer,Active,127.0,United Kingdom,408.59000000000003,2011-06
16325,2009-12-04 13:21:00,2011-10-24 08:48:00,12,2464,3597.5,299.7916666666667,205.33333333333334,11.5,Retail,2,3,3,233,Loyal Customer,Active,46.0,United Kingdom,3597.5,2009-12
16326,2010-01-28 13:23:00,2011-12-04 10:11:00,24,1083,4721.25,196.71875,45.125,18.958333333333332,Retail,3,3,3,333,Best Customer,Active,5.0,United Kingdom,4721.25,2010-01
16327,2009-12-14 13:06:00,2011-11-25 13:23:00,16,8124,10159.64,634.9775,507.75,54.5,Wholesale,,,,,,,,,,
16328,2010-05-25 14:02:00,2010-05-25 14:02:00,1,141,310.83,310.83,141.0,16.0,Retail,1,1,1,111,At Risk / Lost Customer,Churned,562.0,United Kingdom,310.83,2010-05
16329,2009-12-01 11:34:00,2010-10-08 12:44:00,4,797,1664.92,416.23,199.25,24.5,Retail,1,2,3,123,Average Customer,Churned,427.0,United Kingdom,1664.92,2009-12
16330,2010-02-15 12:36:00,2011-11-22 12:24:00,7,326,625.38,89.34,46.57142857142857,16.285714285714285,Retail,3,3,2,332,Loyal Customer,Active,17.0,United Kingdom,625.38,2010-02
16331,2010-03-07 10:55:00,2010-10-03 13:47:00,6,756,2037.7,339.6166666666667,126.0,5.666666666666667,Retail,1,3,3,133,Loyal Customer,Churned,431.0,United Kingdom,2037.7,2010-03
16332,2010-04-29 13:41:00,2011-11-11 14:22:00,11,1128,2000.01,181.8190909090909,102.54545454545455,17.636363636363637,Retail,3,3,3,333,Best Customer,Active,27.0,United Kingdom,2000.01,2010-04
16333,2011-02-03 10:50:00,2011-12-02 12:19:00,22,32184,26626.8,1210.3090909090909,1462.909090909091,2.0454545454545454,Wholesale,,,,,,,,,,
16334,2010-08-04 16:38:00,2010-08-04 16:38:00,1,206,263.73,263.73,206.0,54.0,Wholesale,,,,,,,,,,
16335,2009-12-04 10:18:00,2010-06-06 11:35:00,7,1004,2753.52,393.36,143.42857142857142,50.714285714285715,Retail,1,3,3,133,Loyal Customer,Churned,551.0,United Kingdom,2753.52,2009-12
16336,2010-03-18 08:05:00,2010-10-15 12:32:00,4,1473,3517.69,879.4225,368.25,17.0,Retail,1,2,3,123,Average Customer,Churned,420.0,United Kingdom,3517.69,2010-03
16337,2011-11-03 10:03:00,2011-11-03 10:03:00,1,87,151.05,151.05,87.0,10.0,Retail,3,1,1,311,Average Customer,Active,36.0,United Kingdom,151.05,2011-11
16338,2011-07-05 13:56:00,2011-07-05 13:56:00,1,94,214.79999999999998,214.79999999999998,94.0,11.0,Retail,2,1,1,211,At Risk / Lost Customer,Churned,156.0,United Kingdom,214.79999999999998,2011-07
16339,2011-02-28 13:41:00,2011-02-28 13:41:00,1,21,94.05,94.05,21.0,17.0,Retail,1,1,1,111,At Risk / Lost Customer,Churned,283.0,United Kingdom,94.05,2011-02
16340,2010-06-06 13:26:00,2011-08-24 14:53:00,3,1319,1496.24,498.74666666666667,439.6666666666667,102.0,Wholesale,,,,,,,,,,
16341,2010-04-09 10:30:00,2011-11-15 09:12:00,7,3022,3850.79,550.1128571428571,431.7142857142857,22.571428571428573,Retail,3,3,3,333,Best Customer,Active,24.0,United Kingdom,3850.79,2010-04
16342,2011-06-13 10:10:00,2011-09-25 14:36:00,4,157,322.41,80.6025,39.25,3.75,Retail,2,2,1,221,Average Customer,Active,74.0,United Kingdom,322.41,2011-06
16343,2010-10-28 14:15:00,2011-11-23 17:45:00,3,345,614.12,204.70666666666668,115.0,22.333333333333332,Retail,3,2,2,322,Loyal Customer,Active,15.0,United Kingdom,614.12,2010-10
16344,2010-02-09 12:16:00,2011-07-04 15:50:00,4,706,842.42,210.605,176.5,11.25,Retail,2,2,2,222,Average Customer,Churned,157.0,United Kingdom,842.42,2010-02
16345,2010-08-13 17:13:00,2011-10-26 16:03:00,2,611,1178.79,589.395,305.5,51.5,Retail,2,1,2,212,Average Customer,Active,43.0,United Kingdom,1178.79,2010-08
16346,2010-11-19 15:55:00,2010-11-19 15:55:00,1,289,224.51,224.51,289.0,15.0,Retail,1,1,1,111,At Risk / Lost Customer,Churned,384.0,United Kingdom,224.51,2010-11
16347,2010-03-12 12:41:00,2011-11-28 13:14:00,11,1715,3442.96,312.99636363636364,155.9090909090909,29.818181818181817,Retail,3,3,3,333,Best Customer,Active,10.0,United Kingdom,3442.96,2010-03
16348,2010-10-05 13:57:00,2011-11-07 15:44:00,8,1164,1744.42,218.0525,145.5,29.875,Retail,3,3,3,333,Best Customer,Active,31.0,United Kingdom,1744.42,2010-10
16349,2011-02-22 12:40:00,2011-02-22 12:40:00,1,9,53.5,53.5,9.0,9.0,Retail,1,1,1,111,At Risk / Lost Customer,Churned,290.0,United Kingdom,53.5,2011-02
16350,2010-10-07 16:33:00,2011-11-18 15:53:00,9,1077,2253.89,250.4322222222222,119.66666666666667,13.555555555555555,Retail,3,3,3,333,Best Customer,Active,20.0,United Kingdom,2253.89,2010-10
16351,2009-12-04 16:12:00,2011-01-11 10:26:00,13,2165,3330.0299999999997,256.1561538461538,166.53846153846155,14.384615384615385,Retail,1,3,3,133,Loyal Customer,Churned,332.0,United Kingdom,3330.0299999999997,2009-12
16352,2011-11-02 08:44:00,2011-11-22 10:32:00,2,300,494.44,247.22,150.0,14.0,Retail,3,1,2,312,Average Customer,Active,17.0,United Kingdom,494.44,2011-11
16353,2009-12-07 13:55:00,2011-12-06 12:23:00,38,3483,9795.460000000001,257.77526315789476,91.65789473684211,4.552631578947368,Retail,3,3,3,333,Best Customer,Active,3.0,United Kingdom,9795.460000000001,2009-12
16354,2010-04-27 13:33:00,2011-10-07 14:28:00,5,592,1119.46,223.892,118.4,27.0,Retail,2,2,2,222,Average Customer,Active,62.0,United Kingdom,1119.46,2010-04
16355,2010-11-29 14:21:00,2010-11-29 14:21:00,1,179,416.35,416.35,179.0,47.0,Retail,1,1,1,111,At Risk / Lost Customer,Churned,374.0,United Kingdom,416.35,2010-11
16356,2010-06-06 11:26:00,2011-05-26 11:51:00,6,190,415.87,69.31166666666667,31.666666666666668,9.5,Retail,2,3,1,231,Average Customer,Churned,197.0,United Kingdom,415.87,2010-06
16357,2010-11-23 18:52:00,2011-11-06 16:04:00,4,389,868.37,217.0925,97.25,11.75,Retail,3,2,2,322,Loyal Customer,Active,32.0,United Kingdom,868.37,2010-11
16358,2010-11-10 11:36:00,2011-12-08 15:09:00,5,2065,2919.65,583.9300000000001,413.0,30.8,Retail,3,2,3,323,Loyal Customer,Active,0.0,United Kingdom,2919.65,2010-11
16359,2010-02-16 10:39:00,2011-12-02 17:04:00,16,1764,2697.75,168.609375,110.25,7.8125,Retail,3,3,3,333,Best Customer,Active,6.0,United Kingdom,2697.75,2010-02
16360,2011-09-12 13:50:00,2011-12-05 12:16:00,6,2110,3450.41,575.0683333333333,351.6666666666667,98.16666666666667,Wholesale,,,,,,,,,,
16361,2011-09-29 13:13:00,2011-11-30 12:32:00,4,418,891.21,222.8025,104.5,25.0,Retail,3,2,2,322,Loyal Customer,Active,9.0,United Kingdom,891.21,2011-09
16362,2010-09-28 09:24:00,2011-11-07 13:01:00,6,467,922.16,153.69333333333333,77.83333333333333,14.666666666666666,Retail,3,3,2,332,Loyal Customer,Active,31.0,United Kingdom,922.16,2010-09
16363,2011-10-17 14:14:00,2011-10-17 14:14:00,1,52,109.36000000000001,109.36000000000001,52.0,5.0,Retail,2,1,1,211,At Risk / Lost Customer,Active,52.0,United Kingdom,109.36000000000001,2011-10
16364,2011-07-25 14:35:00,2011-11-28 11:27:00,2,279,705.79,352.895,139.5,26.0,Retail,3,1,2,312,Average Customer,Active,11.0,United Kingdom,705.79,2011-07
16365,2009-12-11 12:41:00,2011-11-22 11:24:00,15,1034,3167.34,211.156,68.93333333333334,8.266666666666667,Retail,3,3,3,333,Best Customer,Active,17.0,United Kingdom,3167.34,2009-12
16366,2009-12-16 10:39:00,2011-11-21 08:19:00,4,882,1548.1299999999999,387.03249999999997,220.5,19.5,Retail,3,2,3,323,Loyal Customer,Active,18.0,United Kingdom,1548.1299999999999,2009-12
16367,2010-11-21 13:23:00,2011-11-02 13:13:00,3,1103,1350.48,450.16,367.6666666666667,71.66666666666667,Wholesale,,,,,,,,,,
16368,2010-09-30 11:30:00,2011-12-07 13:12:00,3,307,621.44,207.14666666666668,102.33333333333333,27.333333333333332,Retail,3,2,2,322,Loyal Customer,Active,1.0,United Kingdom,621.44,2010-09
16369,2010-04-07 16:52:00,2011-11-21 16:25:00,7,1589,2656.56,379.50857142857143,227.0,24.0,Retail,3,3,3,333,Best Customer,Active,17.0,United Kingdom,2656.56,2010-04
16370,2011-04-28 16:40:00,2011-09-18 15:55:00,4,640,1301.91,325.4775,160.0,53.5,Wholesale,,,,,,,,,,
16371,2010-09-17 12:09:00,2010-09-17 12:09:00,1,108,157.2,157.2,108.0,11.0,Retail,1,1,1,111,At Risk / Lost Customer,Churned,448.0,United Kingdom,157.2,2010-09
16372,2010-04-11 15:20:00,2011-11-06 13:08:00,5,722,1290.31,258.062,144.4,59.8,Wholesale,,,,,,,,,,
16373,2010-10-24 13:10:00,2010-11-22 15:50:00,2,119,309.49,154.745,59.5,14.0,Retail,1,1,1,111,At Risk / Lost Customer,Churned,381.0,United Kingdom,309.49,2010-10
16374,2010-04-30 13:10:00,2011-10-04 15:21:00,5,771,1723.4,344.68,154.2,68.2,Wholesale,,,,,,,,,,
16375,2010-08-26 14:12:00,2010-08-26 14:25:00,2,74,104.0,52.0,37.0,6.5,Retail,1,1,1,111,At Risk / Lost Customer,Churned,469.0,United Kingdom,104.0,2010-08
16376,2011-11-22 16:47:00,2011-12-01 11:38:00,2,691,974.96,487.48,345.5,55.0,Wholesale,,,,,,,,,,
16377,2010-04-01 10:36:00,2011-03-17 15:41:00,2,2928,1308.48,654.24,1464.0,5.0,Wholesale,,,,,,,,,,
16378,2011-02-02 12:42:00,2011-04-06 15:07:00,3,267,362.95,120.98333333333333,89.0,7.666666666666667,Retail,2,2,1,221,Average Customer,Churned,246.0,United Kingdom,362.95,2011-02
16379,2011-09-22 09:33:00,2011-12-05 15:38:00,4,1410,2157.4,539.35,352.5,27.0,Retail,3,2,3,323,Loyal Customer,Active,3.0,United Kingdom,2157.4,2011-09
16380,2011-10-09 15:40:00,2011-10-09 15:40:00,1,1428,1743.1499999999999,1743.1499999999999,1428.0,28.0,Wholesale,,,,,,,,,,
16381,2010-10-17 13:06:00,2010-11-09 09:56:00,2,108,247.85,123.925,54.0,30.0,Retail,1,1,1,111,At Risk / Lost Customer,Churned,395.0,United Kingdom,247.85,2010-10
16382,2010-06-07 12:42:00,2010-10-27 16:23:00,2,167,353.1,176.55,83.5,22.0,Retail,1,1,1,111,At Risk / Lost Customer,Churned,407.0,United Kingdom,353.1,2010-06
16383,2010-02-04 13:18:00,2011-09-26 12:45:00,7,1596,2896.69,413.8128571428571,228.0,52.0,Retail,2,3,3,233,Loyal Customer,Active,74.0,United Kingdom,2896.69,2010-02
16384,2010-04-28 14:01:00,2011-09-11 11:19:00,4,861,1358.95,339.7375,215.25,20.25,Retail,2,2,2,222,Average Customer,Active,89.0,United Kingdom,1358.95,2010-04
16385,2010-03-18 12:45:00,2011-10-10 13:12:00,5,476,881.35,176.27,95.2,22.8,Retail,2,2,2,222,Average Customer,Active,59.0,United Kingdom,881.35,2010-03
16386,2010-11-17 11:19:00,2011-11-11 12:28:00,3,700,1068.16,356.05333333333334,233.33333333333334,43.666666666666664,Retail,3,2,2,322,Loyal Customer,Active,28.0,United Kingdom,1068.16,2010-11
16387,2010-03-11 12:22:00,2011-01-21 11:34:00,5,448,882.46,176.49200000000002,89.6,16.0,Retail,1,2,2,122,Average Customer,Churned,322.0,United Kingdom,882.46,2010-03
16388,2010-02-24 10:20:00,2010-02-24 10:20:00,1,83,186.05,186.05,83.0,13.0,Retail,1,1,1,111,At Risk / Lost Customer,Churned,653.0,United Kingdom,186.05,2010-02
16389,2011-03-01 15:47:00,2011-10-17 14:41:00,4,1242,1382.07,345.5175,310.5,8.5,Retail,2,2,2,222,Average Customer,Active,52.0,United Kingdom,1382.07,2011-03
16390,2010-01-29 15:25:00,2010-06-21 10:11:00,3,122,467.5,155.83333333333334,40.666666666666664,7.0,Retail,1,2,2,122,Average Customer,Churned,536.0,United Kingdom,467.5,2010-01
16391,2010-05-27 11:27:00,2010-11-04 12:27:00,4,715,1052.26,263.065,178.75,73.0,Wholesale,,,,,,,,,,
16392,2010-05-27 11:17:00,2011-03-15 12:11:00,3,604,756.7,252.23333333333335,201.33333333333334,47.0,Retail,2,2,2,222,Average Customer,Churned,269.0,United Kingdom,756.7,2010-05
16393,2009-12-01 12:13:00,2011-12-07 12:51:00,23,3001,5297.77,230.33782608695654,130.47826086956522,31.347826086956523,Retail,3,3,3,333,Best Customer,Active,1.0,United Kingdom,5297.77,2009-12
16394,2011-02-23 10:58:00,2011-10-14 09:48:00,5,2604,1555.34,311.068,520.8,16.6,Wholesale,,,,,,,,,,
16395,2009-12-06 12:26:00,2011-10-10 12:50:00,14,2901,3518.41,251.315,207.21428571428572,43.57142857142857,Retail,2,3,3,233,Loyal Customer,Active,60.0,United Kingdom,3518.41,2009-12
16396,2010-08-20 14:17:00,2010-08-20 14:17:00,1,80,137.8,137.8,80.0,8.0,Retail,1,1,1,111,At Risk / Lost Customer,Churned,475.0,United Kingdom,137.8,2010-08
16397,2010-03-21 15:36:00,2010-03-21 15:36:00,1,43,123.13,123.13,43.0,9.0,Retail,1,1,1,111,At Risk / Lost Customer,Churned,627.0,United Kingdom,123.13,2010-03
16398,2011-03-31 09:38:00,2011-07-08 15:16:00,2,758,1705.8,852.9,379.0,41.0,Retail,2,1,3,213,Average Customer,Churned,153.0,United Kingdom,1705.8,2011-03
16399,2010-11-15 15:03:00,2011-11-20 16:12:00,3,452,630.22,210.07333333333335,150.66666666666666,36.333333333333336,Retail,3,2,2,322,Loyal Customer,Active,18.0,United Kingdom,630.22,2010-11
16400,2009-12-08 12:38:00,2011-09-06 12:27:00,9,2066,3059.85,339.98333333333335,229.55555555555554,28.333333333333332,Retail,2,3,3,233,Loyal Customer,Active,94.0,United Kingdom,3059.85,2009-12
16401,2010-06-02 13:13:00,2011-12-08 18:15:00,23,6035,6849.15,297.7891304347826,262.39130434782606,15.478260869565217,Retail,3,3,3,333,Best Customer,Active,0.0,United Kingdom,6849.15,2010-06
16402,2010-12-05 13:42:00,2011-03-20 12:25:00,2,146,293.45,146.725,73.0,28.0,Retail,2,1,1,211,At Risk / Lost Customer,Churned,264.0,United Kingdom,293.45,2010-12
16403,2011-01-31 13:39:00,2011-01-31 13:39:00,1,114,177.5,177.5,114.0,10.0,Retail,1,1,1,111,At Risk / Lost Customer,Churned,311.0,United Kingdom,177.5,2011-01
16404,2011-09-30 14:55:00,2011-09-30 14:55:00,1,157,443.05,443.05,157.0,23.0,Retail,2,1,2,212,Average Customer,Active,69.0,United Kingdom,443.05,2011-09
16405,2011-02-02 17:08:00,2011-02-10 15:24:00,2,187,167.25,83.625,93.5,2.5,Retail,1,1,1,111,At Risk / Lost Customer,Churned,301.0,United Kingdom,167.25,2011-02
16406,2010-02-24 11:51:00,2011-11-21 11:57:00,3,258,528.36,176.12,86.0,47.333333333333336,Retail,3,2,2,322,Loyal Customer,Active,18.0,United Kingdom,528.36,2010-02
16407,2010-10-03 13:56:00,2011-11-27 11:05:00,14,1448,2761.65,197.2607142857143,103.42857142857143,15.785714285714286,Retail,3,3,3,333,Best Customer,Active,12.0,United Kingdom,2761.65,2010-10
16408,2010-04-27 14:08:00,2010-04-27 14:08:00,1,227,231.93,231.93,227.0,45.0,Retail,1,1,1,111,At Risk / Lost Customer,Churned,590.0,United Kingdom,231.93,2010-04
16409,2009-12-13 15:38:00,2011-11-03 16:45:00,12,3664,5652.74,471.06166666666667,305.3333333333333,63.333333333333336,Wholesale,,,,,,,,,,
16410,2009-12-05 14:51:00,2009-12-05 14:51:00,1,348,130.32,130.32,348.0,5.0,Retail,1,1,1,111,At Risk / Lost Customer,Churned,733.0,United Kingdom,130.32,2009-12
16411,2010-10-07 15:09:00,2011-11-20 13:23:00,4,461,756.39,189.0975,115.25,44.5,Retail,3,2,2,322,Loyal Customer,Active,18.0,United Kingdom,756.39,2010-10
16412,2010-02-04 13:46:00,2011-10-17 12:35:00,5,288,593.19,118.638,57.6,22.0,Retail,2,2,2,222,Average Customer,Active,53.0,United Kingdom,593.19,2010-02
16413,2010-11-29 12:49:00,2011-10-14 12:08:00,2,283,522.03,261.015,141.5,31.0,Retail,2,1,2,212,Average Customer,Active,56.0,United Kingdom,522.03,2010-11
16414,2010-01-14 10:21:00,2011-11-18 09:42:00,5,201,551.21,110.242,40.2,12.4,Retail,3,2,2,322,Loyal Customer,Active,21.0,United Kingdom,551.21,2010-01
16415,2010-02-01 12:30:00,2011-10-26 13:35:00,3,508,696.76,232.25333333333333,169.33333333333334,44.666666666666664,Retail,2,2,2,222,Average Customer,Active,43.0,United Kingdom,696.76,2010-02
16416,2010-02-23 12:00:00,2011-11-13 12:50:00,9,2198,2957.88,328.65333333333336,244.22222222222223,20.11111111111111,Retail,3,3,3,333,Best Customer,Active,26.0,United Kingdom,2957.88,2010-02
16417,2010-08-04 09:08:00,2010-08-04 09:08:00,1,6,35.7,35.7,6.0,1.0,Retail,1,1,1,111,At Risk / Lost Customer,Churned,492.0,United Kingdom,35.7,2010-08
16418,2010-10-13 12:31:00,2011-10-26 12:39:00,5,564,1028.74,205.748,112.8,29.4,Retail,2,2,2,222,Average Customer,Active,44.0,United Kingdom,1028.74,2010-10
16419,2010-02-09 13:26:00,2011-08-19 12:33:00,8,701,1463.7,182.9625,87.625,11.0,Retail,2,3,3,233,Loyal Customer,Active,112.0,United Kingdom,1463.7,2010-02
16420,2010-11-08 15:15:00,2010-11-08 15:15:00,1,120,75.0,75.0,120.0,2.0,Retail,1,1,1,111,At Risk / Lost Customer,Churned,395.0,United Kingdom,75.0,2010-11
16421,2010-08-27 12:02:00,2010-11-28 13:31:00,3,123,526.27,175.42333333333332,41.0,12.666666666666666,Retail,1,2,2,122,Average Customer,Churned,375.0,United Kingdom,526.27,2010-08
16422,2010-01-12 11:57:00,2011-11-22 14:00:00,109,64225,61920.87,568.081376146789,589.2201834862385,6.4036697247706424,Wholesale,,,,,,,,,,
16423,2011-11-15 09:21:00,2011-11-15 09:21:00,1,230,346.12,346.12,230.0,18.0,Retail,3,1,1,311,Average Customer,Active,24.0,United Kingdom,346.12,2011-11
16424,2010-11-22 11:24:00,2011-06-01 13:40:00,2,212,443.06,221.53,106.0,6.5,Retail,2,1,2,212,Average Customer,Churned,190.0,United Kingdom,443.06,2010-11
16425,2011-02-10 14:30:00,2011-02-10 14:30:00,1,199,302.7,302.7,199.0,21.0,Retail,1,1,1,111,At Risk / Lost Customer,Churned,301.0,United Kingdom,302.7,2011-02
16426,2011-03-08 15:45:00,2011-12-07 14:01:00,10,1215,1863.76,186.376,121.5,34.6,Retail,3,3,3,333,Best Customer,Active,1.0,United Kingdom,1863.76,2011-03
16427,2011-02-28 15:18:00,2011-03-21 17:10:00,2,156,241.06,120.53,78.0,4.5,Retail,2,1,1,211,At Risk / Lost Customer,Churned,262.0,United Kingdom,241.06,2011-02
16428,2010-07-30 12:10:00,2010-10-22 12:22:00,3,575,638.49,212.83,191.66666666666666,42.0,Retail,1,2,2,122,Average Customer,Churned,413.0,United Kingdom,638.49,2010-07
16429,2011-08-25 13:54:00,2011-08-25 13:54:00,1,9,284.55,284.55,9.0,2.0,Retail,2,1,1,211,At Risk / Lost Customer,Active,105.0,United Kingdom,284.55,2011-08
16430,2010-01-27 12:45:00,2011-10-13 14:47:00,7,307,1117.94,159.7057142857143,43.857142857142854,4.0,Retail,2,3,2,232,Loyal Customer,Active,56.0,United Kingdom,1117.94,2010-01
16431,2011-02-15 14:02:00,2011-05-10 14:09:00,3,442,623.28,207.76,147.33333333333334,21.666666666666668,Retail,2,2,2,222,Average Customer,Churned,212.0,United Kingdom,623.28,2011-02
16432,2011-10-06 13:59:00,2011-10-06 13:59:00,1,276,287.4,287.4,276.0,8.0,Retail,2,1,1,211,At Risk / Lost Customer,Active,63.0,United Kingdom,287.4,2011-10
16433,2010-10-27 12:26:00,2011-11-11 14:09:00,2,214,384.52,192.26,107.0,17.0,Retail,3,1,1,311,Average Customer,Active,27.0,United Kingdom,384.52,2010-10
16434,2010-01-17 14:51:00,2011-11-10 14:28:00,12,1310,2673.69,222.8075,109.16666666666667,14.833333333333334,Retail,3,3,3,333,Best Customer,Active,28.0,United Kingdom,2673.69,2010-01
16435,2010-07-13 13:29:00,2010-07-15 18:22:00,3,608,1003.0699999999999,334.3566666666666,202.66666666666666,41.333333333333336,Retail,1,2,2,122,Average Customer,Churned,511.0,United Kingdom,1003.0699999999999,2010-07
16436,2009-12-06 16:02:00,2010-02-09 13:19:00,3,227,319.14,106.38,75.66666666666667,13.333333333333334,Retail,1,2,1,121,At Risk / Lost Customer,Churned,667.0,United Kingdom,319.14,2009-12
16437,2010-10-06 12:34:00,2010-11-23 16:59:00,2,197,301.25,150.625,98.5,10.5,Retail,1,1,1,111,At Risk / Lost Customer,Churned,380.0,United Kingdom,301.25,2010-10
16438,2011-09-18 13:31:00,2011-12-04 10:51:00,5,463,798.35,159.67000000000002,92.6,26.2,Retail,3,2,2,322,Loyal Customer,Active,5.0,United Kingdom,798.35,2011-09
16439,2009-12-17 14:22:00,2009-12-17 14:22:00,1,74,310.70000000000005,310.70000000000005,74.0,9.0,Retail,1,1,1,111,At Risk / Lost Customer,Churned,721.0,United Kingdom,310.70000000000005,2009-12
16440,2010-08-03 11:32:00,2011-12-02 12:02:00,6,2108,3856.9700000000003,642.8283333333334,351.3333333333333,50.666666666666664,Retail,3,3,3,333,Best Customer,Active,7.0,United Kingdom,3856.9700000000003,2010-08
16441,2010-03-22 18:00:00,2011-10-03 17:48:00,5,478,1019.13,203.826,95.6,16.6,Retail,2,2,2,222,Average Customer,Active,66.0,United Kingdom,1019.13,2010-03
16442,2009-12-13 11:05:00,2011-12-08 11:43:00,5,580,891.98,178.39600000000002,116.0,48.8,Retail,3,2,2,322,Loyal Customer,Active,1.0,United Kingdom,891.98,2009-12
16443,2010-07-07 11:57:00,2010-07-07 11:57:00,1,96,162.24,162.24,96.0,1.0,Retail,1,1,1,111,At Risk / Lost Customer,Churned,520.0,United Kingdom,162.24,2010-07
16444,2010-03-24 14:06:00,2011-10-24 13:50:00,17,1945,3625.88,213.2870588235294,114.41176470588235,21.41176470588235,Retail,2,3,3,233,Loyal Customer,Active,45.0,United Kingdom,3625.88,2010-03
16445,2010-10-24 12:39:00,2011-11-06 12:32:00,4,287,583.16,145.79,71.75,44.25,Retail,3,2,2,322,Loyal Customer,Active,33.0,United Kingdom,583.16,2010-10
16446,2011-05-18 09:52:00,2011-12-09 09:15:00,2,80997,168472.5,84236.25,40498.5,1.5,Wholesale,,,,,,,,,,
16447,2010-02-17 14:09:00,2011-07-27 12:45:00,3,315,727.1,242.36666666666667,105.0,22.333333333333332,Retail,2,2,2,222,Average Customer,Active,135.0,United Kingdom,727.1,2010-02
16448,2010-08-25 16:58:00,2011-05-25 16:28:00,2,176,361.12,180.56,88.0,25.0,Retail,2,1,1,211,At Risk / Lost Customer,Churned,197.0,United Kingdom,361.12,2010-08
16449,2011-03-04 12:15:00,2011-05-26 10:25:00,2,367,707.69,353.845,183.5,20.0,Retail,2,1,2,212,Average Customer,Churned,197.0,United Kingdom,707.69,2011-03
16450,2010-02-21 15:46:00,2011-07-13 11:47:00,3,681,1505.73,501.91,227.0,14.333333333333334,Retail,2,2,3,223,Loyal Customer,Churned,149.0,United Kingdom,1505.73,2010-02
16451,2009-12-04 15:11:00,2011-09-13 09:17:00,3,524,1013.15,337.71666666666664,174.66666666666666,21.666666666666668,Retail,2,2,2,222,Average Customer,Active,87.0,United Kingdom,1013.15,2009-12
16452,2010-01-15 12:22:00,2010-03-19 12:39:00,2,199,332.17,166.085,99.5,9.0,Retail,1,1,1,111,At Risk / Lost Customer,Churned,630.0,United Kingdom,332.17,2010-01
16453,2010-06-09 13:15:00,2010-06-27 12:46:00,2,139,251.71,125.855,69.5,7.5,Retail,1,1,1,111,At Risk / Lost Customer,Churned,530.0,United Kingdom,251.71,2010-06
16454,2010-04-07 15:54:00,2011-10-26 11:40:00,4,9,30.950000000000003,7.737500000000001,2.25,1.0,Retail,2,2,1,221,Average Customer,Active,44.0,United Kingdom,30.950000000000003,2010-04
16455,2010-03-30 10:31:00,2011-10-07 12:17:00,11,2851,3995.57,363.2336363636364,259.1818181818182,18.454545454545453,Retail,2,3,3,233,Loyal Customer,Active,63.0,United Kingdom,3995.57,2010-03
16456,2010-03-29 11:16:00,2011-09-01 13:50:00,13,3296,6000.94,461.6107692307692,253.53846153846155,29.615384615384617,Retail,2,3,3,233,Loyal Customer,Active,98.0,United Kingdom,6000.94,2010-03
16457,2011-05-05 13:19:00,2011-05-05 13:19:00,1,140,208.36,208.36,140.0,9.0,Retail,2,1,1,211,At Risk / Lost Customer,Churned,217.0,United Kingdom,208.36,2011-05
16458,2010-05-26 14:38:00,2011-12-07 09:34:00,30,3395,5690.89,189.69633333333334,113.16666666666667,12.666666666666666,Retail,3,3,3,333,Best Customer,Active,2.0,United Kingdom,5690.89,2010-05
16459,2009-12-10 12:42:00,2009-12-10 12:42:00,1,59,71.78999999999999,71.78999999999999,59.0,5.0,Retail,1,1,1,111,At Risk / Lost Customer,Churned,729.0,United Kingdom,71.78999999999999,2009-12
16460,2011-09-19 10:15:00,2011-11-11 13:46:00,3,876,811.23,270.41,292.0,43.0,Retail,3,2,2,322,Loyal Customer,Active,27.0,United Kingdom,811.23,2011-09
16461,2010-03-03 13:57:00,2011-06-15 12:07:00,3,933,1545.83,515.2766666666666,311.0,82.0,Wholesale,,,,,,,,,,
16462,2011-03-01 08:58:00,2011-09-27 10:24:00,3,16,136.0,45.333333333333336,5.333333333333333,1.0,Retail,2,2,1,221,Average Customer,Active,73.0,United Kingdom,136.0,2011-03
16463,2011-05-19 14:45:00,2011-11-18 14:01:00,4,1163,1422.4,355.6,290.75,20.5,Retail,3,2,3,323,Loyal Customer,Active,20.0,United Kingdom,1422.4,2011-05
16464,2011-07-20 13:53:00,2011-11-20 12:11:00,3,952,1298.66,432.8866666666667,317.3333333333333,73.0,Wholesale,,,,,,,,,,
16465,2010-09-21 10:46:00,2010-10-15 09:27:00,2,504,746.24,373.12,252.0,24.0,Retail,1,1,2,112,At Risk / Lost Customer,Churned,420.0,United Kingdom,746.24,2010-09
16466,2010-03-07 14:31:00,2011-11-06 11:35:00,15,1777,3767.09,251.13933333333335,118.46666666666667,21.2,Retail,3,3,3,333,Best Customer,Active,33.0,United Kingdom,3767.09,2010-03
16467,2009-12-02 11:59:00,2010-07-19 11:49:00,7,7384,2869.16,409.88,1054.857142857143,3.4285714285714284,Wholesale,,,,,,,,,,
16468,2010-08-15 13:10:00,2011-09-26 14:13:00,3,371,787.52,262.50666666666666,123.66666666666667,15.0,Retail,2,2,2,222,Average Customer,Active,73.0,United Kingdom,787.52,2010-08
16469,2010-07-13 13:17:00,2011-11-16 12:25:00,5,332,803.9,160.78,66.4,37.8,Retail,3,2,2,322,Loyal Customer,Active,23.0,United Kingdom,803.9,2010-07
16470,2009-12-11 12:21:00,2011-10-19 12:11:00,11,1335,2416.85,219.71363636363637,121.36363636363636,40.36363636363637,Retail,2,3,3,233,Loyal Customer,Active,51.0,United Kingdom,2416.85,2009-12
16471,2010-02-25 10:07:00,2011-03-10 09:41:00,4,670,1189.98,297.495,167.5,15.5,Retail,1,2,2,122,Average Customer,Churned,274.0,United Kingdom,1189.98,2010-02
16472,2010-04-21 11:48:00,2010-10-01 13:56:00,2,252,789.6,394.8,126.0,19.5,Retail,1,1,2,112,At Risk / Lost Customer,Churned,433.0,United Kingdom,789.6,2010-04
16473,2010-11-30 16:29:00,2011-06-28 09:10:00,4,296,470.83,117.7075,74.0,7.0,Retail,2,2,2,222,Average Customer,Churned,164.0,United Kingdom,470.83,2010-11
16474,2011-07-17 14:51:00,2011-12-02 13:02:00,7,909,1810.65,258.6642857142857,129.85714285714286,44.57142857142857,Retail,3,3,3,333,Best Customer,Active,6.0,United Kingdom,1810.65,2011-07
16475,2011-03-11 09:39:00,2011-09-12 14:37:00,4,319,544.3,136.075,79.75,7.0,Retail,2,2,2,222,Average Customer,Active,87.0,United Kingdom,544.3,2011-03
16476,2010-10-04 10:29:00,2010-10-04 10:29:00,1,187,350.35,350.35,187.0,24.0,Retail,1,1,1,111,At Risk / Lost Customer,Churned,431.0,United Kingdom,350.35,2010-10
16477,2010-08-12 09:43:00,2011-10-07 09:44:00,11,2507,4094.37,372.2154545454545,227.9090909090909,22.363636363636363,Retail,2,3,3,233,Loyal Customer,Active,63.0,United Kingdom,4094.37,2010-08
16478,2011-10-05 12:02:00,2011-11-14 15:51:00,3,224,331.0,110.33333333333333,74.66666666666667,5.666666666666667,Retail,3,2,1,321,Average Customer,Active,24.0,United Kingdom,331.0,2011-10
16479,2011-11-29 13:04:00,2011-11-29 13:40:00,2,102,300.83,150.415,51.0,17.5,Retail,3,1,1,311,Average Customer,Active,9.0,United Kingdom,300.83,2011-11
16480,2011-09-25 11:40:00,2011-09-25 11:40:00,1,455,769.29,769.29,455.0,51.0,Retail,2,1,2,212,Average Customer,Active,75.0,United Kingdom,769.29,2011-09
16481,2010-01-26 13:09:00,2010-01-26 13:09:00,1,201,453.38,453.38,201.0,16.0,Retail,1,1,2,112,At Risk / Lost Customer,Churned,681.0,United Kingdom,453.38,2010-01
16482,2011-11-24 12:33:00,2011-11-24 12:33:00,1,346,220.62,220.62,346.0,18.0,Retail,3,1,1,311,Average Customer,Active,15.0,United Kingdom,220.62,2011-11
16483,2011-05-31 13:08:00,2011-05-31 13:08:00,1,44,139.35,139.35,44.0,19.0,Retail,2,1,1,211,At Risk / Lost Customer,Churned,191.0,United Kingdom,139.35,2011-05
16484,2011-06-02 10:39:00,2011-06-19 12:06:00,2,200,404.3,202.15,100.0,12.5,Retail,2,1,1,211,At Risk / Lost Customer,Churned,173.0,United Kingdom,404.3,2011-06
16485,2009-12-06 12:28:00,2011-09-23 15:50:00,5,1153,2287.19,457.438,230.6,28.4,Retail,2,2,3,223,Loyal Customer,Active,76.0,United Kingdom,2287.19,2009-12
16486,2010-06-20 12:16:00,2010-06-20 12:16:00,1,24,134.36,134.36,24.0,7.0,Retail,1,1,1,111,At Risk / Lost Customer,Churned,537.0,United Kingdom,134.36,2010-06
16487,2010-02-18 17:36:00,2010-05-11 13:38:00,2,163,209.4,104.7,81.5,17.5,Retail,1,1,1,111,At Risk / Lost Customer,Churned,576.0,United Kingdom,209.4,2010-02
16488,2011-07-14 11:46:00,2011-11-06 13:42:00,3,728,498.8,166.26666666666668,242.66666666666666,9.666666666666666,Retail,3,2,2,322,Loyal Customer,Active,32.0,United Kingdom,498.8,2011-07
16489,2010-09-29 15:02:00,2010-11-24 14:40:00,2,38,303.7,151.85,19.0,3.0,Retail,1,1,1,111,At Risk / Lost Customer,Churned,379.0,United Kingdom,303.7,2010-09
16490,2010-09-29 16:30:00,2010-09-29 16:30:00,1,113,205.41000000000003,205.41000000000003,113.0,13.0,Retail,1,1,1,111,At Risk / Lost Customer,Churned,435.0,United Kingdom,205.41000000000003,2010-09
16491,2010-10-22 15:42:00,2011-10-24 10:18:00,2,1060,1533.16,766.58,530.0,43.5,Wholesale,,,,,,,,,,
16492,2010-06-17 08:20:00,2010-06-17 08:20:00,1,235,385.56,385.56,235.0,23.0,Retail,1,1,1,111,At Risk / Lost Customer,Churned,540.0,United Kingdom,385.56,2010-06
16493,2010-03-26 13:05:00,2011-09-21 11:10:00,7,1988,2132.09,304.5842857142857,284.0,15.714285714285714,Retail,2,3,3,233,Loyal Customer,Active,79.0,United Kingdom,2132.09,2010-03
16494,2011-02-16 12:49:00,2011-02-16 12:49:00,1,675,826.53,826.53,675.0,47.0,Wholesale,,,,,,,,,,
16495,2011-03-08 16:38:00,2011-12-06 13:20:00,3,328,648.26,216.08666666666667,109.33333333333333,27.333333333333332,Retail,3,2,2,322,Loyal Customer,Active,2.0,United Kingdom,648.26,2011-03
16496,2010-07-18 13:42:00,2011-12-01 10:31:00,6,1764,2330.77,388.46166666666664,294.0,23.0,Retail,3,3,3,333,Best Customer,Active,8.0,United Kingdom,2330.77,2010-07
16497,2009-12-03 14:11:00,2011-10-21 10:55:00,23,3050,6695.28,291.0991304347826,132.6086956521739,14.652173913043478,Retail,2,3,3,233,Loyal Customer,Active,49.0,United Kingdom,6695.28,2009-12
16498,2011-06-30 19:52:00,2011-07-01 15:07:00,2,45,100.97,50.485,22.5,7.5,Retail,2,1,1,211,At Risk / Lost Customer,Churned,160.0,United Kingdom,100.97,2011-06
16499,2010-06-11 12:22:00,2010-12-14 13:31:00,8,1364,2578.34,322.2925,170.5,18.0,Retail,1,3,3,133,Loyal Customer,Churned,359.0,United Kingdom,2578.34,2010-06
16500,2010-06-14 14:54:00,2011-12-05 12:04:00,9,386,843.9100000000001,93.76777777777778,42.888888888888886,3.7777777777777777,Retail,3,3,2,332,Loyal Customer,Active,4.0,United Kingdom,843.9100000000001,2010-06
16501,2010-11-21 14:10:00,2010-11-21 14:10:00,1,628,1191.23,1191.23,628.0,181.0,Wholesale,,,,,,,,,,
16502,2010-03-29 13:39:00,2010-03-29 13:44:00,2,220,258.55,129.275,110.0,20.5,Retail,1,1,1,111,At Risk / Lost Customer,Churned,619.0,United Kingdom,258.55,2010-03
16503,2010-06-21 14:07:00,2011-08-25 11:46:00,11,1535,3614.34,328.5763636363636,139.54545454545453,19.363636363636363,Retail,2,3,3,233,Loyal Customer,Active,106.0,United Kingdom,3614.34,2010-06
16504,2011-11-14 15:18:00,2011-11-14 15:18:00,1,510,465.88,465.88,510.0,76.0,Wholesale,,,,,,,,,,
16505,2011-11-08 12:14:00,2011-11-08 12:14:00,1,576,777.6,777.6,576.0,4.0,Wholesale,,,,,,,,,,
16506,2011-10-30 15:50:00,2011-11-20 12:17:00,2,42,90.30000000000001,45.150000000000006,21.0,1.5,Retail,3,1,1,311,Average Customer,Active,19.0,United Kingdom,90.30000000000001,2011-10
16507,2010-05-16 12:56:00,2010-05-16 12:56:00,1,111,142.71,142.71,111.0,37.0,Retail,1,1,1,111,At Risk / Lost Customer,Churned,571.0,United Kingdom,142.71,2010-05
16508,2010-03-19 13:41:00,2010-03-19 13:41:00,1,103,240.95,240.95,103.0,42.0,Retail,1,1,1,111,At Risk / Lost Customer,Churned,629.0,United Kingdom,240.95,2010-03
16509,2011-02-16 09:25:00,2011-02-16 09:25:00,1,64,363.7,363.7,64.0,13.0,Retail,1,1,1,111,At Risk / Lost Customer,Churned,296.0,United Kingdom,363.7,2011-02
16510,2010-01-17 12:30:00,2010-12-02 13:39:00,6,930,1777.5,296.25,155.0,18.5,Retail,1,3,3,133,Loyal Customer,Churned,371.0,United Kingdom,1777.5,2010-01
16511,2010-03-01 12:21:00,2011-11-18 10:41:00,6,769,1760.49,293.415,128.16666666666666,47.833333333333336,Retail,3,3,3,333,Best Customer,Active,21.0,United Kingdom,1760.49,2010-03
16513,2011-10-27 14:56:00,2011-12-05 10:18:00,4,407,874.59,218.6475,101.75,8.75,Retail,3,2,2,322,Loyal Customer,Active,4.0,United Kingdom,874.59,2011-10
16515,2010-06-17 12:17:00,2011-10-18 13:10:00,10,1573,3179.06,317.906,157.3,22.9,Retail,2,3,3,233,Loyal Customer,Active,51.0,United Kingdom,3179.06,2010-06
16516,2011-11-09 14:59:00,2011-11-09 14:59:00,1,58,101.69999999999999,101.69999999999999,58.0,6.0,Retail,3,1,1,311,Average Customer,Active,29.0,United Kingdom,101.69999999999999,2011-11
16517,2011-03-07 13:50:00,2011-03-07 13:50:00,1,96,162.7,162.7,96.0,17.0,Retail,1,1,1,111,At Risk / Lost Customer,Churned,276.0,United Kingdom,162.7,2011-03
16518,2010-06-01 13:31:00,2011-10-09 15:04:00,4,524,959.37,239.8425,131.0,17.0,Retail,2,2,2,222,Average Customer,Active,60.0,United Kingdom,959.37,2010-06
16519,2010-03-01 13:51:00,2011-11-14 15:41:00,4,150,439.06,109.765,37.5,9.0,Retail,3,2,2,322,Loyal Customer,Active,24.0,United Kingdom,439.06,2010-03
16520,2010-03-02 16:50:00,2011-06-06 13:24:00,6,1045,2148.38,358.06333333333333,174.16666666666666,58.5,Wholesale,,,,,,,,,,
16521,2010-03-01 13:22:00,2010-10-20 13:09:00,3,1014,1140.11,380.03666666666663,338.0,78.33333333333333,Wholesale,,,,,,,,,,
16522,2010-09-15 13:32:00,2010-09-30 10:54:00,2,212,433.36,216.68,106.0,9.0,Retail,1,1,2,112,At Risk / Lost Customer,Churned,435.0,United Kingdom,433.36,2010-09
16523,2010-01-24 13:14:00,2011-12-08 09:06:00,28,4979,11916.33,425.5832142857143,177.82142857142858,13.25,Retail,3,3,3,333,Best Customer,Active,1.0,United Kingdom,11916.33,2010-01
16524,2010-01-17 13:16:00,2010-09-19 13:37:00,2,259,306.19,153.095,129.5,26.5,Retail,1,1,1,111,At Risk / Lost Customer,Churned,445.0,United Kingdom,306.19,2010-01
16525,2009-12-02 13:53:00,2011-12-07 15:07:00,48,14430,24151.3,503.15208333333334,300.625,7.354166666666667,Retail,3,3,3,333,Best Customer,Active,1.0,United Kingdom,24151.3,2009-12
16526,2010-05-04 16:34:00,2011-06-21 12:02:00,2,279,717.21,358.605,139.5,17.5,Retail,2,1,2,212,Average Customer,Churned,171.0,United Kingdom,717.21,2010-05
16527,2010-10-11 13:25:00,2011-09-19 16:21:00,2,708,1232.94,616.47,354.0,36.0,Retail,2,1,2,212,Average Customer,Active,80.0,United Kingdom,1232.94,2010-10
16528,2011-12-06 12:45:00,2011-12-06 12:45:00,1,171,244.41,244.41,171.0,17.0,Retail,3,1,1,311,Average Customer,Active,3.0,United Kingdom,244.41,2011-12
16529,2010-06-27 13:29:00,2011-06-02 17:23:00,4,739,1986.8,496.7,184.75,32.0,Retail,2,2,3,223,Loyal Customer,Churned,189.0,United Kingdom,1986.8,2010-06
16530,2010-02-09 15:30:00,2010-02-09 15:30:00,1,17,48.349999999999994,48.349999999999994,17.0,3.0,Retail,1,1,1,111,At Risk / Lost Customer,Churned,667.0,United Kingdom,48.349999999999994,2010-02
16531,2010-09-24 09:49:00,2011-11-17 16:29:00,11,1863,2298.33,208.9390909090909,169.36363636363637,12.545454545454545,Retail,3,3,3,333,Best Customer,Active,21.0,United Kingdom,2298.33,2010-09
16532,2010-03-29 10:26:00,2011-11-22 11:08:00,5,2544,8756.64,1751.328,508.8,1.2,Wholesale,,,,,,,,,,
16533,2011-10-02 15:07:00,2011-11-20 13:08:00,3,611,1082.81,360.93666666666667,203.66666666666666,58.0,Wholesale,,,,,,,,,,
16534,2010-03-07 15:47:00,2010-03-07 15:47:00,1,168,635.9,635.9,168.0,36.0,Retail,1,1,2,112,At Risk / Lost Customer,Churned,641.0,United Kingdom,635.9,2010-03
16535,2010-01-28 15:26:00,2011-12-04 15:18:00,3,664,972.04,324.0133333333333,221.33333333333334,22.333333333333332,Retail,3,2,2,322,Loyal Customer,Active,4.0,United Kingdom,972.04,2010-01
16536,2011-08-21 15:54:00,2011-08-21 15:54:00,1,250,548.12,548.12,250.0,49.0,Retail,2,1,2,212,Average Customer,Active,109.0,United Kingdom,548.12,2011-08
16537,2010-03-08 13:41:00,2010-03-08 13:41:00,1,59,23.35,23.35,59.0,3.0,Retail,1,1,1,111,At Risk / Lost Customer,Churned,640.0,United Kingdom,23.35,2010-03
16538,2010-04-23 16:25:00,2010-06-16 16:59:00,3,254,395.07,131.69,84.66666666666667,13.0,Retail,1,2,1,121,At Risk / Lost Customer,Churned,540.0,United Kingdom,395.07,2010-04
16539,2010-06-25 15:24:00,2011-12-07 08:41:00,10,1014,3289.66,328.966,101.4,13.1,Retail,3,3,3,333,Best Customer,Active,2.0,United Kingdom,3289.66,2010-06
16540,2010-10-21 17:22:00,2010-10-21 17:22:00,1,105,205.75,205.75,105.0,25.0,Retail,1,1,1,111,At Risk / Lost Customer,Churned,413.0,United Kingdom,205.75,2010-10
16541,2009-12-04 13:22:00,2009-12-04 13:22:00,1,173,424.03,424.03,173.0,38.0,Retail,1,1,2,112,At Risk / Lost Customer,Churned,734.0,United Kingdom,424.03,2009-12
16542,2010-11-03 14:44:00,2011-10-17 10:47:00,2,142,257.32,128.66,71.0,7.0,Retail,2,1,1,211,At Risk / Lost Customer,Active,53.0,United Kingdom,257.32,2010-11
16543,2010-04-27 11:38:00,2010-04-27 11:38:00,1,317,292.21,292.21,317.0,18.0,Retail,1,1,1,111,At Risk / Lost Customer,Churned,591.0,United Kingdom,292.21,2010-04
16544,2010-02-15 13:20:00,2010-07-08 11:11:00,4,150,376.70000000000005,94.17500000000001,37.5,2.5,Retail,1,2,1,121,At Risk / Lost Customer,Churned,519.0,United Kingdom,376.70000000000005,2010-02
16545,2010-11-29 10:39:00,2011-06-28 10:37:00,2,322,689.82,344.91,161.0,4.0,Retail,2,1,2,212,Average Customer,Churned,164.0,United Kingdom,689.82,2010-11
16546,2010-09-23 15:43:00,2011-02-22 11:20:00,5,4211,5307.07,1061.414,842.2,17.6,Wholesale,,,,,,,,,,
16547,2010-06-11 13:02:00,2010-06-11 13:02:00,1,108,104.25999999999999,104.25999999999999,108.0,25.0,Retail,1,1,1,111,At Risk / Lost Customer,Churned,545.0,United Kingdom,104.25999999999999,2010-06
16548,2010-04-19 16:15:00,2010-04-19 16:15:00,1,6,30.15,30.15,6.0,6.0,Retail,1,1,1,111,At Risk / Lost Customer,Churned,598.0,United Kingdom,30.15,2010-04
16549,2010-03-28 15:45:00,2011-11-29 15:06:00,34,7087,12781.8,375.93529411764706,208.44117647058823,86.05882352941177,Wholesale,,,,,,,,,,
16550,2009-12-02 11:24:00,2011-08-23 11:12:00,18,5405,8813.58,489.6433333333333,300.27777777777777,41.5,Retail,2,3,3,233,Loyal Customer,Active,108.0,United Kingdom,8813.58,2009-12
16551,2009-12-13 16:12:00,2011-09-05 09:38:00,7,2076,2237.12,319.5885714285714,296.57142857142856,12.571428571428571,Retail,2,3,3,233,Loyal Customer,Active,95.0,United Kingdom,2237.12,2009-12
16552,2010-12-01 12:36:00,2011-04-11 10:04:00,2,219,379.73,189.865,109.5,8.5,Retail,2,1,1,211,At Risk / Lost Customer,Churned,242.0,United Kingdom,379.73,2010-12
16553,2010-02-11 18:46:00,2011-06-29 15:42:00,33,16427,16584.01,502.54575757575753,497.7878787878788,8.848484848484848,Retail,2,3,3,233,Loyal Customer,Churned,162.0,United Kingdom,16584.01,2010-02
16554,2009-12-15 09:42:00,2011-10-28 14:51:00,8,1346,2841.72,355.215,168.25,20.875,Retail,3,3,3,333,Best Customer,Active,41.0,United Kingdom,2841.72,2009-12
16555,2010-07-22 13:39:00,2011-11-04 14:31:00,6,1816,1915.68,319.28000000000003,302.6666666666667,11.0,Retail,3,3,3,333,Best Customer,Active,34.0,United Kingdom,1915.68,2010-07
16556,2009-12-07 10:51:00,2011-10-04 11:36:00,17,4353,8012.58,471.32823529411763,256.05882352941177,28.352941176470587,Retail,2,3,3,233,Loyal Customer,Active,66.0,United Kingdom,8012.58,2009-12
16557,2011-07-25 13:28:00,2011-11-15 14:04:00,2,111,281.85,140.925,55.5,5.5,Retail,3,1,1,311,Average Customer,Active,23.0,United Kingdom,281.85,2011-07
16558,2009-12-03 18:11:00,2011-12-09 10:20:00,38,7813,13304.11,350.10815789473685,205.60526315789474,19.789473684210527,Retail,3,3,3,333,Best Customer,Active,0.0,United Kingdom,13304.11,2009-12
16559,2010-11-07 13:52:00,2010-11-07 13:52:00,1,61,175.0,175.0,61.0,17.0,Retail,1,1,1,111,At Risk / Lost Customer,Churned,396.0,United Kingdom,175.0,2010-11
16560,2009-12-08 12:05:00,2011-11-13 10:35:00,8,1607,3048.38,381.0475,200.875,24.875,Retail,3,3,3,333,Best Customer,Active,26.0,United Kingdom,3048.38,2009-12
16561,2011-10-11 09:53:00,2011-12-04 11:50:00,2,244,511.12,255.56,122.0,15.5,Retail,3,1,2,312,Average Customer,Active,5.0,United Kingdom,511.12,2011-10
16562,2010-08-20 11:45:00,2010-08-20 11:45:00,1,264,223.85999999999999,223.85999999999999,264.0,34.0,Retail,1,1,1,111,At Risk / Lost Customer,Churned,476.0,United Kingdom,223.85999999999999,2010-08
16563,2009-12-01 18:35:00,2011-10-17 11:51:00,6,2584,4412.56,735.4266666666667,430.6666666666667,14.833333333333334,Retail,2,3,3,233,Loyal Customer,Active,53.0,United Kingdom,4412.56,2009-12
16564,2010-05-19 14:41:00,2010-05-19 14:41:00,1,40,87.8,87.8,40.0,5.0,Retail,1,1,1,111,At Risk / Lost Customer,Churned,568.0,United Kingdom,87.8,2010-05
16565,2010-06-02 12:47:00,2010-12-10 15:21:00,4,211,773.05,193.2625,52.75,2.75,Retail,1,2,2,122,Average Customer,Churned,363.0,United Kingdom,773.05,2010-06
16566,2011-02-20 10:29:00,2011-11-24 16:34:00,5,362,614.66,122.93199999999999,72.4,3.6,Retail,3,2,2,322,Loyal Customer,Active,14.0,United Kingdom,614.66,2011-02
16567,2011-01-07 09:31:00,2011-05-29 13:57:00,2,996,865.6,432.8,498.0,17.5,Retail,2,1,2,212,Average Customer,Churned,193.0,United Kingdom,865.6,2011-01
16568,2010-03-08 14:51:00,2010-10-08 10:54:00,2,366,1020.9000000000001,510.45000000000005,183.0,2.5,Retail,1,1,2,112,At Risk / Lost Customer,Churned,427.0,United Kingdom,1020.9000000000001,2010-03
16569,2009-12-16 15:05:00,2011-12-06 15:32:00,5,988,1455.23,291.046,197.6,7.0,Retail,3,2,3,323,Loyal Customer,Active,2.0,United Kingdom,1455.23,2009-12
16570,2010-03-30 09:32:00,2011-11-24 17:02:00,20,4292,7434.31,371.7155,214.6,12.05,Retail,3,3,3,333,Best Customer,Active,14.0,United Kingdom,7434.31,2010-03
16571,2010-03-18 09:12:00,2011-11-13 11:46:00,10,3703,4248.74,424.87399999999997,370.3,25.5,Retail,3,3,3,333,Best Customer,Active,26.0,United Kingdom,4248.74,2010-03
16572,2011-03-09 12:04:00,2011-08-04 16:34:00,3,532,1009.6,336.53333333333336,177.33333333333334,19.0,Retail,2,2,2,222,Average Customer,Active,126.0,United Kingdom,1009.6,2011-03
16573,2011-02-22 15:14:00,2011-09-16 09:13:00,2,360,663.61,331.805,180.0,21.0,Retail,2,1,2,212,Average Customer,Active,84.0,United Kingdom,663.61,2011-02
16574,2010-02-19 11:46:00,2011-09-29 13:39:00,3,1002,1301.78,433.9266666666667,334.0,28.666666666666668,Retail,2,2,2,222,Average Customer,Active,70.0,United Kingdom,1301.78,2010-02
16576,2010-07-06 10:42:00,2010-10-15 13:37:00,2,323,540.87,270.435,161.5,16.5,Retail,1,1,2,112,At Risk / Lost Customer,Churned,419.0,United Kingdom,540.87,2010-07
16577,2010-02-11 09:45:00,2010-02-11 09:45:00,1,142,380.0,380.0,142.0,23.0,Retail,1,1,1,111,At Risk / Lost Customer,Churned,666.0,United Kingdom,380.0,2010-02
16578,2010-03-23 15:11:00,2010-03-23 15:11:00,1,108,156.6,156.6,108.0,9.0,Retail,1,1,1,111,At Risk / Lost Customer,Churned,625.0,United Kingdom,156.6,2010-03
16579,2010-10-10 11:58:00,2010-10-10 11:58:00,1,119,295.05,295.05,119.0,14.0,Retail,1,1,1,111,At Risk / Lost Customer,Churned,425.0,United Kingdom,295.05,2010-10
16581,2011-06-10 10:05:00,2011-06-10 10:05:00,1,134,105.84,105.84,134.0,9.0,Retail,2,1,1,211,At Risk / Lost Customer,Churned,182.0,United Kingdom,105.84,2011-06
16582,2011-08-18 17:02:00,2011-08-18 17:02:00,1,164,313.62,313.62,164.0,6.0,Retail,2,1,1,211,At Risk / Lost Customer,Active,112.0,United Kingdom,313.62,2011-08
16583,2010-02-04 12:18:00,2010-12-01 12:03:00,2,153,297.95,148.975,76.5,9.0,Retail,1,1,1,111,At Risk / Lost Customer,Churned,373.0,United Kingdom,297.95,2010-02
16584,2010-02-16 10:41:00,2011-09-20 13:45:00,5,1913,3156.17,631.234,382.6,16.4,Retail,2,2,3,223,Loyal Customer,Active,79.0,United Kingdom,3156.17,2010-02
16585,2010-01-13 13:31:00,2010-04-25 10:34:00,2,151,341.59,170.795,75.5,9.0,Retail,1,1,1,111,At Risk / Lost Customer,Churned,593.0,United Kingdom,341.59,2010-01
16586,2010-03-14 11:24:00,2011-04-05 09:32:00,3,348,1462.78,487.5933333333333,116.0,9.333333333333334,Retail,2,2,3,223,Loyal Customer,Churned,248.0,United Kingdom,1462.78,2010-03
16587,2011-04-21 15:51:00,2011-04-21 15:51:00,1,71,225.15,225.15,71.0,13.0,Retail,2,1,1,211,At Risk / Lost Customer,Churned,231.0,United Kingdom,225.15,2011-04
16588,2010-05-14 13:43:00,2010-11-18 17:56:00,4,882,1361.28,340.32,220.5,17.75,Retail,1,2,2,122,Average Customer,Churned,385.0,United Kingdom,1361.28,2010-05
16589,2010-09-15 14:56:00,2011-09-29 14:50:00,4,536,612.36,153.09,134.0,11.0,Retail,2,2,2,222,Average Customer,Active,70.0,United Kingdom,612.36,2010-09
16590,2010-10-21 12:09:00,2010-11-04 09:06:00,2,240,605.9,302.95,120.0,14.5,Retail,1,1,2,112,At Risk / Lost Customer,Churned,400.0,United Kingdom,605.9,2010-10
16591,2011-10-02 10:43:00,2011-10-02 10:43:00,1,41,213.5,213.5,41.0,10.0,Retail,2,1,1,211,At Risk / Lost Customer,Active,68.0,United Kingdom,213.5,2011-10
16592,2009-12-18 15:57:00,2011-12-05 13:49:00,28,5504,7807.91,278.8539285714286,196.57142857142858,15.285714285714286,Retail,3,3,3,333,Best Customer,Active,3.0,United Kingdom,7807.91,2009-12
16593,2009-12-05 10:44:00,2011-10-20 12:41:00,8,377,1071.1399999999999,133.89249999999998,47.125,9.625,Retail,2,3,2,232,Loyal Customer,Active,50.0,United Kingdom,1071.1399999999999,2009-12
16594,2011-09-25 14:08:00,2011-09-25 14:08:00,1,64,181.09,181.09,64.0,53.0,Retail,2,1,1,211,At Risk / Lost Customer,Active,74.0,United Kingdom,181.09,2011-09
16595,2010-01-17 12:12:00,2011-10-09 13:15:00,5,1331,1757.75,351.55,266.2,88.6,Wholesale,,,,,,,,,,
16596,2009-12-10 13:09:00,2011-11-24 10:02:00,4,180,458.98,114.745,45.0,6.0,Retail,3,2,2,322,Loyal Customer,Active,15.0,United Kingdom,458.98,2009-12
16597,2011-12-05 15:44:00,2011-12-05 15:44:00,1,184,90.04,90.04,184.0,7.0,Retail,3,1,1,311,Average Customer,Active,3.0,United Kingdom,90.04,2011-12
16598,2011-02-27 11:42:00,2011-02-27 11:42:00,1,73,145.04999999999998,145.04999999999998,73.0,10.0,Retail,1,1,1,111,At Risk / Lost Customer,Churned,285.0,United Kingdom,145.04999999999998,2011-02
16599,2010-11-19 12:45:00,2010-11-19 12:45:00,1,159,172.8,172.8,159.0,12.0,Retail,1,1,1,111,At Risk / Lost Customer,Churned,385.0,United Kingdom,172.8,2010-11
16600,2009-12-18 12:59:00,2011-12-05 16:00:00,13,2420,2153.41,165.64692307692306,186.15384615384616,11.0,Retail,3,3,3,333,Best Customer,Active,3.0,United Kingdom,2153.41,2009-12
16601,2010-03-26 13:39:00,2011-10-30 11:09:00,3,391,677.0,225.66666666666666,130.33333333333334,22.333333333333332,Retail,3,2,2,322,Loyal Customer,Active,40.0,United Kingdom,677.0,2010-03
16602,2010-11-16 09:13:00,2011-11-03 15:54:00,2,429,763.33,381.665,214.5,20.0,Retail,3,1,2,312,Average Customer,Active,35.0,United Kingdom,763.33,2010-11
16603,2011-09-09 13:02:00,2011-09-26 10:06:00,2,480,482.47,241.235,240.0,17.0,Retail,2,1,2,212,Average Customer,Active,74.0,United Kingdom,482.47,2011-09
16604,2010-05-20 16:34:00,2010-05-26 09:10:00,2,175,432.45,216.225,87.5,6.0,Retail,1,1,2,112,At Risk / Lost Customer,Churned,562.0,United Kingdom,432.45,2010-05
16605,2009-12-15 19:03:00,2009-12-15 19:03:00,1,144,60.48,60.48,144.0,1.0,Retail,1,1,1,111,At Risk / Lost Customer,Churned,723.0,United Kingdom,60.48,2009-12
16606,2010-10-01 13:21:00,2010-10-31 13:57:00,2,148,357.66,178.83,74.0,11.0,Retail,1,1,1,111,At Risk / Lost Customer,Churned,403.0,United Kingdom,357.66,2010-10
16607,2010-04-29 14:01:00,2011-11-22 10:24:00,25,4436,5706.87,228.2748,177.44,11.92,Retail,3,3,3,333,Best Customer,Active,17.0,United Kingdom,5706.87,2010-04
16608,2010-02-14 11:57:00,2010-09-12 11:44:00,2,612,1286.6200000000001,643.3100000000001,306.0,58.0,Wholesale,,,,,,,,,,
16609,2011-04-01 10:11:00,2011-11-24 13:32:00,7,2420,5493.46,784.78,345.7142857142857,39.42857142857143,Retail,3,3,3,333,Best Customer,Active,14.0,United Kingdom,5493.46,2011-04
16610,2011-05-04 13:13:00,2011-05-04 13:13:00,1,66,75.66,75.66,66.0,6.0,Retail,2,1,1,211,At Risk / Lost Customer,Churned,218.0,United Kingdom,75.66,2011-05
16611,2010-03-10 16:07:00,2011-06-06 15:46:00,6,874,1785.13,297.5216666666667,145.66666666666666,18.166666666666668,Retail,2,3,3,233,Loyal Customer,Churned,185.0,United Kingdom,1785.13,2010-03
16612,2009-12-03 15:54:00,2011-11-07 07:38:00,9,1419,3245.43,360.6033333333333,157.66666666666666,18.555555555555557,Retail,3,3,3,333,Best Customer,Active,32.0,United Kingdom,3245.43,2009-12
16613,2011-09-30 15:52:00,2011-09-30 15:52:00,1,293,618.59,618.59,293.0,30.0,Retail,2,1,2,212,Average Customer,Active,69.0,United Kingdom,618.59,2011-09
16614,2010-05-10 15:18:00,2011-06-10 11:36:00,3,349,1179.79,393.2633333333333,116.33333333333333,16.333333333333332,Retail,2,2,2,222,Average Customer,Churned,182.0,United Kingdom,1179.79,2010-05
16615,2010-03-23 15:13:00,2010-03-23 15:13:00,1,211,291.5,291.5,211.0,19.0,Retail,1,1,1,111,At Risk / Lost Customer,Churned,625.0,United Kingdom,291.5,2010-03
16616,2011-07-05 13:38:00,2011-11-24 16:31:00,2,370,500.42,250.21,185.0,16.5,Retail,3,1,2,312,Average Customer,Active,14.0,United Kingdom,500.42,2011-07
16617,2011-04-18 10:35:00,2011-04-18 10:35:00,1,91,151.85,151.85,91.0,5.0,Retail,2,1,1,211,At Risk / Lost Customer,Churned,235.0,United Kingdom,151.85,2011-04
16618,2011-01-21 11:55:00,2011-11-08 13:52:00,5,1363,2647.59,529.518,272.6,19.2,Retail,3,2,3,323,Loyal Customer,Active,30.0,United Kingdom,2647.59,2011-01
16619,2010-02-22 12:05:00,2011-03-21 08:18:00,4,1055,1938.33,484.5825,263.75,29.0,Retail,2,2,3,223,Loyal Customer,Churned,263.0,United Kingdom,1938.33,2010-02
16620,2009-12-01 14:35:00,2011-12-06 12:19:00,6,1146,1758.93,293.15500000000003,191.0,15.666666666666666,Retail,3,3,3,333,Best Customer,Active,3.0,United Kingdom,1758.93,2009-12
16621,2011-03-07 11:32:00,2011-10-19 11:38:00,4,302,813.48,203.37,75.5,7.25,Retail,2,2,2,222,Average Customer,Active,51.0,United Kingdom,813.48,2011-03
16622,2010-06-14 10:44:00,2010-06-14 10:44:00,1,44,225.4,225.4,44.0,12.0,Retail,1,1,1,111,At Risk / Lost Customer,Churned,543.0,United Kingdom,225.4,2010-06
16623,2010-04-26 14:04:00,2011-04-08 10:09:00,4,442,1015.24,253.81,110.5,12.75,Retail,2,2,2,222,Average Customer,Churned,245.0,United Kingdom,1015.24,2010-04
16624,2011-05-26 14:20:00,2011-09-20 12:39:00,2,488,810.5699999999999,405.28499999999997,244.0,23.5,Retail,2,1,2,212,Average Customer,Active,80.0,United Kingdom,810.5699999999999,2011-05
16625,2010-06-14 11:56:00,2011-03-10 12:50:00,5,1057,1654.03,330.806,211.4,19.8,Retail,1,2,3,123,Average Customer,Churned,274.0,United Kingdom,1654.03,2010-06
16626,2011-03-18 12:27:00,2011-12-09 11:56:00,17,2690,4413.1,259.59411764705885,158.23529411764707,10.529411764705882,Retail,3,3,3,333,Best Customer,Active,0.0,United Kingdom,4413.1,2011-03
16627,2011-09-21 14:38:00,2011-09-21 14:38:00,1,162,322.8,322.8,162.0,20.0,Retail,2,1,1,211,At Risk / Lost Customer,Active,78.0,United Kingdom,322.8,2011-09
16628,2010-03-08 12:24:00,2011-11-10 12:45:00,7,1260,2318.1,331.15714285714284,180.0,17.857142857142858,Retail,3,3,3,333,Best Customer,Active,29.0,United Kingdom,2318.1,2010-03
16629,2011-09-04 16:12:00,2011-09-27 10:34:00,2,489,408.63,204.315,244.5,30.0,Retail,2,1,1,211,At Risk / Lost Customer,Active,73.0,United Kingdom,408.63,2011-09
16630,2010-10-28 14:30:00,2010-10-28 14:30:00,1,72,106.80000000000001,106.80000000000001,72.0,4.0,Retail,1,1,1,111,At Risk / Lost Customer,Churned,406.0,United Kingdom,106.80000000000001,2010-10
16631,2010-02-26 10:49:00,2010-08-15 11:20:00,7,775,1892.52,270.36,110.71428571428571,11.428571428571429,Retail,1,3,3,133,Loyal Customer,Churned,481.0,United Kingdom,1892.52,2010-02
16632,2010-05-07 16:46:00,2010-08-11 11:39:00,2,256,406.4,203.2,128.0,13.5,Retail,1,1,1,111,At Risk / Lost Customer,Churned,485.0,United Kingdom,406.4,2010-05
16633,2011-04-19 14:36:00,2011-11-22 13:41:00,6,1138,2883.1,480.51666666666665,189.66666666666666,25.333333333333332,Retail,3,3,3,333,Best Customer,Active,16.0,United Kingdom,2883.1,2011-04
16634,2010-01-21 09:30:00,2011-05-01 12:09:00,6,1257,1649.81,274.9683333333333,209.5,13.833333333333334,Retail,2,3,3,233,Loyal Customer,Churned,222.0,United Kingdom,1649.81,2010-01
16635,2010-10-29 09:41:00,2010-10-29 09:41:00,1,277,473.0,473.0,277.0,25.0,Retail,1,1,2,112,At Risk / Lost Customer,Churned,406.0,United Kingdom,473.0,2010-10
16636,2010-03-03 14:06:00,2010-09-27 13:13:00,4,2186,3802.04,950.51,546.5,18.25,Wholesale,,,,,,,,,,
16637,2011-04-28 10:20:00,2011-11-07 13:17:00,4,927,1154.47,288.6175,231.75,17.25,Retail,3,2,2,322,Loyal Customer,Active,31.0,United Kingdom,1154.47,2011-04
16638,2010-08-18 13:33:00,2011-11-17 11:09:00,15,1627,2380.13,158.67533333333333,108.46666666666667,9.2,Retail,3,3,3,333,Best Customer,Active,22.0,United Kingdom,2380.13,2010-08
16639,2010-10-26 18:23:00,2011-11-08 13:20:00,4,751,1747.98,436.995,187.75,20.25,Retail,3,2,3,323,Loyal Customer,Active,30.0,United Kingdom,1747.98,2010-10
16640,2010-11-07 10:48:00,2010-11-07 10:48:00,1,146,179.4,179.4,146.0,13.0,Retail,1,1,1,111,At Risk / Lost Customer,Churned,397.0,United Kingdom,179.4,2010-11
16641,2010-01-07 12:22:00,2011-08-26 12:49:00,2,454,554.5,277.25,227.0,18.0,Retail,2,1,2,212,Average Customer,Active,105.0,United Kingdom,554.5,2010-01
16642,2010-10-20 14:22:00,2011-12-05 11:31:00,3,775,1077.45,359.15000000000003,258.3333333333333,18.0,Retail,3,2,2,322,Loyal Customer,Active,4.0,United Kingdom,1077.45,2010-10
16643,2010-10-13 09:47:00,2011-04-08 08:24:00,2,553,923.11,461.555,276.5,27.5,Retail,2,1,2,212,Average Customer,Churned,245.0,United Kingdom,923.11,2010-10
16644,2011-05-11 12:53:00,2011-06-15 12:39:00,2,826,833.78,416.89,413.0,31.0,Retail,2,1,2,212,Average Customer,Churned,177.0,United Kingdom,833.78,2011-05
16645,2009-12-04 09:49:00,2009-12-04 09:49:00,1,117,160.39,160.39,117.0,14.0,Retail,1,1,1,111,At Risk / Lost Customer,Churned,735.0,United Kingdom,160.39,2009-12
16646,2010-09-16 13:28:00,2010-09-16 13:28:00,1,1072,678.8,678.8,1072.0,29.0,Wholesale,,,,,,,,,,
16647,2010-06-13 15:52:00,2011-06-23 11:47:00,4,396,541.9,135.475,99.0,8.25,Retail,2,2,2,222,Average Customer,Churned,169.0,United Kingdom,541.9,2010-06
16648,2010-04-28 14:58:00,2011-10-28 08:58:00,3,503,672.8,224.26666666666665,167.66666666666666,12.333333333333334,Retail,3,2,2,322,Loyal Customer,Active,42.0,United Kingdom,672.8,2010-04
16649,2010-07-07 15:41:00,2010-07-07 15:41:00,1,82,306.58000000000004,306.58000000000004,82.0,20.0,Retail,1,1,1,111,At Risk / Lost Customer,Churned,519.0,United Kingdom,306.58000000000004,2010-07
16650,2010-07-08 14:18:00,2011-09-29 09:51:00,7,1511,1916.11,273.72999999999996,215.85714285714286,14.0,Retail,2,3,3,233,Loyal Customer,Active,71.0,United Kingdom,1916.11,2010-07
16651,2010-05-02 11:46:00,2010-05-02 11:46:00,1,60,136.2,136.2,60.0,6.0,Retail,1,1,1,111,At Risk / Lost Customer,Churned,586.0,United Kingdom,136.2,2010-05
16652,2010-03-17 10:22:00,2011-10-12 09:38:00,16,7477,17550.39,1096.899375,467.3125,17.1875,Retail,2,3,3,233,Loyal Customer,Active,58.0,United Kingdom,17550.39,2010-03
16653,2011-09-29 13:38:00,2011-11-23 14:51:00,2,733,1212.66,606.33,366.5,34.5,Retail,3,1,2,312,Average Customer,Active,15.0,United Kingdom,1212.66,2011-09
16654,2010-04-06 13:29:00,2011-07-21 15:23:00,8,640,1484.07,185.50875,80.0,9.25,Retail,2,3,3,233,Loyal Customer,Churned,140.0,United Kingdom,1484.07,2010-04
16655,2010-01-31 15:40:00,2011-11-22 11:25:00,13,3938,6423.26,494.0969230769231,302.9230769230769,43.07692307692308,Retail,3,3,3,333,Best Customer,Active,17.0,United Kingdom,6423.26,2010-01
16656,2009-12-04 12:59:00,2011-11-17 14:43:00,30,15433,16833.170000000002,561.1056666666667,514.4333333333333,4.7,Wholesale,,,,,,,,,,
16657,2011-03-30 12:02:00,2011-11-30 11:48:00,4,1130,874.43,218.6075,282.5,46.5,Retail,3,2,2,322,Loyal Customer,Active,9.0,United Kingdom,874.43,2011-03
16658,2010-03-30 16:24:00,2010-12-06 13:47:00,6,277,690.83,115.13833333333334,46.166666666666664,10.5,Retail,1,3,2,132,Average Customer,Churned,367.0,United Kingdom,690.83,2010-03
16659,2011-06-03 15:03:00,2011-06-03 15:03:00,1,72,39.12,39.12,72.0,2.0,Retail,2,1,1,211,At Risk / Lost Customer,Churned,188.0,United Kingdom,39.12,2011-06
16660,2010-01-14 11:09:00,2011-11-23 14:53:00,7,991,1879.55,268.50714285714287,141.57142857142858,3.142857142857143,Retail,3,3,3,333,Best Customer,Active,15.0,United Kingdom,1879.55,2010-01
16661,2009-12-17 15:39:00,2010-06-17 15:24:00,4,364,932.76,233.19,91.0,15.0,Retail,1,2,2,122,Average Customer,Churned,539.0,United Kingdom,932.76,2009-12
16662,2010-11-10 16:56:00,2010-11-10 16:56:00,1,35,151.05,151.05,35.0,28.0,Retail,1,1,1,111,At Risk / Lost Customer,Churned,393.0,United Kingdom,151.05,2010-11
16663,2009-12-10 13:12:00,2009-12-10 13:12:00,1,100,165.0,165.0,100.0,1.0,Retail,1,1,1,111,At Risk / Lost Customer,Churned,728.0,United Kingdom,165.0,2009-12
16664,2010-05-19 17:11:00,2010-05-19 17:11:00,1,24,109.2,109.2,24.0,8.0,Retail,1,1,1,111,At Risk / Lost Customer,Churned,568.0,United Kingdom,109.2,2010-05
16665,2010-12-12 14:03:00,2010-12-12 14:03:00,1,59,135.39999999999998,135.39999999999998,59.0,9.0,Retail,1,1,1,111,At Risk / Lost Customer,Churned,361.0,United Kingdom,135.39999999999998,2010-12
16666,2010-03-28 15:13:00,2011-11-20 14:01:00,2,354,217.71,108.855,177.0,23.5,Retail,3,1,1,311,Average Customer,Active,18.0,United Kingdom,217.71,2010-03
16667,2011-02-28 12:57:00,2011-10-02 15:26:00,2,236,567.1800000000001,283.59000000000003,118.0,26.0,Retail,2,1,2,212,Average Customer,Active,67.0,United Kingdom,567.1800000000001,2011-02
16668,2010-03-18 18:25:00,2011-11-24 17:43:00,13,773,862.42,66.34,59.46153846153846,4.076923076923077,Retail,3,3,2,332,Loyal Customer,Active,14.0,United Kingdom,862.42,2010-03
16669,2011-09-22 14:13:00,2011-11-16 12:26:00,3,881,1348.88,449.6266666666667,293.6666666666667,51.0,Retail,3,2,2,322,Loyal Customer,Active,23.0,United Kingdom,1348.88,2011-09
16670,2009-12-10 15:28:00,2011-11-23 09:34:00,20,4534,8030.150000000001,401.50750000000005,226.7,24.25,Retail,3,3,3,333,Best Customer,Active,16.0,United Kingdom,8030.150000000001,2009-12
16671,2011-06-28 11:20:00,2011-11-11 13:40:00,3,875,1692.27,564.09,291.6666666666667,2.0,Retail,3,2,3,323,Loyal Customer,Active,27.0,United Kingdom,1692.27,2011-06
16672,2011-03-18 10:15:00,2011-12-07 16:29:00,20,2832,8134.9400000000005,406.747,141.6,5.7,Retail,3,3,3,333,Best Customer,Active,1.0,United Kingdom,8134.9400000000005,2011-03
16673,2010-01-29 14:22:00,2010-01-29 14:22:00,1,95,171.13,171.13,95.0,19.0,Retail,1,1,1,111,At Risk / Lost Customer,Churned,678.0,United Kingdom,171.13,2010-01
16674,2011-09-02 13:59:00,2011-10-16 11:31:00,2,181,304.24,152.12,90.5,46.5,Retail,2,1,1,211,At Risk / Lost Customer,Active,54.0,United Kingdom,304.24,2011-09
16675,2010-08-18 13:11:00,2010-09-24 12:15:00,2,296,608.86,304.43,148.0,11.0,Retail,1,1,2,112,At Risk / Lost Customer,Churned,441.0,United Kingdom,608.86,2010-08
16676,2010-10-17 13:07:00,2011-11-06 12:01:00,6,927,2361.9,393.65000000000003,154.5,22.166666666666668,Retail,3,3,3,333,Best Customer,Active,33.0,United Kingdom,2361.9,2010-10
16677,2010-02-25 16:11:00,2010-10-24 14:53:00,2,457,880.62,440.31,228.5,23.5,Retail,1,1,2,112,At Risk / Lost Customer,Churned,410.0,United Kingdom,880.62,2010-02
16678,2011-03-02 09:24:00,2011-12-07 12:17:00,12,2397,3109.99,259.1658333333333,199.75,13.583333333333334,Retail,3,3,3,333,Best Customer,Active,2.0,United Kingdom,3109.99,2011-03
16679,2010-06-10 18:35:00,2010-12-08 13:51:00,3,247,663.31,221.10333333333332,82.33333333333333,6.0,Retail,1,2,2,122,Average Customer,Churned,365.0,United Kingdom,663.31,2010-06
16680,2010-06-23 09:30:00,2011-10-27 17:35:00,3,377,821.45,273.81666666666666,125.66666666666667,9.0,Retail,3,2,2,322,Loyal Customer,Active,42.0,United Kingdom,821.45,2010-06
16681,2010-03-08 14:10:00,2011-09-28 11:11:00,7,1492,1921.84,274.5485714285714,213.14285714285714,7.0,Retail,2,3,3,233,Loyal Customer,Active,72.0,United Kingdom,1921.84,2010-03
16682,2011-06-05 11:02:00,2011-12-05 12:13:00,5,1040,1028.0,205.6,208.0,6.0,Retail,3,2,2,322,Loyal Customer,Active,4.0,United Kingdom,1028.0,2011-06
16683,2010-06-24 10:36:00,2010-06-24 10:36:00,1,190,320.25,320.25,190.0,18.0,Retail,1,1,1,111,At Risk / Lost Customer,Churned,533.0,United Kingdom,320.25,2010-06
16684,2009-12-07 12:56:00,2011-12-05 14:06:00,55,104810,147142.77,2675.3230909090908,1905.6363636363637,13.054545454545455,Wholesale,,,,,,,,,,
16685,2011-10-09 13:44:00,2011-10-09 13:58:00,2,396,324.24,162.12,198.0,30.0,Retail,2,1,1,211,At Risk / Lost Customer,Active,60.0,United Kingdom,324.24,2011-10
16686,2009-12-06 15:48:00,2011-10-23 13:49:00,16,3419,4881.07,305.066875,213.6875,62.625,Wholesale,,,,,,,,,,
16687,2010-11-14 11:46:00,2010-11-14 11:46:00,1,141,157.63,157.63,141.0,8.0,Retail,1,1,1,111,At Risk / Lost Customer,Churned,390.0,United Kingdom,157.63,2010-11
16688,2011-10-10 12:23:00,2011-12-08 15:24:00,4,804,1260.86,315.215,201.0,15.5,Retail,3,2,2,322,Loyal Customer,Active,0.0,United Kingdom,1260.86,2011-10
16689,2011-09-18 13:29:00,2011-09-25 11:39:00,2,330,422.59999999999997,211.29999999999998,165.0,6.5,Retail,2,1,1,211,At Risk / Lost Customer,Active,75.0,United Kingdom,422.59999999999997,2011-09
16690,2010-09-14 15:00:00,2011-09-28 15:02:00,4,209,353.03,88.2575,52.25,4.75,Retail,2,2,1,221,Average Customer,Active,71.0,United Kingdom,353.03,2010-09
16691,2010-05-27 14:55:00,2010-10-17 15:03:00,2,92,178.83,89.415,46.0,5.5,Retail,1,1,1,111,At Risk / Lost Customer,Churned,417.0,United Kingdom,178.83,2010-05
16692,2010-09-24 11:31:00,2011-03-28 14:46:00,4,878,1914.6999999999998,478.67499999999995,219.5,1.25,Retail,2,2,3,223,Loyal Customer,Churned,255.0,United Kingdom,1914.6999999999998,2010-09
16693,2010-02-21 12:42:00,2011-10-02 11:10:00,5,658,1179.48,235.89600000000002,131.6,32.4,Retail,2,2,2,222,Average Customer,Active,68.0,United Kingdom,1179.48,2010-02
16694,2009-12-16 15:45:00,2009-12-16 15:45:00,1,26,98.30000000000001,98.30000000000001,26.0,3.0,Retail,1,1,1,111,At Risk / Lost Customer,Churned,722.0,United Kingdom,98.30000000000001,2009-12
16695,2010-05-27 12:24:00,2010-05-27 12:36:00,2,184,191.9,95.95,92.0,15.0,Retail,1,1,1,111,At Risk / Lost Customer,Churned,561.0,United Kingdom,191.9,2010-05
16696,2011-04-05 15:20:00,2011-07-27 14:23:00,4,146,657.9000000000001,164.47500000000002,36.5,2.5,Retail,2,2,2,222,Average Customer,Active,134.0,United Kingdom,657.9000000000001,2011-04
16697,2011-04-12 17:12:00,2011-04-12 17:12:00,1,27,112.75,112.75,27.0,20.0,Retail,2,1,1,211,At Risk / Lost Customer,Churned,240.0,United Kingdom,112.75,2011-04
16698,2011-03-31 13:33:00,2011-04-27 10:52:00,2,840,1998.0,999.0,420.0,2.5,Retail,2,1,3,213,Average Customer,Churned,226.0,United Kingdom,1998.0,2011-03
16699,2009-12-04 13:31:00,2010-11-24 14:38:00,7,640,994.6,142.0857142857143,91.42857142857143,8.571428571428571,Retail,1,3,2,132,Average Customer,Churned,379.0,United Kingdom,994.6,2009-12
16700,2009-12-02 10:51:00,2011-12-01 11:00:00,25,6644,8830.77,353.23080000000004,265.76,20.6,Retail,3,3,3,333,Best Customer,Active,8.0,United Kingdom,8830.77,2009-12
16701,2009-12-01 19:19:00,2011-12-01 11:10:00,26,11046,9916.73,381.4126923076923,424.84615384615387,10.538461538461538,Retail,3,3,3,333,Best Customer,Active,8.0,United Kingdom,9916.73,2009-12
16702,2009-12-07 16:40:00,2010-10-20 14:10:00,4,692,1110.83,277.7075,173.0,22.75,Retail,1,2,2,122,Average Customer,Churned,414.0,United Kingdom,1110.83,2009-12
16704,2010-02-05 14:14:00,2010-03-31 14:02:00,2,433,664.16,332.08,216.5,25.5,Retail,1,1,2,112,At Risk / Lost Customer,Churned,617.0,United Kingdom,664.16,2010-02
16705,2009-12-09 13:34:00,2011-12-09 12:08:00,42,22302,43515.051,1036.072642857143,531.0,16.452380952380953,Wholesale,,,,,,,,,,
16706,2011-08-17 15:53:00,2011-11-02 13:50:00,3,249,531.35,177.11666666666667,83.0,40.666666666666664,Retail,3,2,2,322,Loyal Customer,Active,36.0,United Kingdom,531.35,2011-08
16707,2010-03-09 15:16:00,2010-11-04 14:39:00,4,396,533.41,133.3525,99.0,16.25,Retail,1,2,2,122,Average Customer,Churned,399.0,United Kingdom,533.41,2010-03
16708,2011-10-25 12:20:00,2011-10-25 12:20:00,1,285,656.63,656.63,285.0,27.0,Retail,2,1,2,212,Average Customer,Active,45.0,United Kingdom,656.63,2011-10
16709,2009-12-09 13:16:00,2011-09-16 10:56:00,14,3261,9056.01,646.8578571428571,232.92857142857142,21.214285714285715,Retail,2,3,3,233,Loyal Customer,Active,84.0,United Kingdom,9056.01,2009-12
16710,2009-12-04 13:41:00,2011-11-20 14:50:00,22,4174,5921.35,269.15227272727276,189.72727272727272,40.59090909090909,Retail,3,3,3,333,Best Customer,Active,18.0,United Kingdom,5921.35,2009-12
16711,2009-12-02 13:22:00,2011-12-06 16:32:00,9,1212,2868.48,318.72,134.66666666666666,3.6666666666666665,Retail,3,3,3,333,Best Customer,Active,2.0,United Kingdom,2868.48,2009-12
16712,2010-11-03 15:45:00,2011-11-30 13:48:00,13,2074,4232.87,325.6053846153846,159.53846153846155,38.53846153846154,Retail,3,3,3,333,Best Customer,Active,8.0,United Kingdom,4232.87,2010-11
16713,2009-12-15 12:49:00,2011-11-21 12:36:00,32,8482,14115.56,441.11125,265.0625,39.4375,Retail,3,3,3,333,Best Customer,Active,18.0,United Kingdom,14115.56,2009-12
16714,2010-02-07 11:17:00,2011-05-05 11:09:00,4,828,1497.33,374.3325,207.0,25.0,Retail,2,2,3,223,Loyal Customer,Churned,218.0,United Kingdom,1497.33,2010-02
16715,2010-05-26 12:35:00,2011-09-22 18:15:00,2,1174,625.52,312.76,587.0,14.0,Wholesale,,,,,,,,,,
16716,2010-03-19 11:05:00,2011-03-18 10:03:00,3,912,2149.6800000000003,716.5600000000001,304.0,2.6666666666666665,Retail,2,2,3,223,Loyal Customer,Churned,266.0,United Kingdom,2149.6800000000003,2010-03
16717,2009-12-07 15:55:00,2011-11-16 12:16:00,14,3145,6663.68,475.9771428571429,224.64285714285714,25.0,Retail,3,3,3,333,Best Customer,Active,23.0,United Kingdom,6663.68,2009-12
16718,2009-12-06 13:07:00,2010-12-05 13:03:00,5,1924,3006.08,601.216,384.8,33.6,Retail,1,2,3,123,Average Customer,Churned,368.0,United Kingdom,3006.08,2009-12
16719,2009-12-13 10:59:00,2011-11-25 09:27:00,14,2356,3513.62,250.97285714285712,168.28571428571428,27.714285714285715,Retail,3,3,3,333,Best Customer,Active,14.0,United Kingdom,3513.62,2009-12
16720,2009-12-17 17:54:00,2011-11-13 16:22:00,3,460,758.74,252.91333333333333,153.33333333333334,45.666666666666664,Retail,3,2,2,322,Loyal Customer,Active,25.0,United Kingdom,758.74,2009-12
16721,2011-03-22 16:08:00,2011-03-22 16:08:00,1,172,292.47,292.47,172.0,37.0,Retail,2,1,1,211,At Risk / Lost Customer,Churned,261.0,United Kingdom,292.47,2011-03
16722,2009-12-03 19:23:00,2011-11-22 13:28:00,22,7986,8189.56,372.25272727272727,363.0,17.181818181818183,Retail,3,3,3,333,Best Customer,Active,16.0,United Kingdom,8189.56,2009-12
16723,2009-12-04 13:23:00,2011-09-09 13:01:00,4,958,1231.36,307.84,239.5,27.5,Retail,2,2,2,222,Average Customer,Active,90.0,United Kingdom,1231.36,2009-12
16724,2010-10-31 11:40:00,2010-10-31 11:40:00,1,69,147.35,147.35,69.0,17.0,Retail,1,1,1,111,At Risk / Lost Customer,Churned,404.0,United Kingdom,147.35,2010-10
16725,2009-12-13 15:54:00,2011-02-10 16:52:00,14,700,1688.26,120.59,50.0,24.071428571428573,Retail,1,3,3,133,Loyal Customer,Churned,301.0,United Kingdom,1688.26,2009-12
16726,2010-10-24 16:09:00,2011-11-13 14:53:00,7,1323,2063.88,294.84000000000003,189.0,34.0,Retail,3,3,3,333,Best Customer,Active,25.0,United Kingdom,2063.88,2010-10
16727,2010-01-20 10:48:00,2010-12-10 13:48:00,4,1066,1377.77,344.4425,266.5,48.25,Retail,1,2,2,122,Average Customer,Churned,363.0,United Kingdom,1377.77,2010-01
16728,2011-03-20 13:28:00,2011-10-24 14:36:00,4,671,1048.28,262.07,167.75,65.0,Wholesale,,,,,,,,,,
16729,2011-04-12 14:22:00,2011-11-01 14:29:00,21,5722,7205.33,343.11095238095237,272.4761904761905,30.857142857142858,Retail,3,3,3,333,Best Customer,Active,37.0,United Kingdom,7205.33,2011-04
16730,2011-01-24 14:01:00,2011-10-18 14:11:00,3,994,743.11,247.70333333333335,331.3333333333333,26.333333333333332,Retail,2,2,2,222,Average Customer,Active,51.0,United Kingdom,743.11,2011-01
16731,2010-03-01 15:05:00,2010-03-01 15:05:00,1,124,170.3,170.3,124.0,40.0,Retail,1,1,1,111,At Risk / Lost Customer,Churned,647.0,United Kingdom,170.3,2010-03
16732,2009-12-08 13:04:00,2011-11-08 09:54:00,4,2414,4387.64,1096.91,603.5,55.25,Wholesale,,,,,,,,,,
16733,2010-06-28 10:12:00,2010-06-28 10:12:00,1,112,259.68,259.68,112.0,12.0,Retail,1,1,1,111,At Risk / Lost Customer,Churned,529.0,United Kingdom,259.68,2010-06
16734,2011-08-17 15:00:00,2011-10-18 13:44:00,3,345,646.76,215.58666666666667,115.0,15.666666666666666,Retail,2,2,2,222,Average Customer,Active,51.0,United Kingdom,646.76,2011-08
16735,2009-12-08 09:24:00,2011-09-22 11:49:00,14,4240,6217.41,444.1007142857143,302.85714285714283,20.642857142857142,Retail,2,3,3,233,Loyal Customer,Active,78.0,United Kingdom,6217.41,2009-12
16736,2009-12-03 16:12:00,2010-07-22 10:09:00,5,1050,2956.56,591.312,210.0,28.6,Retail,1,2,3,123,Average Customer,Churned,505.0,United Kingdom,2956.56,2009-12
16737,2010-05-11 09:53:00,2011-10-17 13:03:00,2,576,835.1999999999999,417.59999999999997,288.0,1.0,Retail,2,1,2,212,Average Customer,Active,52.0,United Kingdom,835.1999999999999,2010-05
16738,2011-02-15 09:46:00,2011-02-15 09:46:00,1,3,3.75,3.75,3.0,1.0,Retail,1,1,1,111,At Risk / Lost Customer,Churned,297.0,United Kingdom,3.75,2011-02
16739,2010-06-21 09:38:00,2011-06-16 09:17:00,2,391,786.43,393.215,195.5,19.0,Retail,2,1,2,212,Average Customer,Churned,176.0,United Kingdom,786.43,2010-06
16740,2010-11-09 13:34:00,2010-11-09 13:34:00,1,110,226.91,226.91,110.0,30.0,Retail,1,1,1,111,At Risk / Lost Customer,Churned,394.0,United Kingdom,226.91,2010-11
16741,2010-03-24 15:15:00,2010-03-24 15:15:00,1,81,173.06,173.06,81.0,11.0,Retail,1,1,1,111,At Risk / Lost Customer,Churned,624.0,United Kingdom,173.06,2010-03
16742,2009-12-16 17:22:00,2011-10-24 12:02:00,14,2558,2799.87,199.9907142857143,182.71428571428572,7.0,Retail,2,3,3,233,Loyal Customer,Active,46.0,United Kingdom,2799.87,2009-12
16743,2010-04-22 13:21:00,2011-11-10 13:13:00,14,3707,4212.15,300.86785714285713,264.7857142857143,26.214285714285715,Retail,3,3,3,333,Best Customer,Active,28.0,United Kingdom,4212.15,2010-04
16744,2011-06-19 15:13:00,2011-11-28 13:06:00,7,798,1291.91,184.55857142857144,114.0,33.57142857142857,Retail,3,3,2,332,Loyal Customer,Active,10.0,United Kingdom,1291.91,2011-06
16745,2011-02-01 11:31:00,2011-09-14 11:58:00,17,6719,7180.7,422.3941176470588,395.2352941176471,20.647058823529413,Retail,2,3,3,233,Loyal Customer,Active,86.0,United Kingdom,7180.7,2011-02
16746,2009-12-04 13:00:00,2011-12-05 12:33:00,42,11900,18046.75,429.6845238095238,283.3333333333333,23.214285714285715,Retail,3,3,3,333,Best Customer,Active,4.0,United Kingdom,18046.75,2009-12
16747,2011-10-03 10:18:00,2011-11-02 11:37:00,2,583,836.06,418.03,291.5,21.0,Retail,3,1,2,312,Average Customer,Active,37.0,United Kingdom,836.06,2011-10
16748,2009-12-10 12:28:00,2011-11-22 10:17:00,14,2127,3637.33,259.8092857142857,151.92857142857142,11.785714285714286,Retail,3,3,3,333,Best Customer,Active,17.0,United Kingdom,3637.33,2009-12
16749,2009-12-15 14:05:00,2010-04-27 13:06:00,2,1910,4157.88,2078.94,955.0,35.5,Wholesale,,,,,,,,,,
16750,2011-04-21 16:53:00,2011-10-26 12:48:00,5,214,623.93,124.78599999999999,42.8,19.0,Retail,2,2,2,222,Average Customer,Active,44.0,United Kingdom,623.93,2011-04
16751,2011-11-09 10:48:00,2011-11-09 10:48:00,1,1031,1764.72,1764.72,1031.0,24.0,Wholesale,,,,,,,,,,
16752,2010-12-02 12:18:00,2010-12-02 12:18:00,1,54,207.5,207.5,54.0,9.0,Retail,1,1,1,111,At Risk / Lost Customer,Churned,372.0,United Kingdom,207.5,2010-12
16753,2011-10-12 13:14:00,2011-10-12 13:14:00,1,189,223.92000000000002,223.92000000000002,189.0,34.0,Retail,2,1,1,211,At Risk / Lost Customer,Active,57.0,United Kingdom,223.92000000000002,2011-10
16754,2010-03-08 11:32:00,2010-12-02 17:38:00,29,63551,65500.07,2258.6231034482757,2191.4137931034484,4.827586206896552,Wholesale,,,,,,,,,,
16755,2009-12-09 14:25:00,2011-08-17 13:21:00,7,1985,2864.68,409.23999999999995,283.57142857142856,45.285714285714285,Retail,2,3,3,233,Loyal Customer,Active,113.0,United Kingdom,2864.68,2009-12
16756,2010-03-09 15:56:00,2011-05-09 09:33:00,7,707,1312.3700000000001,187.48142857142858,101.0,11.285714285714286,Retail,2,3,2,232,Loyal Customer,Churned,214.0,United Kingdom,1312.3700000000001,2010-03
16757,2010-10-26 15:09:00,2011-01-25 11:59:00,2,180,270.48,135.24,90.0,7.5,Retail,1,1,1,111,At Risk / Lost Customer,Churned,318.0,United Kingdom,270.48,2010-10
16758,2011-10-05 14:47:00,2011-10-05 14:47:00,1,203,369.34000000000003,369.34000000000003,203.0,22.0,Retail,2,1,1,211,At Risk / Lost Customer,Active,64.0,United Kingdom,369.34000000000003,2011-10
16759,2011-11-09 09:06:00,2011-12-02 12:42:00,3,609,789.79,263.2633333333333,203.0,14.0,Retail,3,2,2,322,Loyal Customer,Active,7.0,United Kingdom,789.79,2011-11
16760,2010-10-05 15:55:00,2010-10-05 15:55:00,1,168,228.0,228.0,168.0,17.0,Retail,1,1,1,111,At Risk / Lost Customer,Churned,429.0,United Kingdom,228.0,2010-10
16761,2011-09-04 11:15:00,2011-09-04 11:15:00,1,341,316.62,316.62,341.0,13.0,Retail,2,1,1,211,At Risk / Lost Customer,Active,96.0,United Kingdom,316.62,2011-09
16762,2011-07-18 12:52:00,2011-11-20 11:43:00,3,480,1207.24,402.41333333333336,160.0,21.0,Retail,3,2,2,322,Loyal Customer,Active,19.0,United Kingdom,1207.24,2011-07
16763,2009-12-01 15:26:00,2011-05-25 11:52:00,2,492,964.6999999999999,482.34999999999997,246.0,22.0,Retail,2,1,2,212,Average Customer,Churned,198.0,United Kingdom,964.6999999999999,2009-12
16764,2011-07-19 17:17:00,2011-12-06 11:41:00,13,1253,2790.9500000000003,214.68846153846155,96.38461538461539,53.23076923076923,Wholesale,,,,,,,,,,
16765,2010-11-22 13:42:00,2011-02-18 15:41:00,2,311,454.75,227.375,155.5,26.0,Retail,1,1,2,112,At Risk / Lost Customer,Churned,293.0,United Kingdom,454.75,2010-11
16766,2011-03-11 13:34:00,2011-03-11 15:22:00,2,536,1145.6,572.8,268.0,17.0,Retail,1,1,2,112,At Risk / Lost Customer,Churned,272.0,United Kingdom,1145.6,2011-03
16767,2010-04-28 16:49:00,2011-11-09 09:42:00,15,7102,8056.76,537.1173333333334,473.46666666666664,21.133333333333333,Retail,3,3,3,333,Best Customer,Active,30.0,United Kingdom,8056.76,2010-04
16768,2009-12-07 11:47:00,2011-10-23 10:38:00,9,774,1698.57,188.73,86.0,17.333333333333332,Retail,2,3,3,233,Loyal Customer,Active,47.0,United Kingdom,1698.57,2009-12
16769,2009-12-14 11:10:00,2011-03-24 13:41:00,4,295,1117.05,279.2625,73.75,23.0,Retail,2,2,2,222,Average Customer,Churned,259.0,United Kingdom,1117.05,2009-12
16770,2010-08-22 16:08:00,2011-10-13 12:21:00,9,1052,1778.93,197.6588888888889,116.88888888888889,36.888888888888886,Retail,2,3,3,233,Loyal Customer,Active,57.0,United Kingdom,1778.93,2010-08
16771,2009-12-09 11:52:00,2011-11-06 13:28:00,10,2308,3949.6,394.96,230.8,40.2,Retail,3,3,3,333,Best Customer,Active,32.0,United Kingdom,3949.6,2009-12
16772,2009-12-18 10:50:00,2010-10-12 13:19:00,3,687,3698.0499999999997,1232.6833333333332,229.0,22.666666666666668,Retail,1,2,3,123,Average Customer,Churned,422.0,United Kingdom,3698.0499999999997,2009-12
16773,2009-12-06 15:01:00,2011-10-13 14:37:00,3,252,421.24,140.41333333333333,84.0,20.333333333333332,Retail,2,2,1,221,Average Customer,Active,56.0,United Kingdom,421.24,2009-12
16774,2010-02-16 16:53:00,2011-10-03 12:41:00,8,774,1567.48,195.935,96.75,16.0,Retail,2,3,3,233,Loyal Customer,Active,67.0,United Kingdom,1567.48,2010-02
16775,2010-09-23 17:34:00,2011-11-29 15:22:00,16,957,2820.84,176.3025,59.8125,16.125,Retail,3,3,3,333,Best Customer,Active,9.0,United Kingdom,2820.84,2010-09
16776,2010-10-20 12:13:00,2011-10-10 13:04:00,2,435,592.51,296.255,217.5,54.5,Wholesale,,,,,,,,,,
16777,2010-03-17 12:42:00,2011-09-20 13:41:00,5,470,1292.18,258.43600000000004,94.0,27.6,Retail,2,2,2,222,Average Customer,Active,79.0,United Kingdom,1292.18,2010-03
16778,2011-03-10 15:21:00,2011-09-26 13:48:00,2,194,245.94,122.97,97.0,8.0,Retail,2,1,1,211,At Risk / Lost Customer,Active,73.0,United Kingdom,245.94,2011-03
16779,2009-12-03 13:03:00,2011-12-07 14:54:00,53,19411,32809.03,619.0383018867924,366.24528301886795,19.50943396226415,Retail,3,3,3,333,Best Customer,Active,1.0,United Kingdom,32809.03,2009-12
16780,2010-10-28 19:41:00,2011-08-31 16:09:00,3,352,596.4,198.79999999999998,117.33333333333333,30.666666666666668,Retail,2,2,2,222,Average Customer,Active,99.0,United Kingdom,596.4,2010-10
16781,2010-02-08 13:56:00,2010-12-02 14:26:00,2,192,623.0,311.5,96.0,19.5,Retail,1,1,2,112,At Risk / Lost Customer,Churned,371.0,United Kingdom,623.0,2010-02
16782,2009-12-09 11:58:00,2011-11-29 13:20:00,38,4027,9636.12,253.58210526315793,105.97368421052632,42.23684210526316,Retail,3,3,3,333,Best Customer,Active,9.0,United Kingdom,9636.12,2009-12
16783,2010-09-29 11:53:00,2010-09-29 11:53:00,1,163,391.95,391.95,163.0,25.0,Retail,1,1,1,111,At Risk / Lost Customer,Churned,436.0,United Kingdom,391.95,2010-09
16784,2010-03-28 12:55:00,2011-11-20 12:20:00,5,494,892.33,178.466,98.8,31.2,Retail,3,2,2,322,Loyal Customer,Active,19.0,United Kingdom,892.33,2010-03
16785,2010-10-26 10:36:00,2010-10-26 10:36:00,1,313,533.78,533.78,313.0,35.0,Retail,1,1,2,112,At Risk / Lost Customer,Churned,409.0,United Kingdom,533.78,2010-10
16786,2010-11-11 08:25:00,2010-11-11 08:25:00,1,72,51.839999999999996,51.839999999999996,72.0,1.0,Retail,1,1,1,111,At Risk / Lost Customer,Churned,393.0,United Kingdom,51.839999999999996,2010-11
16787,2010-01-10 11:12:00,2010-11-07 11:01:00,4,472,1017.53,254.3825,118.0,28.0,Retail,1,2,2,122,Average Customer,Churned,397.0,United Kingdom,1017.53,2010-01
16788,2010-02-07 12:40:00,2011-08-08 14:53:00,5,965,1928.93,385.786,193.0,94.4,Wholesale,,,,,,,,,,
16789,2011-12-01 15:12:00,2011-12-01 15:12:00,1,32,80.8,80.8,32.0,5.0,Retail,3,1,1,311,Average Customer,Active,7.0,United Kingdom,80.8,2011-12
16790,2011-11-02 11:23:00,2011-12-06 11:53:00,6,898,1545.6200000000001,257.60333333333335,149.66666666666666,15.5,Retail,3,3,3,333,Best Customer,Active,3.0,United Kingdom,1545.6200000000001,2011-11
16791,2009-12-03 18:08:00,2011-11-10 19:12:00,15,1854,3957.63,263.842,123.6,45.0,Retail,3,3,3,333,Best Customer,Active,28.0,United Kingdom,3957.63,2009-12
16792,2010-01-04 13:47:00,2011-03-02 14:41:00,5,324,623.46,124.69200000000001,64.8,20.0,Retail,1,2,2,122,Average Customer,Churned,281.0,United Kingdom,623.46,2010-01
16793,2011-10-13 15:08:00,2011-10-13 15:08:00,1,146,243.84,243.84,146.0,16.0,Retail,2,1,1,211,At Risk / Lost Customer,Active,56.0,United Kingdom,243.84,2011-10
16794,2010-03-25 15:17:00,2011-12-08 17:54:00,15,1576,2052.7,136.84666666666666,105.06666666666666,33.0,Retail,3,3,3,333,Best Customer,Active,0.0,United Kingdom,2052.7,2010-03
16795,2010-01-25 13:14:00,2010-12-09 14:08:00,3,1214,2062.41,687.4699999999999,404.6666666666667,108.66666666666667,Wholesale,,,,,,,,,,
16796,2011-09-11 14:01:00,2011-09-11 14:01:00,1,186,305.62,305.62,186.0,18.0,Retail,2,1,1,211,At Risk / Lost Customer,Active,88.0,United Kingdom,305.62,2011-09
16797,2009-12-02 13:33:00,2010-11-11 19:14:00,5,898,1802.02,360.404,179.6,79.4,Wholesale,,,,,,,,,,
16798,2009-12-10 19:35:00,2010-06-03 19:01:00,3,205,841.16,280.38666666666666,68.33333333333333,56.0,Wholesale,,,,,,,,,,
16799,2010-09-12 12:46:00,2010-10-03 14:28:00,2,162,452.78000000000003,226.39000000000001,81.0,43.0,Retail,1,1,2,112,At Risk / Lost Customer,Churned,431.0,United Kingdom,452.78000000000003,2010-09
16800,2011-11-28 14:06:00,2011-11-28 14:06:00,1,524,1162.65,1162.65,524.0,148.0,Wholesale,,,,,,,,,,
16801,2011-03-11 13:56:00,2011-06-29 15:33:00,4,493,1594.23,398.5575,123.25,18.75,Retail,2,2,3,223,Loyal Customer,Churned,162.0,United Kingdom,1594.23,2011-03
16802,2009-12-09 13:00:00,2010-01-29 13:44:00,2,369,582.61,291.305,184.5,26.0,Retail,1,1,2,112,At Risk / Lost Customer,Churned,678.0,United Kingdom,582.61,2009-12
16803,2011-10-05 14:28:00,2011-10-05 14:28:00,1,245,332.3,332.3,245.0,24.0,Retail,2,1,1,211,At Risk / Lost Customer,Active,64.0,United Kingdom,332.3,2011-10
16804,2011-03-14 15:48:00,2011-11-16 16:43:00,3,246,536.99,178.99666666666667,82.0,20.0,Retail,3,2,2,322,Loyal Customer,Active,22.0,United Kingdom,536.99,2011-03
16805,2009-12-08 14:29:00,2011-06-19 11:23:00,5,1120,1091.34,218.26799999999997,224.0,49.2,Retail,2,2,2,222,Average Customer,Churned,173.0,United Kingdom,1091.34,2009-12
16806,2011-04-14 19:59:00,2011-08-28 15:27:00,4,356,762.16,190.54,89.0,23.0,Retail,2,2,2,222,Average Customer,Active,102.0,United Kingdom,762.16,2011-04
16807,2010-03-26 14:38:00,2011-07-20 12:00:00,6,1433,2123.88,353.98,238.83333333333334,23.666666666666668,Retail,2,3,3,233,Loyal Customer,Churned,142.0,United Kingdom,2123.88,2010-03
16808,2011-03-10 19:05:00,2011-09-01 19:34:00,2,196,288.42,144.21,98.0,11.5,Retail,2,1,1,211,At Risk / Lost Customer,Active,98.0,United Kingdom,288.42,2011-03
16809,2010-04-13 15:34:00,2011-11-16 15:45:00,9,1093,1727.43,191.93666666666667,121.44444444444444,28.555555555555557,Retail,3,3,3,333,Best Customer,Active,22.0,United Kingdom,1727.43,2010-04
16810,2010-10-15 15:32:00,2011-05-31 15:32:00,2,372,842.0400000000001,421.02000000000004,186.0,17.0,Retail,2,1,2,212,Average Customer,Churned,191.0,United Kingdom,842.0400000000001,2010-10
16811,2011-11-22 17:19:00,2011-12-05 11:39:00,2,477,547.07,273.535,238.5,14.0,Retail,3,1,2,312,Average Customer,Active,4.0,United Kingdom,547.07,2011-11
16812,2010-11-22 14:36:00,2010-12-14 12:35:00,4,1116,2392.0,598.0,279.0,28.75,Retail,1,2,3,123,Average Customer,Churned,360.0,United Kingdom,2392.0,2010-11
16813,2011-05-19 13:28:00,2011-12-01 14:03:00,10,1501,1652.18,165.21800000000002,150.1,41.9,Retail,3,3,3,333,Best Customer,Active,7.0,United Kingdom,1652.18,2011-05
16814,2010-04-11 12:45:00,2011-11-25 13:27:00,36,4844,11924.85,331.24583333333334,134.55555555555554,21.22222222222222,Retail,3,3,3,333,Best Customer,Active,13.0,United Kingdom,11924.85,2010-04
16815,2010-06-21 12:05:00,2010-09-12 10:59:00,2,237,406.02,203.01,118.5,35.5,Retail,1,1,1,111,At Risk / Lost Customer,Churned,453.0,United Kingdom,406.02,2010-06
16816,2010-12-16 17:01:00,2011-08-28 14:16:00,4,274,417.06,104.265,68.5,7.0,Retail,2,2,1,221,Average Customer,Active,102.0,United Kingdom,417.06,2010-12
16817,2010-10-04 09:06:00,2011-12-07 11:03:00,13,1401,2560.7,196.97692307692307,107.76923076923077,10.846153846153847,Retail,3,3,3,333,Best Customer,Active,2.0,United Kingdom,2560.7,2010-10
16818,2011-05-18 11:42:00,2011-11-29 10:41:00,11,2165,3349.57,304.50636363636363,196.8181818181818,17.181818181818183,Retail,3,3,3,333,Best Customer,Active,10.0,United Kingdom,3349.57,2011-05
16819,2010-08-31 17:31:00,2010-08-31 17:37:00,2,253,182.59,91.295,126.5,8.5,Retail,1,1,1,111,At Risk / Lost Customer,Churned,464.0,United Kingdom,182.59,2010-08
16820,2011-09-05 12:06:00,2011-09-05 12:06:00,1,307,497.61,497.61,307.0,26.0,Retail,2,1,2,212,Average Customer,Active,95.0,United Kingdom,497.61,2011-09
16821,2010-11-23 10:04:00,2010-11-23 10:04:00,1,13,113.35,113.35,13.0,7.0,Retail,1,1,1,111,At Risk / Lost Customer,Churned,381.0,United Kingdom,113.35,2010-11
16822,2010-01-22 14:22:00,2010-01-22 14:22:00,1,171,181.39,181.39,171.0,11.0,Retail,1,1,1,111,At Risk / Lost Customer,Churned,685.0,United Kingdom,181.39,2010-01
16823,2009-12-02 09:57:00,2011-04-26 15:00:00,7,1166,2243.09,320.4414285714286,166.57142857142858,23.714285714285715,Retail,2,3,3,233,Loyal Customer,Churned,226.0,United Kingdom,2243.09,2009-12
16824,2010-11-11 12:21:00,2011-11-24 12:38:00,3,390,686.24,228.74666666666667,130.0,13.0,Retail,3,2,2,322,Loyal Customer,Active,15.0,United Kingdom,686.24,2010-11
16825,2010-06-23 13:14:00,2011-11-01 11:51:00,5,1297,1826.89,365.37800000000004,259.4,12.8,Retail,3,2,3,323,Loyal Customer,Active,38.0,United Kingdom,1826.89,2010-06
16826,2011-10-19 14:05:00,2011-10-19 14:05:00,1,158,341.7,341.7,158.0,22.0,Retail,2,1,1,211,At Risk / Lost Customer,Active,50.0,United Kingdom,341.7,2011-10
16827,2010-04-29 19:07:00,2010-11-11 14:04:00,5,125,392.13,78.426,25.0,2.2,Retail,1,2,1,121,At Risk / Lost Customer,Churned,392.0,United Kingdom,392.13,2010-04
16828,2011-08-19 13:24:00,2011-09-07 15:10:00,2,59,128.5,64.25,29.5,4.0,Retail,2,1,1,211,At Risk / Lost Customer,Active,92.0,United Kingdom,128.5,2011-08
16829,2010-11-16 18:11:00,2011-07-06 10:48:00,2,215,513.32,256.66,107.5,13.5,Retail,2,1,2,212,Average Customer,Churned,156.0,United Kingdom,513.32,2010-11
16830,2009-12-13 12:11:00,2011-11-01 11:35:00,4,699,1207.5,301.875,174.75,18.75,Retail,3,2,2,322,Loyal Customer,Active,38.0,United Kingdom,1207.5,2009-12
16831,2010-05-24 09:08:00,2010-05-24 09:08:00,1,48,91.8,91.8,48.0,6.0,Retail,1,1,1,111,At Risk / Lost Customer,Churned,564.0,United Kingdom,91.8,2010-05
16832,2010-09-07 12:35:00,2011-06-08 15:36:00,5,179,417.61,83.522,35.8,4.2,Retail,2,2,1,221,Average Customer,Churned,183.0,United Kingdom,417.61,2010-09
16833,2010-03-26 15:31:00,2011-12-08 14:39:00,6,878,2409.04,401.50666666666666,146.33333333333334,15.333333333333334,Retail,3,3,3,333,Best Customer,Active,0.0,United Kingdom,2409.04,2010-03
16834,2010-02-03 14:24:00,2011-04-26 09:37:00,2,760,898.96,449.48,380.0,24.0,Retail,2,1,2,212,Average Customer,Churned,227.0,United Kingdom,898.96,2010-02
16835,2010-05-19 08:41:00,2011-08-03 13:50:00,6,496,1456.66,242.77666666666667,82.66666666666667,13.666666666666666,Retail,2,3,3,233,Loyal Customer,Active,127.0,United Kingdom,1456.66,2010-05
16836,2010-05-14 12:52:00,2011-10-31 10:05:00,4,539,782.37,195.5925,134.75,10.5,Retail,3,2,2,322,Loyal Customer,Active,39.0,United Kingdom,782.37,2010-05
16837,2011-04-08 08:48:00,2011-11-08 14:27:00,11,1563,3170.98,288.2709090909091,142.0909090909091,15.0,Retail,3,3,3,333,Best Customer,Active,30.0,United Kingdom,3170.98,2011-04
16838,2010-02-14 15:27:00,2011-05-26 13:13:00,4,509,1159.61,289.9025,127.25,14.75,Retail,2,2,2,222,Average Customer,Churned,196.0,United Kingdom,1159.61,2010-02
16839,2010-02-11 15:02:00,2011-12-01 09:03:00,44,11295,21758.25,494.5056818181818,256.70454545454544,7.954545454545454,Retail,3,3,3,333,Best Customer,Active,8.0,United Kingdom,21758.25,2010-02
16840,2010-02-03 12:42:00,2010-04-15 15:48:00,2,117,139.85,69.925,58.5,4.5,Retail,1,1,1,111,At Risk / Lost Customer,Churned,602.0,United Kingdom,139.85,2010-02
16841,2010-01-12 11:32:00,2011-11-03 11:51:00,12,3478,4006.06,333.8383333333333,289.8333333333333,18.25,Retail,3,3,3,333,Best Customer,Active,36.0,United Kingdom,4006.06,2010-01
16842,2011-02-10 14:51:00,2011-08-31 10:42:00,3,693,1264.19,421.3966666666667,231.0,21.0,Retail,2,2,2,222,Average Customer,Active,100.0,United Kingdom,1264.19,2011-02
16843,2009-12-10 11:40:00,2011-10-28 09:06:00,35,18502,19571.43,559.1837142857142,528.6285714285714,17.02857142857143,Wholesale,,,,,,,,,,
16844,2010-05-06 09:16:00,2010-05-26 10:29:00,2,281,614.34,307.17,140.5,16.0,Retail,1,1,2,112,At Risk / Lost Customer,Churned,562.0,United Kingdom,614.34,2010-05
16845,2010-03-31 13:09:00,2010-03-31 13:09:00,1,167,253.88,253.88,167.0,20.0,Retail,1,1,1,111,At Risk / Lost Customer,Churned,617.0,United Kingdom,253.88,2010-03
16846,2010-03-10 12:03:00,2011-10-20 13:55:00,3,517,842.41,280.80333333333334,172.33333333333334,15.666666666666666,Retail,2,2,2,222,Average Customer,Active,49.0,United Kingdom,842.41,2010-03
16847,2010-03-31 13:32:00,2011-10-27 13:29:00,2,255,614.89,307.445,127.5,18.5,Retail,3,1,2,312,Average Customer,Active,42.0,United Kingdom,614.89,2010-03
16848,2010-10-03 11:01:00,2011-10-18 08:42:00,4,780,1411.62,352.905,195.0,21.25,Retail,2,2,2,222,Average Customer,Active,52.0,United Kingdom,1411.62,2010-10
16849,2011-06-06 09:16:00,2011-06-06 09:16:00,1,33,124.57,124.57,33.0,8.0,Retail,2,1,1,211,At Risk / Lost Customer,Churned,186.0,United Kingdom,124.57,2011-06
16850,2011-01-10 11:09:00,2011-01-10 11:09:00,1,249,332.41,332.41,249.0,19.0,Retail,1,1,1,111,At Risk / Lost Customer,Churned,333.0,United Kingdom,332.41,2011-01
16851,2011-10-19 09:48:00,2011-12-05 13:32:00,3,271,342.45,114.14999999999999,90.33333333333333,6.666666666666667,Retail,3,2,1,321,Average Customer,Active,3.0,United Kingdom,342.45,2011-10
16852,2011-06-16 15:49:00,2011-11-29 13:22:00,2,56,144.91000000000003,72.45500000000001,28.0,4.5,Retail,3,1,1,311,Average Customer,Active,9.0,United Kingdom,144.91000000000003,2011-06
16854,2010-03-09 14:32:00,2010-10-18 16:31:00,2,997,1408.96,704.48,498.5,37.5,Retail,1,1,2,112,At Risk / Lost Customer,Churned,416.0,United Kingdom,1408.96,2010-03
16855,2011-10-27 16:31:00,2011-11-16 12:03:00,2,164,328.4,164.2,82.0,9.5,Retail,3,1,1,311,Average Customer,Active,23.0,United Kingdom,328.4,2011-10
16856,2010-09-23 13:11:00,2011-11-25 08:59:00,3,171,358.49,119.49666666666667,57.0,6.333333333333333,Retail,3,2,1,321,Average Customer,Active,14.0,United Kingdom,358.49,2010-09
16857,2010-09-23 10:49:00,2010-09-23 10:49:00,1,168,352.8,352.8,168.0,11.0,Retail,1,1,1,111,At Risk / Lost Customer,Churned,442.0,United Kingdom,352.8,2010-09
16858,2009-12-15 11:09:00,2010-12-06 09:52:00,10,1435,4292.59,429.259,143.5,12.6,Retail,1,3,3,133,Loyal Customer,Churned,368.0,United Kingdom,4292.59,2009-12
16859,2010-03-04 12:37:00,2011-07-18 12:19:00,7,1899,1932.41,276.05857142857144,271.2857142857143,15.714285714285714,Retail,2,3,3,233,Loyal Customer,Churned,144.0,United Kingdom,1932.41,2010-03
16860,2010-02-15 13:46:00,2010-09-13 10:05:00,3,625,1610.62,536.8733333333333,208.33333333333334,14.333333333333334,Retail,1,2,3,123,Average Customer,Churned,452.0,United Kingdom,1610.62,2010-02
16861,2010-07-19 11:44:00,2011-10-11 09:05:00,5,616,946.59,189.318,123.2,9.8,Retail,2,2,2,222,Average Customer,Active,59.0,United Kingdom,946.59,2010-07
16862,2010-01-07 12:57:00,2010-06-10 13:05:00,4,513,662.33,165.5825,128.25,8.75,Retail,1,2,2,122,Average Customer,Churned,546.0,United Kingdom,662.33,2010-01
16863,2010-10-26 10:03:00,2011-11-08 15:26:00,3,640,834.27,278.09,213.33333333333334,15.666666666666666,Retail,3,2,2,322,Loyal Customer,Active,30.0,United Kingdom,834.27,2010-10
16864,2010-04-20 11:56:00,2010-10-01 16:16:00,2,283,409.25,204.625,141.5,8.5,Retail,1,1,1,111,At Risk / Lost Customer,Churned,433.0,United Kingdom,409.25,2010-04
16865,2010-11-03 11:34:00,2010-11-03 11:34:00,1,157,130.95,130.95,157.0,15.0,Retail,1,1,1,111,At Risk / Lost Customer,Churned,401.0,United Kingdom,130.95,2010-11
16866,2011-07-01 12:34:00,2011-07-22 10:06:00,3,60,207.73999999999998,69.24666666666666,20.0,3.6666666666666665,Retail,2,2,1,221,Average Customer,Churned,140.0,United Kingdom,207.73999999999998,2011-07
16867,2010-01-19 09:11:00,2010-01-19 09:11:00,1,58,76.74000000000001,76.74000000000001,58.0,6.0,Retail,1,1,1,111,At Risk / Lost Customer,Churned,689.0,United Kingdom,76.74000000000001,2010-01
16868,2010-04-25 11:31:00,2010-11-10 13:17:00,3,112,384.56,128.18666666666667,37.333333333333336,16.0,Retail,1,2,1,121,At Risk / Lost Customer,Churned,393.0,United Kingdom,384.56,2010-04
16869,2011-06-17 13:01:00,2011-11-17 12:02:00,4,583,817.12,204.28,145.75,31.5,Retail,3,2,2,322,Loyal Customer,Active,22.0,United Kingdom,817.12,2011-06
16870,2010-08-27 13:53:00,2010-08-27 13:53:00,1,278,450.15999999999997,450.15999999999997,278.0,28.0,Retail,1,1,2,112,At Risk / Lost Customer,Churned,468.0,United Kingdom,450.15999999999997,2010-08
16871,2011-03-14 10:31:00,2011-11-17 19:27:00,6,1253,2812.34,468.72333333333336,208.83333333333334,22.833333333333332,Retail,3,3,3,333,Best Customer,Active,21.0,United Kingdom,2812.34,2011-03
16872,2010-09-02 17:36:00,2011-09-23 16:05:00,6,1079,1213.13,202.18833333333336,179.83333333333334,3.0,Retail,2,3,2,232,Loyal Customer,Active,76.0,United Kingdom,1213.13,2010-09
16873,2010-02-09 14:17:00,2011-12-05 12:05:00,12,8601,14617.39,1218.1158333333333,716.75,42.666666666666664,Wholesale,,,,,,,,,,
16874,2010-11-25 13:08:00,2010-11-25 13:08:00,1,78,209.89000000000001,209.89000000000001,78.0,31.0,Retail,1,1,1,111,At Risk / Lost Customer,Churned,378.0,United Kingdom,209.89000000000001,2010-11
16875,2010-01-05 09:16:00,2011-10-03 13:39:00,11,2099,4234.53,384.9572727272727,190.8181818181818,20.90909090909091,Retail,2,3,3,233,Loyal Customer,Active,66.0,United Kingdom,4234.53,2010-01
16876,2010-11-01 11:59:00,2010-11-01 11:59:00,1,181,136.01,136.01,181.0,32.0,Retail,1,1,1,111,At Risk / Lost Customer,Churned,403.0,United Kingdom,136.01,2010-11
16877,2011-05-15 16:13:00,2011-11-27 13:47:00,6,458,846.62,141.10333333333332,76.33333333333333,25.833333333333332,Retail,3,3,2,332,Loyal Customer,Active,11.0,United Kingdom,846.62,2011-05
16878,2011-09-16 17:39:00,2011-09-16 17:39:00,1,12,13.3,13.3,12.0,3.0,Retail,2,1,1,211,At Risk / Lost Customer,Active,83.0,United Kingdom,13.3,2011-09
16880,2010-08-03 13:54:00,2011-11-09 11:33:00,8,904,1813.21,226.65125,113.0,22.375,Retail,3,3,3,333,Best Customer,Active,30.0,United Kingdom,1813.21,2010-08
16881,2011-10-04 10:33:00,2011-10-04 10:33:00,1,600,432.0,432.0,600.0,1.0,Wholesale,,,,,,,,,,
16882,2011-01-26 17:43:00,2011-10-04 10:42:00,3,424,705.12,235.04,141.33333333333334,13.0,Retail,2,2,2,222,Average Customer,Active,66.0,United Kingdom,705.12,2011-01
16883,2009-12-04 12:07:00,2011-06-05 12:51:00,19,1016,2246.06,118.21368421052631,53.473684210526315,13.947368421052632,Retail,2,3,3,233,Loyal Customer,Churned,186.0,United Kingdom,2246.06,2009-12
16884,2010-05-18 12:00:00,2011-11-02 11:52:00,4,520,1070.97,267.7425,130.0,18.0,Retail,3,2,2,322,Loyal Customer,Active,37.0,United Kingdom,1070.97,2010-05
16885,2010-11-19 12:51:00,2011-11-24 13:40:00,4,358,684.6,171.15,89.5,31.75,Retail,3,2,2,322,Loyal Customer,Active,14.0,United Kingdom,684.6,2010-11
16886,2010-09-09 15:08:00,2010-09-09 15:08:00,1,48,134.0,134.0,48.0,8.0,Retail,1,1,1,111,At Risk / Lost Customer,Churned,455.0,United Kingdom,134.0,2010-09
16887,2009-12-01 13:41:00,2011-11-04 14:07:00,3,423,658.17,219.39,141.0,33.333333333333336,Retail,3,2,2,322,Loyal Customer,Active,34.0,United Kingdom,658.17,2009-12
16888,2010-01-07 13:07:00,2010-11-04 12:39:00,3,145,434.2,144.73333333333332,48.333333333333336,17.0,Retail,1,2,2,122,Average Customer,Churned,400.0,United Kingdom,434.2,2010-01
16889,2010-05-23 10:46:00,2011-05-29 11:05:00,6,1611,2526.65,421.10833333333335,268.5,36.0,Retail,2,3,3,233,Loyal Customer,Churned,194.0,United Kingdom,2526.65,2010-05
16890,2010-05-06 16:27:00,2010-08-20 11:23:00,3,243,285.41,95.13666666666667,81.0,6.333333333333333,Retail,1,2,1,121,At Risk / Lost Customer,Churned,476.0,United Kingdom,285.41,2010-05
16891,2009-12-04 12:37:00,2011-12-08 11:15:00,11,652,1727.94,157.08545454545455,59.27272727272727,37.45454545454545,Retail,3,3,3,333,Best Customer,Active,1.0,United Kingdom,1727.94,2009-12
16892,2009-12-08 14:20:00,2011-12-08 13:18:00,7,367,754.75,107.82142857142857,52.42857142857143,19.285714285714285,Retail,3,3,2,332,Loyal Customer,Active,0.0,United Kingdom,754.75,2009-12
16893,2010-11-28 15:14:00,2010-12-08 12:06:00,2,117,249.89000000000001,124.94500000000001,58.5,42.5,Retail,1,1,1,111,At Risk / Lost Customer,Churned,366.0,United Kingdom,249.89000000000001,2010-11
16894,2010-06-22 14:21:00,2010-07-25 15:43:00,3,503,1306.96,435.65333333333336,167.66666666666666,62.333333333333336,Wholesale,,,,,,,,,,
16895,2010-02-12 11:07:00,2011-10-06 12:15:00,5,421,1102.9,220.58,84.2,31.2,Retail,2,2,2,222,Average Customer,Active,64.0,United Kingdom,1102.9,2010-02
16896,2010-06-02 15:40:00,2010-06-02 15:40:00,1,18,103.95,103.95,18.0,18.0,Retail,1,1,1,111,At Risk / Lost Customer,Churned,554.0,United Kingdom,103.95,2010-06
16897,2011-01-30 11:52:00,2011-02-13 15:02:00,2,73,289.78,144.89,36.5,18.5,Retail,1,1,1,111,At Risk / Lost Customer,Churned,298.0,United Kingdom,289.78,2011-01
16898,2010-05-12 12:18:00,2011-11-13 15:44:00,5,695,885.21,177.042,139.0,49.2,Retail,3,2,2,322,Loyal Customer,Active,25.0,United Kingdom,885.21,2010-05
16899,2010-11-07 15:00:00,2011-12-02 12:03:00,8,811,1695.77,211.97125,101.375,21.5,Retail,3,3,3,333,Best Customer,Active,7.0,United Kingdom,1695.77,2010-11
16900,2011-10-07 13:17:00,2011-11-23 10:32:00,3,833,887.11,295.7033333333333,277.6666666666667,26.333333333333332,Retail,3,2,2,322,Loyal Customer,Active,16.0,United Kingdom,887.11,2011-10
16901,2009-12-10 16:30:00,2009-12-10 16:30:00,1,42,204.26,204.26,42.0,23.0,Retail,1,1,1,111,At Risk / Lost Customer,Churned,728.0,United Kingdom,204.26,2009-12
16902,2011-08-15 14:17:00,2011-08-15 14:17:00,1,629,1706.88,1706.88,629.0,43.0,Wholesale,,,,,,,,,,
16903,2010-10-20 14:42:00,2011-11-10 15:32:00,3,717,1041.75,347.25,239.0,55.333333333333336,Wholesale,,,,,,,,,,
16904,2010-10-24 16:03:00,2011-12-05 13:10:00,21,2607,4675.36,222.63619047619045,124.14285714285714,42.142857142857146,Retail,3,3,3,333,Best Customer,Active,3.0,United Kingdom,4675.36,2010-10
16905,2009-12-10 20:04:00,2011-12-04 14:01:00,17,1913,4706.77,276.86882352941177,112.52941176470588,17.529411764705884,Retail,3,3,3,333,Best Customer,Active,4.0,United Kingdom,4706.77,2009-12
16906,2010-05-13 13:23:00,2011-09-19 11:49:00,7,590,1410.92,201.56,84.28571428571429,30.0,Retail,2,3,2,232,Loyal Customer,Active,81.0,United Kingdom,1410.92,2010-05
16907,2010-07-01 17:30:00,2011-11-10 18:04:00,9,451,1470.89,163.43222222222224,50.111111111111114,23.22222222222222,Retail,3,3,3,333,Best Customer,Active,28.0,United Kingdom,1470.89,2010-07
16908,2009-12-17 13:35:00,2009-12-17 13:35:00,1,61,252.59,252.59,61.0,20.0,Retail,1,1,1,111,At Risk / Lost Customer,Churned,721.0,United Kingdom,252.59,2009-12
16909,2011-09-28 16:45:00,2011-09-28 16:45:00,1,436,379.14,379.14,436.0,18.0,Retail,2,1,1,211,At Risk / Lost Customer,Active,71.0,United Kingdom,379.14,2011-09
16910,2011-09-09 14:14:00,2011-12-05 12:51:00,8,884,1508.96,188.62,110.5,68.125,Wholesale,,,,,,,,,,
16911,2010-02-16 16:12:00,2010-03-14 12:18:00,2,161,255.25,127.625,80.5,17.5,Retail,1,1,1,111,At Risk / Lost Customer,Churned,635.0,United Kingdom,255.25,2010-02
16912,2009-12-09 12:32:00,2011-11-11 12:18:00,15,1689,4460.51,297.36733333333336,112.6,11.466666666666667,Retail,3,3,3,333,Best Customer,Active,28.0,United Kingdom,4460.51,2009-12
16913,2010-02-26 12:06:00,2011-02-22 12:56:00,3,229,423.90999999999997,141.3033333333333,76.33333333333333,6.0,Retail,1,2,2,122,Average Customer,Churned,289.0,United Kingdom,423.90999999999997,2010-02
16914,2011-11-03 15:27:00,2011-11-03 15:27:00,1,112,183.76,183.76,112.0,25.0,Retail,3,1,1,311,Average Customer,Active,35.0,United Kingdom,183.76,2011-11
16915,2010-05-19 13:32:00,2011-11-30 16:39:00,11,190,1543.18,140.2890909090909,17.272727272727273,6.7272727272727275,Retail,3,3,3,333,Best Customer,Active,8.0,United Kingdom,1543.18,2010-05
16916,2010-10-20 12:56:00,2011-11-16 12:08:00,4,649,902.02,225.505,162.25,49.25,Retail,3,2,2,322,Loyal Customer,Active,23.0,United Kingdom,902.02,2010-10
16917,2010-03-17 15:24:00,2011-03-08 11:55:00,2,792,1851.88,925.94,396.0,23.0,Retail,1,1,3,113,Average Customer,Churned,276.0,United Kingdom,1851.88,2010-03
16918,2009-12-03 12:27:00,2011-10-21 12:50:00,16,2066,3206.54,200.40875,129.125,27.6875,Retail,2,3,3,233,Loyal Customer,Active,49.0,United Kingdom,3206.54,2009-12
16919,2010-08-19 15:28:00,2011-07-06 13:35:00,24,2333,4909.66,204.56916666666666,97.20833333333333,25.583333333333332,Retail,2,3,3,233,Loyal Customer,Churned,155.0,United Kingdom,4909.66,2010-08
16920,2010-10-24 14:07:00,2010-10-24 14:07:00,1,81,355.45,355.45,81.0,23.0,Retail,1,1,1,111,At Risk / Lost Customer,Churned,410.0,United Kingdom,355.45,2010-10
16921,2010-04-18 15:34:00,2011-10-09 16:22:00,3,275,409.21,136.40333333333334,91.66666666666667,26.333333333333332,Retail,2,2,1,221,Average Customer,Active,60.0,United Kingdom,409.21,2010-04
16922,2010-05-16 11:24:00,2010-05-16 11:24:00,1,281,611.08,611.08,281.0,122.0,Wholesale,,,,,,,,,,
16923,2010-01-31 11:14:00,2011-11-27 13:00:00,32,6190,13157.130000000001,411.16031250000003,193.4375,32.78125,Retail,3,3,3,333,Best Customer,Active,11.0,United Kingdom,13157.130000000001,2010-01
16924,2011-09-16 12:54:00,2011-11-18 12:53:00,3,467,829.89,276.63,155.66666666666666,26.666666666666668,Retail,3,2,2,322,Loyal Customer,Active,20.0,United Kingdom,829.89,2011-09
16925,2010-06-17 15:03:00,2010-06-17 15:03:00,1,123,125.65,125.65,123.0,18.0,Retail,1,1,1,111,At Risk / Lost Customer,Churned,539.0,United Kingdom,125.65,2010-06
16926,2010-07-01 12:57:00,2010-12-03 13:42:00,5,197,1169.6100000000001,233.92200000000003,39.4,18.6,Retail,1,2,2,122,Average Customer,Churned,370.0,United Kingdom,1169.6100000000001,2010-07
16927,2010-12-13 11:57:00,2011-08-16 11:10:00,3,993,543.05,181.01666666666665,331.0,2.0,Retail,2,2,2,222,Average Customer,Active,115.0,United Kingdom,543.05,2010-12
16928,2010-02-03 12:30:00,2011-09-20 15:10:00,29,2587,3897.5299999999997,134.39758620689653,89.20689655172414,10.620689655172415,Retail,2,3,3,233,Loyal Customer,Active,79.0,United Kingdom,3897.5299999999997,2010-02
16929,2011-07-07 12:39:00,2011-12-06 08:37:00,7,929,1295.39,185.0557142857143,132.71428571428572,11.0,Retail,3,3,2,332,Loyal Customer,Active,3.0,United Kingdom,1295.39,2011-07
16930,2011-10-02 14:25:00,2011-11-13 16:13:00,3,339,378.89,126.29666666666667,113.0,17.666666666666668,Retail,3,2,1,321,Average Customer,Active,25.0,United Kingdom,378.89,2011-10
16931,2010-11-07 13:24:00,2011-12-04 13:15:00,23,3357,5032.22,218.79217391304348,145.95652173913044,40.82608695652174,Retail,3,3,3,333,Best Customer,Active,4.0,United Kingdom,5032.22,2010-11
16932,2010-05-17 14:15:00,2011-10-17 14:12:00,3,217,412.55,137.51666666666668,72.33333333333333,42.0,Retail,2,2,1,221,Average Customer,Active,52.0,United Kingdom,412.55,2010-05
16933,2009-12-09 15:03:00,2011-12-08 12:54:00,9,1533,3099.3,344.3666666666667,170.33333333333334,30.444444444444443,Retail,3,3,3,333,Best Customer,Active,0.0,United Kingdom,3099.3,2009-12
16934,2010-03-28 12:43:00,2011-10-16 12:40:00,6,936,2083.14,347.19,156.0,23.166666666666668,Retail,2,3,3,233,Loyal Customer,Active,54.0,United Kingdom,2083.14,2010-03
16935,2010-10-14 13:09:00,2010-11-23 09:16:00,3,273,530.86,176.95333333333335,91.0,21.333333333333332,Retail,1,2,2,122,Average Customer,Churned,381.0,United Kingdom,530.86,2010-10
16936,2010-11-19 11:54:00,2011-11-14 11:04:00,2,339,548.29,274.145,169.5,68.5,Wholesale,,,,,,,,,,
16937,2010-07-28 17:56:00,2010-07-28 17:56:00,1,123,196.25,196.25,123.0,49.0,Retail,1,1,1,111,At Risk / Lost Customer,Churned,498.0,United Kingdom,196.25,2010-07
16938,2010-02-17 14:47:00,2011-12-01 10:20:00,9,5041,6995.360000000001,777.2622222222222,560.1111111111111,90.77777777777777,Wholesale,,,,,,,,,,
16939,2010-02-28 13:33:00,2010-08-08 12:24:00,3,229,433.85,144.61666666666667,76.33333333333333,13.0,Retail,1,2,2,122,Average Customer,Churned,488.0,United Kingdom,433.85,2010-02
16940,2009-12-08 13:08:00,2011-10-18 13:15:00,8,4503,6427.66,803.4575,562.875,77.875,Wholesale,,,,,,,,,,
16941,2010-04-07 11:13:00,2010-04-07 11:13:00,1,12,33.0,33.0,12.0,2.0,Retail,1,1,1,111,At Risk / Lost Customer,Churned,611.0,United Kingdom,33.0,2010-04
16942,2011-04-26 11:59:00,2011-11-27 12:40:00,9,805,1904.99,211.66555555555556,89.44444444444444,30.22222222222222,Retail,3,3,3,333,Best Customer,Active,12.0,United Kingdom,1904.99,2011-04
16943,2010-03-25 13:34:00,2011-05-12 11:57:00,5,147,1299.49,259.898,29.4,7.0,Retail,2,2,2,222,Average Customer,Churned,211.0,United Kingdom,1299.49,2010-03
16944,2010-04-09 11:03:00,2010-04-09 11:03:00,1,27,101.36,101.36,27.0,7.0,Retail,1,1,1,111,At Risk / Lost Customer,Churned,609.0,United Kingdom,101.36,2010-04
16945,2009-12-09 11:33:00,2011-11-18 11:39:00,33,5889,8548.16,259.0351515151515,178.45454545454547,14.363636363636363,Retail,3,3,3,333,Best Customer,Active,21.0,United Kingdom,8548.16,2009-12
16946,2010-03-02 10:49:00,2010-11-21 14:06:00,5,509,1222.04,244.408,101.8,15.0,Retail,1,2,2,122,Average Customer,Churned,382.0,United Kingdom,1222.04,2010-03
16947,2010-03-03 10:54:00,2011-04-18 09:38:00,5,655,955.21,191.042,131.0,10.6,Retail,2,2,2,222,Average Customer,Churned,235.0,United Kingdom,955.21,2010-03
16948,2010-02-21 13:48:00,2011-07-24 12:46:00,7,2091,868.77,124.11,298.7142857142857,6.142857142857143,Retail,2,3,2,232,Loyal Customer,Active,138.0,United Kingdom,868.77,2010-02
16949,2011-01-27 12:11:00,2011-12-06 11:07:00,6,791,1286.27,214.37833333333333,131.83333333333334,10.0,Retail,3,3,2,332,Loyal Customer,Active,3.0,United Kingdom,1286.27,2011-01
16950,2010-01-24 11:26:00,2011-10-14 09:06:00,10,2432,3541.77,354.177,243.2,14.2,Retail,2,3,3,233,Loyal Customer,Active,56.0,United Kingdom,3541.77,2010-01
16951,2011-02-08 14:58:00,2011-07-28 12:05:00,3,1318,1277.75,425.9166666666667,439.3333333333333,28.666666666666668,Retail,2,2,2,222,Average Customer,Active,134.0,United Kingdom,1277.75,2011-02
16952,2009-12-11 13:52:00,2011-08-22 13:03:00,5,343,795.83,159.166,68.6,17.0,Retail,2,2,2,222,Average Customer,Active,108.0,United Kingdom,795.83,2009-12
16953,2011-11-09 15:54:00,2011-11-09 15:54:00,1,10,20.8,20.8,10.0,1.0,Retail,3,1,1,311,Average Customer,Active,29.0,United Kingdom,20.8,2011-11
16954,2010-01-18 14:49:00,2011-12-09 09:46:00,20,4086,6081.88,304.094,204.3,10.3,Retail,3,3,3,333,Best Customer,Active,0.0,United Kingdom,6081.88,2010-01
16955,2010-01-31 11:38:00,2011-06-08 10:36:00,6,723,1120.31,186.71833333333333,120.5,8.333333333333334,Retail,2,3,2,232,Loyal Customer,Churned,184.0,United Kingdom,1120.31,2010-01
16956,2011-11-22 08:56:00,2011-11-22 08:56:00,1,114,308.74,308.74,114.0,16.0,Retail,3,1,1,311,Average Customer,Active,17.0,United Kingdom,308.74,2011-11
16957,2011-03-03 09:25:00,2011-04-14 13:56:00,2,172,416.64,208.32,86.0,8.0,Retail,2,1,1,211,At Risk / Lost Customer,Churned,238.0,United Kingdom,416.64,2011-03
16958,2010-09-30 14:25:00,2010-09-30 14:25:00,1,514,778.49,778.49,514.0,69.0,Wholesale,,,,,,,,,,
16959,2011-09-13 15:03:00,2011-09-13 15:03:00,1,49,117.35000000000001,117.35000000000001,49.0,7.0,Retail,2,1,1,211,At Risk / Lost Customer,Active,86.0,United Kingdom,117.35000000000001,2011-09
16960,2010-03-02 13:36:00,2011-11-01 11:35:00,8,1492,1990.88,248.86,186.5,53.75,Wholesale,,,,,,,,,,
16961,2010-06-25 14:36:00,2011-08-15 13:46:00,3,482,794.56,264.8533333333333,160.66666666666666,17.333333333333332,Retail,2,2,2,222,Average Customer,Active,115.0,United Kingdom,794.56,2010-06
16962,2010-10-26 11:36:00,2010-10-26 11:36:00,1,158,251.04,251.04,158.0,15.0,Retail,1,1,1,111,At Risk / Lost Customer,Churned,409.0,United Kingdom,251.04,2010-10
16963,2011-06-05 13:48:00,2011-06-05 13:48:00,1,35,110.55000000000001,110.55000000000001,35.0,7.0,Retail,2,1,1,211,At Risk / Lost Customer,Churned,186.0,United Kingdom,110.55000000000001,2011-06
16964,2009-12-06 12:51:00,2009-12-06 12:53:00,2,49,207.85,103.925,24.5,3.0,Retail,1,1,1,111,At Risk / Lost Customer,Churned,732.0,United Kingdom,207.85,2009-12
16965,2011-04-27 12:08:00,2011-04-27 12:08:00,1,291,201.19,201.19,291.0,26.0,Retail,2,1,1,211,At Risk / Lost Customer,Churned,226.0,United Kingdom,201.19,2011-04
16966,2011-04-13 14:17:00,2011-12-01 13:40:00,7,1981,2154.97,307.8528571428571,283.0,4.0,Retail,3,3,3,333,Best Customer,Active,7.0,United Kingdom,2154.97,2011-04
16967,2011-06-03 14:24:00,2011-06-03 14:24:00,1,333,319.02,319.02,333.0,21.0,Retail,2,1,1,211,At Risk / Lost Customer,Churned,188.0,United Kingdom,319.02,2011-06
16968,2011-08-24 10:51:00,2011-12-05 15:02:00,2,326,439.43,219.715,163.0,15.5,Retail,3,1,2,312,Average Customer,Active,3.0,United Kingdom,439.43,2011-08
16969,2011-06-01 12:10:00,2011-10-31 13:12:00,3,816,650.41,216.8033333333333,272.0,14.0,Retail,3,2,2,322,Loyal Customer,Active,38.0,United Kingdom,650.41,2011-06
16970,2010-03-23 13:50:00,2010-03-23 13:50:00,1,12,71.4,71.4,12.0,2.0,Retail,1,1,1,111,At Risk / Lost Customer,Churned,625.0,United Kingdom,71.4,2010-03
16971,2011-11-01 15:06:00,2011-11-01 15:06:00,1,72,357.21,357.21,72.0,40.0,Retail,3,1,1,311,Average Customer,Active,37.0,United Kingdom,357.21,2011-11
16972,2010-09-09 11:20:00,2010-11-22 10:59:00,2,183,749.0,374.5,91.5,37.5,Retail,1,1,2,112,At Risk / Lost Customer,Churned,382.0,United Kingdom,749.0,2010-09
16973,2010-11-18 13:56:00,2010-11-18 13:56:00,1,60,127.0,127.0,60.0,6.0,Retail,1,1,1,111,At Risk / Lost Customer,Churned,385.0,United Kingdom,127.0,2010-11
16974,2010-05-24 10:43:00,2010-07-05 10:18:00,2,70,365.5,182.75,35.0,4.0,Retail,1,1,1,111,At Risk / Lost Customer,Churned,522.0,United Kingdom,365.5,2010-05
16975,2010-07-22 11:38:00,2010-10-12 17:53:00,3,586,926.12,308.70666666666665,195.33333333333334,15.0,Retail,1,2,2,122,Average Customer,Churned,422.0,United Kingdom,926.12,2010-07
16976,2011-03-17 16:33:00,2011-03-17 16:33:00,1,88,251.51999999999998,251.51999999999998,88.0,2.0,Retail,2,1,1,211,At Risk / Lost Customer,Churned,266.0,United Kingdom,251.51999999999998,2011-03
16977,2010-03-18 11:06:00,2010-11-09 13:17:00,4,142,496.0,124.0,35.5,7.0,Retail,1,2,2,122,Average Customer,Churned,394.0,United Kingdom,496.0,2010-03
16978,2010-02-11 16:27:00,2011-09-23 12:50:00,3,285,768.88,256.29333333333335,95.0,22.333333333333332,Retail,2,2,2,222,Average Customer,Active,77.0,United Kingdom,768.88,2010-02
16979,2010-09-15 14:30:00,2011-12-06 12:21:00,9,1451,2859.74,317.74888888888887,161.22222222222223,14.222222222222221,Retail,3,3,3,333,Best Customer,Active,3.0,United Kingdom,2859.74,2010-09
16980,2010-10-07 14:05:00,2011-03-29 16:36:00,3,990,1422.8300000000002,474.2766666666667,330.0,33.666666666666664,Retail,2,2,3,223,Loyal Customer,Churned,254.0,United Kingdom,1422.8300000000002,2010-10
16982,2011-10-10 12:28:00,2011-10-10 12:28:00,1,182,384.06,384.06,182.0,22.0,Retail,2,1,1,211,At Risk / Lost Customer,Active,60.0,United Kingdom,384.06,2011-10
16983,2010-09-19 12:38:00,2011-11-27 12:10:00,11,2315,3490.5299999999997,317.3209090909091,210.45454545454547,20.727272727272727,Retail,3,3,3,333,Best Customer,Active,12.0,United Kingdom,3490.5299999999997,2010-09
16984,2010-03-07 15:34:00,2011-09-12 13:43:00,9,5127,10350.53,1150.058888888889,569.6666666666666,114.44444444444444,Wholesale,,,,,,,,,,
16985,2009-12-10 13:34:00,2011-11-22 13:33:00,23,3103,10923.16,474.92,134.91304347826087,10.565217391304348,Retail,3,3,3,333,Best Customer,Active,16.0,United Kingdom,10923.16,2009-12
16986,2010-02-04 14:46:00,2011-11-10 11:55:00,11,2539,4888.75,444.4318181818182,230.8181818181818,15.818181818181818,Retail,3,3,3,333,Best Customer,Active,29.0,United Kingdom,4888.75,2010-02
16987,2009-12-02 14:34:00,2011-12-06 17:26:00,11,671,2521.4,229.21818181818182,61.0,23.181818181818183,Retail,3,3,3,333,Best Customer,Active,2.0,United Kingdom,2521.4,2009-12
16988,2010-11-25 09:22:00,2011-12-04 16:02:00,2,158,382.67,191.335,79.0,10.0,Retail,3,1,1,311,Average Customer,Active,4.0,United Kingdom,382.67,2010-11
16989,2011-07-12 09:11:00,2011-12-02 16:39:00,6,1233,1133.25,188.875,205.5,2.0,Retail,3,3,2,332,Loyal Customer,Active,6.0,United Kingdom,1133.25,2011-07
16990,2010-10-13 11:42:00,2011-05-05 08:30:00,2,200,344.0,172.0,100.0,1.0,Retail,2,1,1,211,At Risk / Lost Customer,Churned,218.0,United Kingdom,344.0,2010-10
16991,2010-10-14 14:08:00,2010-10-14 14:08:00,1,793,1041.21,1041.21,793.0,74.0,Wholesale,,,,,,,,,,
16992,2010-02-11 12:36:00,2011-11-29 11:50:00,13,2061,5476.5,421.2692307692308,158.53846153846155,21.923076923076923,Retail,3,3,3,333,Best Customer,Active,10.0,United Kingdom,5476.5,2010-02
16993,2010-05-12 13:55:00,2010-09-02 12:16:00,2,285,1950.9499999999998,975.4749999999999,142.5,14.0,Retail,1,1,3,113,Average Customer,Churned,463.0,United Kingdom,1950.9499999999998,2010-05
16996,2010-10-18 12:24:00,2011-11-09 16:43:00,9,919,2123.61,235.95666666666668,102.11111111111111,8.333333333333334,Retail,3,3,3,333,Best Customer,Active,29.0,United Kingdom,2123.61,2010-10
16997,2011-01-18 11:51:00,2011-02-24 17:28:00,3,360,702.0,234.0,120.0,4.0,Retail,1,2,2,122,Average Customer,Churned,287.0,United Kingdom,702.0,2011-01
16998,2010-09-21 14:39:00,2011-07-13 09:44:00,5,104,402.0,80.4,20.8,1.2,Retail,2,2,1,221,Average Customer,Churned,149.0,United Kingdom,402.0,2010-09
16999,2011-09-26 15:43:00,2011-11-16 13:53:00,2,294,484.82,242.41,147.0,11.5,Retail,3,1,2,312,Average Customer,Active,22.0,United Kingdom,484.82,2011-09
17000,2010-10-27 14:16:00,2010-11-08 13:35:00,2,305,406.3,203.15,152.5,14.5,Retail,1,1,1,111,At Risk / Lost Customer,Churned,395.0,United Kingdom,406.3,2010-10
17001,2010-03-25 12:41:00,2011-12-09 09:38:00,19,3782,6640.8,349.5157894736842,199.05263157894737,14.473684210526315,Retail,3,3,3,333,Best Customer,Active,0.0,United Kingdom,6640.8,2010-03
17002,2010-03-08 15:46:00,2011-09-15 12:40:00,7,1265,2571.55,367.36428571428576,180.71428571428572,12.0,Retail,2,3,3,233,Loyal Customer,Active,85.0,United Kingdom,2571.55,2010-03
17003,2010-05-10 11:20:00,2010-11-02 13:15:00,4,494,828.21,207.0525,123.5,27.75,Retail,1,2,2,122,Average Customer,Churned,401.0,United Kingdom,828.21,2010-05
17004,2010-10-11 15:43:00,2011-10-24 14:25:00,4,1233,2324.36,581.09,308.25,17.25,Retail,2,2,3,223,Loyal Customer,Active,45.0,United Kingdom,2324.36,2010-10
17005,2010-04-30 10:55:00,2010-08-26 10:57:00,2,691,622.36,311.18,345.5,8.5,Retail,1,1,2,112,At Risk / Lost Customer,Churned,470.0,United Kingdom,622.36,2010-04
17006,2010-03-05 13:33:00,2011-12-05 12:09:00,8,572,1635.27,204.40875,71.5,16.0,Retail,3,3,3,333,Best Customer,Active,4.0,United Kingdom,1635.27,2010-03
17007,2010-09-28 13:51:00,2011-10-20 10:47:00,7,717,1120.1,160.0142857142857,102.42857142857143,9.571428571428571,Retail,2,3,2,232,Loyal Customer,Active,50.0,United Kingdom,1120.1,2010-09
17008,2010-10-06 15:19:00,2010-10-06 15:19:00,1,24,81.36,81.36,24.0,1.0,Retail,1,1,1,111,At Risk / Lost Customer,Churned,428.0,United Kingdom,81.36,2010-10
17009,2010-06-06 16:01:00,2010-06-06 16:01:00,1,336,242.06,242.06,336.0,10.0,Retail,1,1,1,111,At Risk / Lost Customer,Churned,550.0,United Kingdom,242.06,2010-06
17010,2011-11-21 14:49:00,2011-11-21 14:49:00,1,118,195.36,195.36,118.0,11.0,Retail,3,1,1,311,Average Customer,Active,17.0,United Kingdom,195.36,2011-11
17011,2010-02-26 09:47:00,2011-11-09 13:30:00,3,792,671.7,223.9,264.0,9.333333333333334,Retail,3,2,2,322,Loyal Customer,Active,29.0,United Kingdom,671.7,2010-02
17012,2009-12-14 17:34:00,2009-12-14 17:34:00,1,251,360.61,360.61,251.0,34.0,Retail,1,1,1,111,At Risk / Lost Customer,Churned,724.0,United Kingdom,360.61,2009-12
17014,2011-10-04 11:36:00,2011-12-01 14:09:00,3,243,583.4300000000001,194.4766666666667,81.0,23.666666666666668,Retail,3,2,2,322,Loyal Customer,Active,7.0,United Kingdom,583.4300000000001,2011-10
17015,2011-06-07 13:19:00,2011-11-11 10:45:00,3,1978,1838.6100000000001,612.87,659.3333333333334,70.66666666666667,Wholesale,,,,,,,,,,
17016,2010-05-12 12:32:00,2010-05-12 12:32:00,1,309,552.4,552.4,309.0,41.0,Retail,1,1,2,112,At Risk / Lost Customer,Churned,576.0,United Kingdom,552.4,2010-05
17017,2009-12-03 13:22:00,2011-12-07 09:32:00,29,9397,12576.99,433.68931034482756,324.0344827586207,13.03448275862069,Retail,3,3,3,333,Best Customer,Active,2.0,United Kingdom,12576.99,2009-12
17018,2009-12-05 10:27:00,2011-10-30 11:42:00,6,456,2287.7,381.2833333333333,76.0,6.166666666666667,Retail,3,3,3,333,Best Customer,Active,40.0,United Kingdom,2287.7,2009-12
17019,2009-12-02 11:52:00,2011-11-28 13:06:00,11,2396,3602.29,327.4809090909091,217.8181818181818,55.63636363636363,Wholesale,,,,,,,,,,
17020,2010-03-03 12:27:00,2010-06-15 13:06:00,2,860,935.62,467.81,430.0,34.5,Retail,1,1,2,112,At Risk / Lost Customer,Churned,541.0,United Kingdom,935.62,2010-03
17021,2010-04-29 20:05:00,2010-09-23 20:01:00,6,992,1182.22,197.03666666666666,165.33333333333334,8.0,Retail,1,3,2,132,Average Customer,Churned,441.0,United Kingdom,1182.22,2010-04
17022,2010-10-03 10:27:00,2011-11-08 17:09:00,2,180,260.0,130.0,90.0,8.0,Retail,3,1,1,311,Average Customer,Active,30.0,United Kingdom,260.0,2010-10
17023,2010-01-11 15:09:00,2010-10-18 15:37:00,3,530,800.18,266.72666666666663,176.66666666666666,16.333333333333332,Retail,1,2,2,122,Average Customer,Churned,416.0,United Kingdom,800.18,2010-01
17024,2011-07-05 09:31:00,2011-10-25 13:47:00,3,69,95.85,31.95,23.0,1.0,Retail,2,2,1,221,Average Customer,Active,44.0,United Kingdom,95.85,2011-07
17025,2010-03-08 13:37:00,2011-10-10 09:06:00,5,885,1349.67,269.934,177.0,7.4,Retail,2,2,2,222,Average Customer,Active,60.0,United Kingdom,1349.67,2010-03
17026,2010-10-18 15:22:00,2011-06-07 14:28:00,3,107,175.82999999999998,58.60999999999999,35.666666666666664,1.6666666666666667,Retail,2,2,1,221,Average Customer,Churned,184.0,United Kingdom,175.82999999999998,2010-10
17027,2009-12-10 12:10:00,2011-09-22 12:24:00,9,645,1310.63,145.62555555555556,71.66666666666667,18.666666666666668,Retail,2,3,2,232,Loyal Customer,Active,78.0,United Kingdom,1310.63,2009-12
17028,2009-12-18 14:28:00,2010-05-07 15:33:00,3,856,1593.83,531.2766666666666,285.3333333333333,31.666666666666668,Retail,1,2,3,123,Average Customer,Churned,580.0,United Kingdom,1593.83,2009-12
17029,2010-02-14 10:19:00,2011-08-21 11:06:00,7,1265,2137.3,305.3285714285715,180.71428571428572,4.142857142857143,Retail,2,3,3,233,Loyal Customer,Active,110.0,United Kingdom,2137.3,2010-02
17030,2011-10-07 08:49:00,2011-10-07 08:49:00,1,146,146.87,146.87,146.0,11.0,Retail,2,1,1,211,At Risk / Lost Customer,Active,63.0,United Kingdom,146.87,2011-10
17031,2010-05-07 14:52:00,2011-11-28 10:23:00,6,1595,2773.85,462.30833333333334,265.8333333333333,8.333333333333334,Retail,3,3,3,333,Best Customer,Active,11.0,United Kingdom,2773.85,2010-05
17032,2009-12-10 15:36:00,2010-06-10 12:16:00,8,1667,2984.32,373.04,208.375,29.375,Retail,1,3,3,133,Loyal Customer,Churned,547.0,United Kingdom,2984.32,2009-12
17033,2010-11-07 12:55:00,2011-09-14 14:34:00,4,871,1332.79,333.1975,217.75,10.0,Retail,2,2,2,222,Average Customer,Active,85.0,United Kingdom,1332.79,2010-11
17034,2010-07-14 12:55:00,2011-11-23 15:14:00,5,694,1276.42,255.28400000000002,138.8,11.6,Retail,3,2,2,322,Loyal Customer,Active,15.0,United Kingdom,1276.42,2010-07
17035,2009-12-03 10:37:00,2011-04-08 11:23:00,4,327,613.59,153.3975,81.75,8.25,Retail,2,2,2,222,Average Customer,Churned,245.0,United Kingdom,613.59,2009-12
17036,2010-11-21 14:26:00,2010-11-21 14:26:00,1,76,176.9,176.9,76.0,12.0,Retail,1,1,1,111,At Risk / Lost Customer,Churned,382.0,United Kingdom,176.9,2010-11
17037,2011-09-13 12:49:00,2011-09-13 12:49:00,1,656,1267.32,1267.32,656.0,75.0,Wholesale,,,,,,,,,,
17038,2010-10-20 16:04:00,2011-11-09 13:50:00,2,535,743.17,371.585,267.5,31.5,Retail,3,1,2,312,Average Customer,Active,29.0,United Kingdom,743.17,2010-10
17039,2010-04-14 12:56:00,2010-04-14 12:56:00,1,689,1954.99,1954.99,689.0,44.0,Wholesale,,,,,,,,,,
17040,2010-06-07 15:08:00,2011-07-25 10:19:00,2,189,463.25,231.625,94.5,8.0,Retail,2,1,2,212,Average Customer,Active,137.0,United Kingdom,463.25,2010-06
17041,2010-04-18 14:25:00,2011-11-13 11:21:00,6,1303,1655.2,275.8666666666667,217.16666666666666,20.5,Retail,3,3,3,333,Best Customer,Active,26.0,United Kingdom,1655.2,2010-04
17042,2011-04-06 14:53:00,2011-12-07 12:26:00,5,990,1036.58,207.31599999999997,198.0,19.4,Retail,3,2,2,322,Loyal Customer,Active,2.0,United Kingdom,1036.58,2011-04
17043,2009-12-09 15:20:00,2011-11-07 15:33:00,8,1616,2593.65,324.20625,202.0,24.5,Retail,3,3,3,333,Best Customer,Active,31.0,United Kingdom,2593.65,2009-12
17044,2009-12-07 12:25:00,2011-11-14 14:28:00,12,5722,11962.3,996.8583333333332,476.8333333333333,12.416666666666666,Retail,3,3,3,333,Best Customer,Active,24.0,United Kingdom,11962.3,2009-12
17045,2010-10-06 14:52:00,2011-08-18 17:09:00,5,294,827.6800000000001,165.536,58.8,10.4,Retail,2,2,2,222,Average Customer,Active,112.0,United Kingdom,827.6800000000001,2010-10
17046,2010-03-29 13:46:00,2011-07-05 14:24:00,5,1636,1906.07,381.214,327.2,17.0,Retail,2,2,3,223,Loyal Customer,Churned,156.0,United Kingdom,1906.07,2010-03
17047,2009-12-08 08:48:00,2011-09-15 13:27:00,6,1184,2289.23,381.53833333333336,197.33333333333334,23.666666666666668,Retail,2,3,3,233,Loyal Customer,Active,84.0,United Kingdom,2289.23,2009-12
17048,2010-01-18 13:55:00,2011-08-14 11:49:00,7,1068,2071.68,295.9542857142857,152.57142857142858,14.428571428571429,Retail,2,3,3,233,Loyal Customer,Active,117.0,United Kingdom,2071.68,2010-01
17049,2010-03-04 10:23:00,2011-12-07 10:48:00,19,4273,9942.53,523.291052631579,224.89473684210526,29.31578947368421,Retail,3,3,3,333,Best Customer,Active,2.0,United Kingdom,9942.53,2010-03
17050,2010-01-26 14:54:00,2011-09-04 13:48:00,11,2432,4648.59,422.59909090909093,221.0909090909091,31.09090909090909,Retail,2,3,3,233,Loyal Customer,Active,95.0,United Kingdom,4648.59,2010-01
17051,2010-03-21 14:55:00,2011-05-29 14:13:00,4,507,706.49,176.6225,126.75,37.75,Retail,2,2,2,222,Average Customer,Churned,193.0,United Kingdom,706.49,2010-03
17052,2011-11-11 14:50:00,2011-11-11 14:50:00,1,251,399.09,399.09,251.0,72.0,Wholesale,,,,,,,,,,
17053,2011-08-01 10:23:00,2011-08-01 10:23:00,1,122,498.48,498.48,122.0,13.0,Retail,2,1,2,212,Average Customer,Active,130.0,United Kingdom,498.48,2011-08
17054,2011-04-08 13:14:00,2011-11-11 12:56:00,5,804,1356.33,271.26599999999996,160.8,16.6,Retail,3,2,2,322,Loyal Customer,Active,27.0,United Kingdom,1356.33,2011-04
17055,2010-09-20 12:21:00,2010-09-20 12:21:00,1,83,232.85,232.85,83.0,24.0,Retail,1,1,1,111,At Risk / Lost Customer,Churned,445.0,United Kingdom,232.85,2010-09
17056,2009-12-01 12:55:00,2009-12-01 12:55:00,1,26,128.60000000000002,128.60000000000002,26.0,8.0,Retail,1,1,1,111,At Risk / Lost Customer,Churned,737.0,United Kingdom,128.60000000000002,2009-12
17057,2010-04-22 19:21:00,2010-04-22 19:21:00,1,129,294.74,294.74,129.0,48.0,Retail,1,1,1,111,At Risk / Lost Customer,Churned,595.0,United Kingdom,294.74,2010-04
17058,2011-04-14 09:18:00,2011-09-19 10:13:00,3,592,1179.89,393.2966666666667,197.33333333333334,20.666666666666668,Retail,2,2,2,222,Average Customer,Active,81.0,United Kingdom,1179.89,2011-04
17059,2010-01-26 14:43:00,2011-11-10 12:27:00,9,3107,4864.57,540.5077777777777,345.22222222222223,78.66666666666667,Wholesale,,,,,,,,,,
17060,2011-03-18 13:27:00,2011-03-18 13:27:00,1,216,234.24,234.24,216.0,5.0,Retail,2,1,1,211,At Risk / Lost Customer,Churned,265.0,United Kingdom,234.24,2011-03
17061,2011-04-21 13:29:00,2011-09-27 11:24:00,11,1526,5232.2300000000005,475.65727272727275,138.72727272727272,9.0,Retail,2,3,3,233,Loyal Customer,Active,73.0,United Kingdom,5232.2300000000005,2011-04
17062,2010-09-26 11:57:00,2011-01-30 11:01:00,6,644,889.75,148.29166666666666,107.33333333333333,19.833333333333332,Retail,1,3,2,132,Average Customer,Churned,313.0,United Kingdom,889.75,2010-09
17063,2009-12-01 12:36:00,2011-11-18 16:19:00,13,1899,3638.53,279.8869230769231,146.07692307692307,15.76923076923077,Retail,3,3,3,333,Best Customer,Active,20.0,United Kingdom,3638.53,2009-12
17064,2011-01-16 16:10:00,2011-10-12 10:18:00,3,316,855.45,285.15000000000003,105.33333333333333,20.0,Retail,2,2,2,222,Average Customer,Active,58.0,United Kingdom,855.45,2011-01
17065,2010-03-12 11:40:00,2010-03-12 11:41:00,2,82,194.7,97.35,41.0,6.0,Retail,1,1,1,111,At Risk / Lost Customer,Churned,637.0,United Kingdom,194.7,2010-03
17066,2009-12-13 13:24:00,2009-12-13 13:24:00,1,93,228.34,228.34,93.0,17.0,Retail,1,1,1,111,At Risk / Lost Customer,Churned,725.0,United Kingdom,228.34,2009-12
17067,2009-12-08 12:03:00,2009-12-15 08:39:00,3,322,454.54,151.51333333333335,107.33333333333333,4.333333333333333,Retail,1,2,2,122,Average Customer,Churned,724.0,United Kingdom,454.54,2009-12
17068,2010-03-28 14:26:00,2011-11-27 13:14:00,47,4351,8987.68,191.2272340425532,92.57446808510639,21.06382978723404,Retail,3,3,3,333,Best Customer,Active,11.0,United Kingdom,8987.68,2010-03
17069,2009-12-03 12:27:00,2011-11-11 17:13:00,14,3230,5517.2300000000005,394.08785714285716,230.71428571428572,20.285714285714285,Retail,3,3,3,333,Best Customer,Active,27.0,United Kingdom,5517.2300000000005,2009-12
17070,2010-10-25 15:57:00,2011-08-17 17:01:00,2,232,437.42,218.71,116.0,51.5,Retail,2,1,2,212,Average Customer,Active,113.0,United Kingdom,437.42,2010-10
17071,2010-01-24 13:05:00,2011-11-11 16:31:00,13,1934,3793.71,291.82384615384615,148.76923076923077,16.23076923076923,Retail,3,3,3,333,Best Customer,Active,27.0,United Kingdom,3793.71,2010-01
17072,2010-03-24 16:33:00,2010-03-24 16:33:00,1,212,273.35,273.35,212.0,20.0,Retail,1,1,1,111,At Risk / Lost Customer,Churned,624.0,United Kingdom,273.35,2010-03
17073,2011-08-22 14:37:00,2011-11-22 11:47:00,4,759,1446.09,361.5225,189.75,42.75,Retail,3,2,3,323,Loyal Customer,Active,17.0,United Kingdom,1446.09,2011-08
17074,2010-05-26 12:04:00,2010-05-26 12:04:00,1,19,203.05,203.05,19.0,4.0,Retail,1,1,1,111,At Risk / Lost Customer,Churned,562.0,United Kingdom,203.05,2010-05
17075,2009-12-14 11:24:00,2011-11-22 11:58:00,10,785,2236.63,223.663,78.5,19.5,Retail,3,3,3,333,Best Customer,Active,17.0,United Kingdom,2236.63,2009-12
17076,2009-12-04 12:12:00,2011-11-03 17:53:00,6,514,1242.75,207.125,85.66666666666667,8.333333333333334,Retail,3,3,2,332,Loyal Customer,Active,35.0,United Kingdom,1242.75,2009-12
17077,2010-05-10 16:36:00,2010-05-10 16:36:00,1,36,306.0,306.0,36.0,1.0,Retail,1,1,1,111,At Risk / Lost Customer,Churned,577.0,United Kingdom,306.0,2010-05
17078,2011-11-03 18:49:00,2011-11-03 19:17:00,2,788,378.2,189.1,394.0,14.0,Retail,3,1,1,311,Average Customer,Active,35.0,United Kingdom,378.2,2011-11
17079,2011-09-22 15:34:00,2011-09-22 15:34:00,1,24,118.80000000000001,118.80000000000001,24.0,2.0,Retail,2,1,1,211,At Risk / Lost Customer,Active,77.0,United Kingdom,118.80000000000001,2011-09
17080,2010-07-01 16:03:00,2011-11-17 12:59:00,7,569,957.53,136.79,81.28571428571429,4.714285714285714,Retail,3,3,2,332,Loyal Customer,Active,21.0,United Kingdom,957.53,2010-07
17081,2010-02-22 13:19:00,2011-11-14 12:56:00,6,381,949.39,158.23166666666665,63.5,34.333333333333336,Retail,3,3,2,332,Loyal Customer,Active,24.0,United Kingdom,949.39,2010-02
17082,2009-12-15 11:25:00,2011-11-06 15:17:00,6,2526,4732.03,788.6716666666666,421.0,28.333333333333332,Retail,3,3,3,333,Best Customer,Active,32.0,United Kingdom,4732.03,2009-12
17083,2010-02-09 11:46:00,2011-08-22 15:43:00,9,1955,4049.79,449.9766666666667,217.22222222222223,12.777777777777779,Retail,2,3,3,233,Loyal Customer,Active,108.0,United Kingdom,4049.79,2010-02
17084,2010-11-08 14:20:00,2011-11-04 14:54:00,3,3178,5001.21,1667.07,1059.3333333333333,93.0,Wholesale,,,,,,,,,,
17085,2009-12-06 12:16:00,2011-08-08 14:15:00,28,3583,7847.67,280.2739285714286,127.96428571428571,34.642857142857146,Retail,2,3,3,233,Loyal Customer,Active,122.0,United Kingdom,7847.67,2009-12
17086,2011-10-07 11:22:00,2011-12-02 13:54:00,6,1859,2050.08,341.68,309.8333333333333,16.0,Retail,3,3,3,333,Best Customer,Active,6.0,United Kingdom,2050.08,2011-10
17087,2009-12-02 10:41:00,2009-12-02 10:41:00,1,113,221.53,221.53,113.0,12.0,Retail,1,1,1,111,At Risk / Lost Customer,Churned,737.0,United Kingdom,221.53,2009-12
17088,2011-03-31 09:48:00,2011-11-11 14:23:00,4,868,1991.01,497.7525,217.0,28.75,Retail,3,2,3,323,Loyal Customer,Active,27.0,United Kingdom,1991.01,2011-03
17089,2010-11-18 15:33:00,2010-11-18 15:33:00,1,35,128.45,128.45,35.0,4.0,Retail,1,1,1,111,At Risk / Lost Customer,Churned,385.0,United Kingdom,128.45,2010-11
17090,2010-07-19 16:02:00,2011-12-05 13:44:00,13,1344,3080.1800000000003,236.9369230769231,103.38461538461539,6.846153846153846,Retail,3,3,3,333,Best Customer,Active,3.0,United Kingdom,3080.1800000000003,2010-07
17091,2009-12-16 15:45:00,2011-12-07 10:43:00,19,3732,7495.75,394.5131578947368,196.42105263157896,23.789473684210527,Retail,3,3,3,333,Best Customer,Active,2.0,United Kingdom,7495.75,2009-12
17092,2010-02-02 16:42:00,2011-10-20 19:51:00,11,3768,5511.41,501.0372727272727,342.54545454545456,34.18181818181818,Retail,2,3,3,233,Loyal Customer,Active,49.0,United Kingdom,5511.41,2010-02
17093,2010-04-26 10:22:00,2010-04-26 10:22:00,1,114,235.88,235.88,114.0,13.0,Retail,1,1,1,111,At Risk / Lost Customer,Churned,592.0,United Kingdom,235.88,2010-04
17094,2010-10-12 10:48:00,2011-01-21 13:09:00,2,212,402.20000000000005,201.10000000000002,106.0,9.0,Retail,1,1,1,111,At Risk / Lost Customer,Churned,321.0,United Kingdom,402.20000000000005,2010-10
17095,2009-12-15 12:32:00,2011-11-17 12:21:00,7,1695,2572.25,367.4642857142857,242.14285714285714,19.571428571428573,Retail,3,3,3,333,Best Customer,Active,22.0,United Kingdom,2572.25,2009-12
17096,2010-06-02 14:48:00,2011-11-24 15:01:00,11,1559,3697.93,336.17545454545456,141.72727272727272,18.363636363636363,Retail,3,3,3,333,Best Customer,Active,14.0,United Kingdom,3697.93,2010-06
17097,2010-10-05 14:09:00,2011-12-07 17:05:00,9,582,1143.36,127.03999999999999,64.66666666666667,29.555555555555557,Retail,3,3,2,332,Loyal Customer,Active,1.0,Spain,1143.36,2010-10
17098,2010-06-17 10:30:00,2010-11-23 12:13:00,3,125,591.0699999999999,197.0233333333333,41.666666666666664,6.0,Retail,1,2,2,122,Average Customer,Churned,381.0,United Kingdom,591.0699999999999,2010-06
17099,2010-06-24 16:25:00,2010-06-24 16:25:00,1,317,582.17,582.17,317.0,40.0,Retail,1,1,2,112,At Risk / Lost Customer,Churned,532.0,United Kingdom,582.17,2010-06
17100,2011-11-21 16:36:00,2011-11-21 16:36:00,2,800,971.74,485.87,400.0,32.5,Retail,3,1,2,312,Average Customer,Active,17.0,United Kingdom,971.74,2011-11
17101,2010-06-07 15:12:00,2011-11-29 13:57:00,7,1175,2507.05,358.15000000000003,167.85714285714286,10.428571428571429,Retail,3,3,3,333,Best Customer,Active,9.0,United Kingdom,2507.05,2010-06
17102,2011-03-23 10:08:00,2011-03-23 10:08:00,1,2,25.5,25.5,2.0,1.0,Retail,2,1,1,211,At Risk / Lost Customer,Churned,261.0,United Kingdom,25.5,2011-03
17103,2009-12-17 14:08:00,2009-12-17 14:08:00,1,471,424.3,424.3,471.0,32.0,Retail,1,1,2,112,At Risk / Lost Customer,Churned,721.0,United Kingdom,424.3,2009-12
17104,2010-10-12 12:21:00,2010-10-12 12:21:00,1,149,474.03,474.03,149.0,19.0,Retail,1,1,2,112,At Risk / Lost Customer,Churned,423.0,United Kingdom,474.03,2010-10
17105,2011-02-06 14:46:00,2011-07-03 15:53:00,2,693,665.78,332.89,346.5,45.0,Retail,2,1,2,212,Average Customer,Churned,158.0,United Kingdom,665.78,2011-02
17106,2010-11-15 14:11:00,2010-11-15 14:11:00,1,153,481.58,481.58,153.0,51.0,Retail,1,1,2,112,At Risk / Lost Customer,Churned,388.0,United Kingdom,481.58,2010-11
17107,2010-01-31 15:47:00,2011-11-06 14:14:00,10,7530,16052.72,1605.272,753.0,65.2,Wholesale,,,,,,,,,,
17108,2010-02-14 12:22:00,2010-02-14 12:22:00,1,31,174.95,174.95,31.0,9.0,Retail,1,1,1,111,At Risk / Lost Customer,Churned,663.0,United Kingdom,174.95,2010-02
17109,2010-07-30 12:42:00,2011-11-10 16:59:00,8,788,1291.71,161.46375,98.5,17.125,Retail,3,3,2,332,Loyal Customer,Active,28.0,United Kingdom,1291.71,2010-07
17110,2010-04-08 13:32:00,2011-06-27 12:58:00,3,136,499.9,166.63333333333333,45.333333333333336,15.666666666666666,Retail,2,2,2,222,Average Customer,Churned,164.0,United Kingdom,499.9,2010-04
17111,2010-10-10 15:21:00,2011-10-23 15:59:00,2,581,459.58,229.79,290.5,24.0,Retail,2,1,2,212,Average Customer,Active,46.0,United Kingdom,459.58,2010-10
17112,2010-07-25 11:14:00,2010-07-25 11:14:00,1,130,197.57,197.57,130.0,44.0,Retail,1,1,1,111,At Risk / Lost Customer,Churned,502.0,United Kingdom,197.57,2010-07
17113,2010-01-11 10:14:00,2010-05-14 13:59:00,6,913,2305.59,384.26500000000004,152.16666666666666,25.666666666666668,Retail,1,3,3,133,Loyal Customer,Churned,573.0,United Kingdom,2305.59,2010-01
17114,2011-01-09 11:39:00,2011-12-04 12:17:00,8,215,801.12,100.14,26.875,15.0,Retail,3,3,2,332,Loyal Customer,Active,5.0,United Kingdom,801.12,2011-01
17115,2009-12-05 12:13:00,2011-12-01 14:30:00,7,885,2761.4900000000002,394.49857142857144,126.42857142857143,17.142857142857142,Retail,3,3,3,333,Best Customer,Active,7.0,United Kingdom,2761.4900000000002,2009-12
17116,2010-03-01 16:29:00,2010-03-01 16:29:00,1,392,389.78,389.78,392.0,47.0,Retail,1,1,1,111,At Risk / Lost Customer,Churned,647.0,United Kingdom,389.78,2010-03
17117,2011-02-24 13:54:00,2011-02-24 13:54:00,1,68,116.19999999999999,116.19999999999999,68.0,9.0,Retail,1,1,1,111,At Risk / Lost Customer,Churned,287.0,United Kingdom,116.19999999999999,2011-02
17118,2011-01-26 12:19:00,2011-01-26 12:19:00,1,154,157.02,157.02,154.0,10.0,Retail,1,1,1,111,At Risk / Lost Customer,Churned,317.0,United Kingdom,157.02,2011-01
17119,2011-10-11 11:03:00,2011-12-06 14:40:00,2,334,606.91,303.455,167.0,17.5,Retail,3,1,2,312,Average Customer,Active,2.0,United Kingdom,606.91,2011-10
17120,2011-04-20 15:21:00,2011-04-20 15:21:00,1,120,307.46,307.46,120.0,18.0,Retail,2,1,1,211,At Risk / Lost Customer,Churned,232.0,United Kingdom,307.46,2011-04
17121,2010-11-02 11:47:00,2010-11-02 11:47:00,1,106,314.74,314.74,106.0,12.0,Retail,1,1,1,111,At Risk / Lost Customer,Churned,402.0,United Kingdom,314.74,2010-11
17122,2010-07-28 09:34:00,2011-08-12 14:33:00,4,368,570.5,142.625,92.0,7.5,Retail,2,2,2,222,Average Customer,Active,118.0,United Kingdom,570.5,2010-07
17123,2010-05-16 11:52:00,2011-07-01 10:47:00,3,676,977.17,325.7233333333333,225.33333333333334,14.333333333333334,Retail,2,2,2,222,Average Customer,Churned,161.0,United Kingdom,977.17,2010-05
17124,2011-06-07 14:02:00,2011-06-07 14:02:00,1,129,294.24,294.24,129.0,31.0,Retail,2,1,1,211,At Risk / Lost Customer,Churned,184.0,United Kingdom,294.24,2011-06
17125,2011-10-20 14:41:00,2011-10-20 14:41:00,1,281,230.5,230.5,281.0,34.0,Retail,2,1,1,211,At Risk / Lost Customer,Active,49.0,United Kingdom,230.5,2011-10
17126,2010-08-31 13:41:00,2011-07-10 13:52:00,9,1426,2016.43,224.04777777777778,158.44444444444446,47.77777777777778,Retail,2,3,3,233,Loyal Customer,Churned,151.0,United Kingdom,2016.43,2010-08
17127,2009-12-04 15:18:00,2010-10-07 09:54:00,5,340,1155.0300000000002,231.00600000000003,68.0,7.4,Retail,1,2,2,122,Average Customer,Churned,428.0,United Kingdom,1155.0300000000002,2009-12
17128,2011-01-09 12:02:00,2011-01-09 12:02:00,1,76,157.09,157.09,76.0,14.0,Retail,1,1,1,111,At Risk / Lost Customer,Churned,334.0,United Kingdom,157.09,2011-01
17129,2010-07-07 13:46:00,2010-07-07 13:46:00,1,5,31.85,31.85,5.0,2.0,Retail,1,1,1,111,At Risk / Lost Customer,Churned,519.0,United Kingdom,31.85,2010-07
17131,2011-09-25 12:42:00,2011-12-04 12:52:00,5,983,2463.17,492.634,196.6,24.6,Retail,3,2,3,323,Loyal Customer,Active,4.0,United Kingdom,2463.17,2011-09
17132,2010-08-08 13:49:00,2010-09-13 16:31:00,2,963,1220.9099999999999,610.4549999999999,481.5,34.0,Retail,1,1,2,112,At Risk / Lost Customer,Churned,451.0,United Kingdom,1220.9099999999999,2010-08
17133,2010-03-21 12:31:00,2011-11-24 12:27:00,12,10107,14622.33,1218.5275,842.25,4.666666666666667,Wholesale,,,,,,,,,,
17134,2010-09-23 18:32:00,2011-08-25 09:53:00,3,144,625.3,208.4333333333333,48.0,12.0,Retail,2,2,2,222,Average Customer,Active,106.0,United Kingdom,625.3,2010-09
17135,2010-05-09 16:03:00,2011-11-23 16:48:00,10,1686,1722.18,172.21800000000002,168.6,14.0,Retail,3,3,3,333,Best Customer,Active,15.0,United Kingdom,1722.18,2010-05
17136,2010-02-15 13:13:00,2010-02-15 13:13:00,1,256,231.68,231.68,256.0,14.0,Retail,1,1,1,111,At Risk / Lost Customer,Churned,661.0,United Kingdom,231.68,2010-02
17137,2010-01-31 12:27:00,2010-10-19 14:51:00,6,680,1099.81,183.30166666666665,113.33333333333333,27.5,Retail,1,3,2,132,Average Customer,Churned,415.0,United Kingdom,1099.81,2010-01
17138,2010-02-04 14:19:00,2011-03-09 11:54:00,7,2024,4417.27,631.0385714285715,289.14285714285717,36.57142857142857,Retail,1,3,3,133,Loyal Customer,Churned,275.0,United Kingdom,4417.27,2010-02
17139,2010-01-11 11:31:00,2011-11-24 10:12:00,25,9853,19566.76,782.6704,394.12,32.32,Retail,3,3,3,333,Best Customer,Active,15.0,United Kingdom,19566.76,2010-01
17140,2011-04-06 13:33:00,2011-04-06 13:33:00,1,296,454.12,454.12,296.0,16.0,Retail,2,1,2,212,Average Customer,Churned,246.0,United Kingdom,454.12,2011-04
17141,2010-01-24 14:19:00,2010-10-17 14:54:00,4,423,727.58,181.895,105.75,40.25,Retail,1,2,2,122,Average Customer,Churned,417.0,United Kingdom,727.58,2010-01
17142,2010-01-24 15:23:00,2011-04-14 18:22:00,4,322,1275.25,318.8125,80.5,22.25,Retail,2,2,2,222,Average Customer,Churned,238.0,United Kingdom,1275.25,2010-01
17143,2010-07-12 13:26:00,2010-10-18 15:27:00,2,314,880.97,440.485,157.0,50.5,Retail,1,1,2,112,At Risk / Lost Customer,Churned,416.0,United Kingdom,880.97,2010-07
17144,2011-09-16 12:50:00,2011-12-08 17:57:00,2,483,984.57,492.285,241.5,24.0,Retail,3,1,2,312,Average Customer,Active,0.0,United Kingdom,984.57,2011-09
17145,2010-02-19 12:07:00,2010-07-15 09:02:00,4,2591,3120.91,780.2275,647.75,45.0,Wholesale,,,,,,,,,,
17146,2010-02-02 09:39:00,2011-08-26 12:44:00,13,2188,5852.64,450.20307692307694,168.30769230769232,22.923076923076923,Retail,2,3,3,233,Loyal Customer,Active,105.0,United Kingdom,5852.64,2010-02
17147,2010-01-11 09:38:00,2011-11-17 12:32:00,9,1308,3199.95,355.54999999999995,145.33333333333334,15.11111111111111,Retail,3,3,3,333,Best Customer,Active,22.0,United Kingdom,3199.95,2010-01
17148,2011-10-19 09:59:00,2011-10-19 09:59:00,1,82,124.88,124.88,82.0,9.0,Retail,2,1,1,211,At Risk / Lost Customer,Active,51.0,United Kingdom,124.88,2011-10
17149,2010-09-14 14:56:00,2010-09-14 14:56:00,1,18,143.10000000000002,143.10000000000002,18.0,6.0,Retail,1,1,1,111,At Risk / Lost Customer,Churned,450.0,United Kingdom,143.10000000000002,2010-09
17150,2009-12-06 10:51:00,2010-11-28 11:27:00,6,397,1357.95,226.32500000000002,66.16666666666667,15.333333333333334,Retail,1,3,2,132,Average Customer,Churned,376.0,United Kingdom,1357.95,2009-12
17151,2009-12-04 14:56:00,2009-12-04 14:56:00,1,42,231.90000000000003,231.90000000000003,42.0,4.0,Retail,1,1,1,111,At Risk / Lost Customer,Churned,734.0,United Kingdom,231.90000000000003,2009-12
17152,2010-10-10 12:40:00,2011-05-29 12:19:00,4,577,2016.5,504.125,144.25,4.0,Retail,2,2,3,223,Loyal Customer,Churned,194.0,United Kingdom,2016.5,2010-10
17153,2011-11-15 13:42:00,2011-11-15 13:42:00,1,104,213.78,213.78,104.0,14.0,Retail,3,1,1,311,Average Customer,Active,23.0,United Kingdom,213.78,2011-11
17154,2011-09-25 13:42:00,2011-09-25 13:42:00,1,490,329.34,329.34,490.0,23.0,Retail,2,1,1,211,At Risk / Lost Customer,Active,74.0,United Kingdom,329.34,2011-09
17155,2009-12-03 11:34:00,2011-11-22 12:38:00,7,987,892.46,127.49428571428572,141.0,10.0,Retail,3,3,2,332,Loyal Customer,Active,17.0,United Kingdom,892.46,2009-12
17156,2010-08-05 11:30:00,2010-08-05 11:30:00,1,391,591.87,591.87,391.0,39.0,Retail,1,1,2,112,At Risk / Lost Customer,Churned,491.0,United Kingdom,591.87,2010-08
17157,2009-12-04 13:00:00,2011-12-02 09:10:00,19,2092,5151.9,271.15263157894736,110.10526315789474,7.421052631578948,Retail,3,3,3,333,Best Customer,Active,7.0,United Kingdom,5151.9,2009-12
17158,2010-03-07 15:50:00,2011-11-07 15:15:00,5,1147,1980.0,396.0,229.4,22.6,Retail,3,2,3,323,Loyal Customer,Active,31.0,United Kingdom,1980.0,2010-03
17159,2010-03-04 14:53:00,2011-11-18 10:52:00,5,1348,2099.59,419.918,269.6,26.0,Retail,3,2,3,323,Loyal Customer,Active,21.0,United Kingdom,2099.59,2010-03
17160,2009-12-04 10:57:00,2011-11-08 14:05:00,17,8390,10209.16,600.5388235294117,493.52941176470586,38.294117647058826,Retail,3,3,3,333,Best Customer,Active,30.0,United Kingdom,10209.16,2009-12
17161,2010-09-21 16:44:00,2010-09-21 16:44:00,1,537,856.01,856.01,537.0,52.0,Wholesale,,,,,,,,,,
17162,2011-02-07 12:27:00,2011-11-11 11:34:00,10,1001,1715.46,171.546,100.1,10.4,Retail,3,3,3,333,Best Customer,Active,28.0,United Kingdom,1715.46,2011-02
17163,2010-02-02 10:39:00,2011-11-18 08:57:00,4,531,699.78,174.945,132.75,7.5,Retail,3,2,2,322,Loyal Customer,Active,21.0,United Kingdom,699.78,2010-02
17164,2011-03-11 14:26:00,2011-11-07 09:14:00,7,1501,2467.35,352.4785714285714,214.42857142857142,20.571428571428573,Retail,3,3,3,333,Best Customer,Active,32.0,United Kingdom,2467.35,2011-03
17165,2009-12-11 09:18:00,2011-02-28 16:39:00,6,788,1794.32,299.05333333333334,131.33333333333334,16.666666666666668,Retail,1,3,3,133,Loyal Customer,Churned,283.0,United Kingdom,1794.32,2009-12
17166,2011-05-20 08:18:00,2011-11-01 09:46:00,2,78,206.34,103.17,39.0,6.0,Retail,3,1,1,311,Average Customer,Active,38.0,United Kingdom,206.34,2011-05
17167,2010-09-20 14:02:00,2010-11-25 10:05:00,3,429,867.11,289.0366666666667,143.0,26.0,Retail,1,2,2,122,Average Customer,Churned,379.0,United Kingdom,867.11,2010-09
17168,2010-07-29 12:33:00,2010-07-29 12:33:00,1,220,400.2,400.2,220.0,21.0,Retail,1,1,1,111,At Risk / Lost Customer,Churned,498.0,United Kingdom,400.2,2010-07
17169,2010-05-10 13:00:00,2011-10-13 10:25:00,3,671,1156.73,385.57666666666665,223.66666666666666,25.0,Retail,2,2,2,222,Average Customer,Active,57.0,United Kingdom,1156.73,2010-05
17170,2010-11-15 16:23:00,2010-11-30 15:55:00,2,152,178.68,89.34,76.0,5.0,Retail,1,1,1,111,At Risk / Lost Customer,Churned,373.0,United Kingdom,178.68,2010-11
17171,2010-02-16 12:02:00,2011-02-23 16:37:00,2,225,384.59,192.295,112.5,12.5,Retail,1,1,1,111,At Risk / Lost Customer,Churned,288.0,United Kingdom,384.59,2010-02
17172,2009-12-13 11:46:00,2011-09-22 09:36:00,3,1215,956.5699999999999,318.8566666666666,405.0,13.0,Retail,2,2,2,222,Average Customer,Active,78.0,United Kingdom,956.5699999999999,2009-12
17173,2011-07-31 15:26:00,2011-12-04 14:40:00,8,1122,3766.6,470.825,140.25,10.75,Retail,3,3,3,333,Best Customer,Active,4.0,United Kingdom,3766.6,2011-07
17174,2011-05-06 11:47:00,2011-05-06 11:47:00,1,41,59.9,59.9,41.0,4.0,Retail,2,1,1,211,At Risk / Lost Customer,Churned,217.0,United Kingdom,59.9,2011-05
17175,2011-02-16 14:56:00,2011-10-26 15:31:00,4,866,1443.69,360.9225,216.5,15.75,Retail,2,2,3,223,Loyal Customer,Active,43.0,United Kingdom,1443.69,2011-02
17176,2010-01-31 15:49:00,2011-05-22 12:41:00,3,576,902.3199999999999,300.7733333333333,192.0,14.0,Retail,2,2,2,222,Average Customer,Churned,201.0,United Kingdom,902.3199999999999,2010-01
17177,2010-07-22 14:53:00,2010-07-22 14:53:00,1,40,119.5,119.5,40.0,29.0,Retail,1,1,1,111,At Risk / Lost Customer,Churned,504.0,United Kingdom,119.5,2010-07
17178,2009-12-08 16:20:00,2009-12-08 16:20:00,1,100,432.96,432.96,100.0,31.0,Retail,1,1,2,112,At Risk / Lost Customer,Churned,730.0,United Kingdom,432.96,2009-12
17179,2010-05-26 11:22:00,2011-06-14 16:48:00,6,625,1507.26,251.21,104.16666666666667,25.833333333333332,Retail,2,3,3,233,Loyal Customer,Churned,177.0,United Kingdom,1507.26,2010-05
17180,2010-01-21 17:43:00,2011-10-14 15:46:00,11,1809,2236.77,203.34272727272727,164.45454545454547,35.90909090909091,Retail,2,3,3,233,Loyal Customer,Active,55.0,United Kingdom,2236.77,2010-01
17181,2010-04-23 11:21:00,2011-10-13 14:48:00,3,268,309.85,103.28333333333335,89.33333333333333,9.333333333333334,Retail,2,2,1,221,Average Customer,Active,56.0,United Kingdom,309.85,2010-04
17182,2009-12-21 15:22:00,2010-10-13 10:09:00,2,54,321.3,160.65,27.0,3.0,Retail,1,1,1,111,At Risk / Lost Customer,Churned,422.0,United Kingdom,321.3,2009-12
17183,2011-08-26 15:25:00,2011-12-02 10:07:00,6,1296,3347.31,557.885,216.0,12.166666666666666,Retail,3,3,3,333,Best Customer,Active,7.0,United Kingdom,3347.31,2011-08
17184,2009-12-09 14:17:00,2010-05-19 14:24:00,2,73,198.41000000000003,99.20500000000001,36.5,7.0,Retail,1,1,1,111,At Risk / Lost Customer,Churned,568.0,United Kingdom,198.41000000000003,2009-12
17185,2010-04-20 13:49:00,2010-04-27 12:15:00,3,119,229.46,76.48666666666666,39.666666666666664,14.666666666666666,Retail,1,2,1,121,At Risk / Lost Customer,Churned,591.0,United Kingdom,229.46,2010-04
17186,2011-10-10 12:52:00,2011-10-24 10:20:00,2,200,144.0,72.0,100.0,1.0,Retail,2,1,1,211,At Risk / Lost Customer,Active,46.0,United Kingdom,144.0,2011-10
17187,2010-07-01 14:38:00,2011-04-27 12:39:00,2,426,467.71,233.855,213.0,11.5,Retail,2,1,2,212,Average Customer,Churned,226.0,United Kingdom,467.71,2010-07
17188,2009-12-08 19:16:00,2011-11-28 13:53:00,13,2569,4592.93,353.3023076923077,197.6153846153846,13.23076923076923,Retail,3,3,3,333,Best Customer,Active,10.0,United Kingdom,4592.93,2009-12
17189,2009-12-02 11:45:00,2011-08-25 19:39:00,5,601,953.63,190.726,120.2,23.8,Retail,2,2,2,222,Average Customer,Active,105.0,United Kingdom,953.63,2009-12
17190,2010-03-05 13:21:00,2011-10-12 11:33:00,7,2218,1726.57,246.65285714285713,316.85714285714283,26.285714285714285,Retail,2,3,3,233,Loyal Customer,Active,58.0,United Kingdom,1726.57,2010-03
17191,2009-12-01 16:34:00,2011-11-11 16:58:00,15,2208,4310.34,287.356,147.2,32.266666666666666,Retail,3,3,3,333,Best Customer,Active,27.0,United Kingdom,4310.34,2009-12
17192,2010-06-21 16:07:00,2010-06-21 16:07:00,1,45,75.28,75.28,45.0,20.0,Retail,1,1,1,111,At Risk / Lost Customer,Churned,535.0,United Kingdom,75.28,2010-06
17193,2009-12-02 10:02:00,2011-11-04 12:47:00,9,1668,2310.04,256.6711111111111,185.33333333333334,4.888888888888889,Retail,3,3,3,333,Best Customer,Active,35.0,United Kingdom,2310.04,2009-12
17194,2010-06-27 13:16:00,2011-03-11 12:05:00,3,420,812.5,270.8333333333333,140.0,19.333333333333332,Retail,1,2,2,122,Average Customer,Churned,273.0,United Kingdom,812.5,2010-06
17195,2010-02-22 13:05:00,2010-02-22 13:05:00,1,486,562.98,562.98,486.0,31.0,Retail,1,1,2,112,At Risk / Lost Customer,Churned,654.0,United Kingdom,562.98,2010-02
17196,2010-10-08 11:31:00,2010-10-08 11:31:00,1,154,327.75,327.75,154.0,84.0,Wholesale,,,,,,,,,,
17197,2011-11-10 10:32:00,2011-11-10 10:32:00,1,191,1013.01,1013.01,191.0,29.0,Retail,3,1,2,312,Average Customer,Active,29.0,United Kingdom,1013.01,2011-11
17198,2010-12-03 14:54:00,2011-11-16 10:39:00,3,357,692.22,230.74,119.0,31.0,Retail,3,2,2,322,Loyal Customer,Active,23.0,United Kingdom,692.22,2010-12
17199,2010-05-06 13:53:00,2010-05-06 13:53:00,1,232,135.04000000000002,135.04000000000002,232.0,8.0,Retail,1,1,1,111,At Risk / Lost Customer,Churned,581.0,United Kingdom,135.04000000000002,2010-05
17200,2010-02-25 13:23:00,2010-11-17 13:04:00,4,367,356.71,89.1775,91.75,6.25,Retail,1,2,1,121,At Risk / Lost Customer,Churned,386.0,United Kingdom,356.71,2010-02
17201,2010-02-10 12:26:00,2011-10-17 11:55:00,4,1004,1143.1,285.775,251.0,40.25,Retail,2,2,2,222,Average Customer,Active,53.0,United Kingdom,1143.1,2010-02
17202,2010-10-15 11:25:00,2010-10-15 11:25:00,1,55,160.65,160.65,55.0,8.0,Retail,1,1,1,111,At Risk / Lost Customer,Churned,420.0,United Kingdom,160.65,2010-10
17203,2010-11-16 12:52:00,2011-11-04 12:27:00,10,4597,5564.09,556.409,459.7,25.9,Retail,3,3,3,333,Best Customer,Active,35.0,United Kingdom,5564.09,2010-11
17204,2010-06-10 11:37:00,2011-06-17 14:46:00,9,2651,5504.6900000000005,611.6322222222223,294.55555555555554,19.666666666666668,Retail,2,3,3,233,Loyal Customer,Churned,174.0,United Kingdom,5504.6900000000005,2010-06
17205,2010-05-24 15:36:00,2011-10-17 12:46:00,3,2214,999.35,333.1166666666667,738.0,11.666666666666666,Wholesale,,,,,,,,,,
17206,2011-10-17 13:25:00,2011-10-17 13:25:00,1,76,204.24,204.24,76.0,7.0,Retail,2,1,1,211,At Risk / Lost Customer,Active,52.0,United Kingdom,204.24,2011-10
17207,2010-02-25 19:08:00,2010-02-25 19:08:00,1,233,292.62,292.62,233.0,55.0,Wholesale,,,,,,,,,,
17208,2010-11-09 12:50:00,2010-11-09 12:50:00,1,101,111.15,111.15,101.0,21.0,Retail,1,1,1,111,At Risk / Lost Customer,Churned,395.0,United Kingdom,111.15,2010-11
17209,2009-12-03 11:10:00,2010-02-28 16:01:00,3,723,595.7,198.5666666666667,241.0,12.333333333333334,Retail,1,2,2,122,Average Customer,Churned,648.0,United Kingdom,595.7,2009-12
17210,2010-11-12 12:15:00,2010-11-12 12:15:00,1,242,251.72,251.72,242.0,47.0,Retail,1,1,1,111,At Risk / Lost Customer,Churned,392.0,United Kingdom,251.72,2010-11
17211,2009-12-13 13:17:00,2011-11-13 12:03:00,13,2141,3773.35,290.2576923076923,164.69230769230768,26.0,Retail,3,3,3,333,Best Customer,Active,26.0,United Kingdom,3773.35,2009-12
17212,2010-08-10 09:22:00,2011-03-31 19:42:00,3,727,794.41,264.80333333333334,242.33333333333334,9.666666666666666,Retail,2,2,2,222,Average Customer,Churned,252.0,United Kingdom,794.41,2010-08
17213,2009-12-15 10:28:00,2011-10-30 14:53:00,13,2087,4869.400000000001,374.5692307692308,160.53846153846155,20.46153846153846,Retail,3,3,3,333,Best Customer,Active,39.0,United Kingdom,4869.400000000001,2009-12
17214,2010-12-15 15:14:00,2011-10-10 13:17:00,6,272,1059.1200000000001,176.52,45.333333333333336,16.5,Retail,2,3,2,232,Loyal Customer,Active,59.0,United Kingdom,1059.1200000000001,2010-12
17215,2010-09-01 13:39:00,2010-09-01 13:39:00,1,104,186.15,186.15,104.0,11.0,Retail,1,1,1,111,At Risk / Lost Customer,Churned,463.0,United Kingdom,186.15,2010-09
17216,2010-06-03 13:03:00,2010-06-03 13:03:00,1,21,63.6,63.6,21.0,13.0,Retail,1,1,1,111,At Risk / Lost Customer,Churned,553.0,United Kingdom,63.6,2010-06
17217,2010-03-30 13:35:00,2011-04-19 17:19:00,2,93,210.1,105.05,46.5,13.5,Retail,2,1,1,211,At Risk / Lost Customer,Churned,233.0,United Kingdom,210.1,2010-03
17218,2010-01-25 16:12:00,2011-12-05 13:52:00,18,2066,3891.39,216.18833333333333,114.77777777777777,25.88888888888889,Retail,3,3,3,333,Best Customer,Active,3.0,United Kingdom,3891.39,2010-01
17219,2010-10-19 11:29:00,2011-11-08 11:25:00,2,188,259.13,129.565,94.0,24.0,Retail,3,1,1,311,Average Customer,Active,31.0,United Kingdom,259.13,2010-10
17220,2010-01-20 11:57:00,2011-11-15 13:47:00,21,2663,4457.31,212.25285714285715,126.80952380952381,31.333333333333332,Retail,3,3,3,333,Best Customer,Active,23.0,United Kingdom,4457.31,2010-01
17221,2010-04-11 15:34:00,2011-12-02 13:35:00,5,713,976.62,195.324,142.6,24.4,Retail,3,2,2,322,Loyal Customer,Active,6.0,United Kingdom,976.62,2010-04
17222,2010-01-10 15:24:00,2011-10-05 13:58:00,6,857,1579.51,263.25166666666667,142.83333333333334,18.333333333333332,Retail,2,3,3,233,Loyal Customer,Active,64.0,United Kingdom,1579.51,2010-01
17223,2010-11-29 17:19:00,2011-02-02 15:57:00,3,155,558.04,186.01333333333332,51.666666666666664,22.666666666666668,Retail,1,2,2,122,Average Customer,Churned,309.0,United Kingdom,558.04,2010-11
17224,2010-07-26 13:30:00,2010-07-26 13:30:00,1,65,100.86,100.86,65.0,8.0,Retail,1,1,1,111,At Risk / Lost Customer,Churned,500.0,United Kingdom,100.86,2010-07
17225,2010-05-07 11:38:00,2010-05-07 11:38:00,1,36,131.15,131.15,36.0,5.0,Retail,1,1,1,111,At Risk / Lost Customer,Churned,581.0,United Kingdom,131.15,2010-05
17226,2010-02-12 14:31:00,2011-02-04 11:52:00,3,853,895.47,298.49,284.3333333333333,19.333333333333332,Retail,1,2,2,122,Average Customer,Churned,308.0,United Kingdom,895.47,2010-02
17227,2010-01-15 15:05:00,2011-11-21 10:51:00,12,1681,1878.93,156.57750000000001,140.08333333333334,9.166666666666666,Retail,3,3,3,333,Best Customer,Active,18.0,United Kingdom,1878.93,2010-01
17228,2010-03-12 11:54:00,2011-11-24 10:24:00,13,2354,2820.03,216.92538461538464,181.07692307692307,24.923076923076923,Retail,3,3,3,333,Best Customer,Active,15.0,United Kingdom,2820.03,2010-03
17229,2011-07-20 12:38:00,2011-09-04 13:56:00,2,185,318.76,159.38,92.5,23.5,Retail,2,1,1,211,At Risk / Lost Customer,Active,95.0,United Kingdom,318.76,2011-07
17230,2009-12-08 13:41:00,2011-03-20 16:12:00,18,3753,9388.49,521.5827777777778,208.5,12.055555555555555,Retail,2,3,3,233,Loyal Customer,Churned,263.0,United Kingdom,9388.49,2009-12
17231,2009-12-07 16:38:00,2011-11-27 15:18:00,25,3682,7064.8,282.592,147.28,46.08,Retail,3,3,3,333,Best Customer,Active,11.0,United Kingdom,7064.8,2009-12
17232,2011-11-25 12:24:00,2011-12-07 12:21:00,2,202,417.77,208.885,101.0,17.5,Retail,3,1,1,311,Average Customer,Active,2.0,United Kingdom,417.77,2011-11
17233,2009-12-15 12:03:00,2011-11-04 14:06:00,3,298,560.86,186.95333333333335,99.33333333333333,19.333333333333332,Retail,3,2,2,322,Loyal Customer,Active,34.0,United Kingdom,560.86,2009-12
17234,2011-06-10 11:20:00,2011-06-10 11:20:00,1,55,149.89000000000001,149.89000000000001,55.0,14.0,Retail,2,1,1,211,At Risk / Lost Customer,Churned,182.0,United Kingdom,149.89000000000001,2011-06
17235,2010-06-04 17:01:00,2011-11-14 15:51:00,8,845,1562.98,195.3725,105.625,11.125,Retail,3,3,3,333,Best Customer,Active,24.0,United Kingdom,1562.98,2010-06
17236,2010-03-07 13:00:00,2011-11-27 12:00:00,12,804,1929.26,160.77166666666668,67.0,13.0,Retail,3,3,3,333,Best Customer,Active,12.0,United Kingdom,1929.26,2010-03
17237,2010-11-23 11:45:00,2011-11-28 15:02:00,4,414,994.13,248.5325,103.5,19.25,Retail,3,2,2,322,Loyal Customer,Active,10.0,United Kingdom,994.13,2010-11
17238,2009-12-01 10:59:00,2011-12-07 11:35:00,32,3555,7331.67,229.1146875,111.09375,34.15625,Retail,3,3,3,333,Best Customer,Active,2.0,United Kingdom,7331.67,2009-12
17239,2010-07-01 10:53:00,2011-01-31 09:41:00,4,515,1189.45,297.3625,128.75,8.0,Retail,1,2,2,122,Average Customer,Churned,312.0,United Kingdom,1189.45,2010-07
17240,2010-04-22 15:44:00,2010-04-22 15:44:00,1,108,130.6,130.6,108.0,7.0,Retail,1,1,1,111,At Risk / Lost Customer,Churned,595.0,United Kingdom,130.6,2010-04
17241,2010-02-15 14:47:00,2010-11-19 13:01:00,12,859,2736.64,228.0533333333333,71.58333333333333,14.166666666666666,Retail,1,3,3,133,Loyal Customer,Churned,384.0,United Kingdom,2736.64,2010-02
17242,2010-01-24 10:27:00,2011-08-23 14:55:00,5,1459,2889.28,577.856,291.8,16.8,Retail,2,2,3,223,Loyal Customer,Active,107.0,United Kingdom,2889.28,2010-01
17243,2009-12-01 15:36:00,2011-12-08 13:26:00,69,7932,20203.58,292.80550724637686,114.95652173913044,15.101449275362318,Retail,3,3,3,333,Best Customer,Active,0.0,United Kingdom,20203.58,2009-12
17244,2009-12-06 11:27:00,2011-10-17 15:19:00,5,1419,1826.04,365.20799999999997,283.8,23.6,Retail,2,2,3,223,Loyal Customer,Active,52.0,United Kingdom,1826.04,2009-12
17245,2010-01-19 15:39:00,2011-05-19 10:43:00,2,307,371.63,185.815,153.5,12.0,Retail,2,1,1,211,At Risk / Lost Customer,Churned,204.0,United Kingdom,371.63,2010-01
17246,2009-12-01 17:45:00,2010-06-11 12:36:00,2,36,38.92,19.46,18.0,3.0,Retail,1,1,1,111,At Risk / Lost Customer,Churned,546.0,United Kingdom,38.92,2009-12
17247,2011-11-24 15:21:00,2011-11-24 15:21:00,1,105,280.09000000000003,280.09000000000003,105.0,53.0,Retail,3,1,1,311,Average Customer,Active,14.0,United Kingdom,280.09000000000003,2011-11
17248,2010-08-15 11:55:00,2011-08-11 13:34:00,2,276,500.54,250.27,138.0,51.0,Retail,2,1,2,212,Average Customer,Active,119.0,United Kingdom,500.54,2010-08
17249,2010-10-07 11:33:00,2010-10-07 11:33:00,1,79,68.03,68.03,79.0,27.0,Retail,1,1,1,111,At Risk / Lost Customer,Churned,428.0,United Kingdom,68.03,2010-10
17250,2011-03-23 16:45:00,2011-12-06 12:15:00,2,167,381.97,190.985,83.5,27.5,Retail,3,1,1,311,Average Customer,Active,3.0,United Kingdom,381.97,2011-03
17251,2009-12-15 10:36:00,2010-12-12 11:06:00,3,377,798.98,266.32666666666665,125.66666666666667,25.666666666666668,Retail,1,2,2,122,Average Customer,Churned,362.0,United Kingdom,798.98,2009-12
17252,2011-06-06 16:41:00,2011-08-15 09:45:00,2,192,348.91,174.455,96.0,43.0,Retail,2,1,1,211,At Risk / Lost Customer,Active,116.0,United Kingdom,348.91,2011-06
17253,2011-11-21 12:59:00,2011-11-21 12:59:00,1,43,178.26,178.26,43.0,18.0,Retail,3,1,1,311,Average Customer,Active,17.0,United Kingdom,178.26,2011-11
17254,2010-11-03 14:00:00,2011-12-05 12:46:00,3,397,469.48,156.49333333333334,132.33333333333334,49.0,Retail,3,2,2,322,Loyal Customer,Active,4.0,United Kingdom,469.48,2010-11
17255,2010-09-19 15:53:00,2011-10-30 12:18:00,4,583,781.7,195.425,145.75,43.25,Retail,3,2,2,322,Loyal Customer,Active,40.0,United Kingdom,781.7,2010-09
17256,2010-04-18 13:40:00,2011-08-24 13:30:00,5,299,498.93,99.786,59.8,5.6,Retail,2,2,2,222,Average Customer,Active,106.0,United Kingdom,498.93,2010-04
17257,2010-09-29 12:49:00,2010-09-29 12:51:00,2,187,189.78,94.89,93.5,7.0,Retail,1,1,1,111,At Risk / Lost Customer,Churned,435.0,United Kingdom,189.78,2010-09
17258,2010-02-12 15:51:00,2010-11-08 12:37:00,2,188,417.3,208.65,94.0,27.0,Retail,1,1,1,111,At Risk / Lost Customer,Churned,396.0,United Kingdom,417.3,2010-02
17259,2010-02-22 13:38:00,2011-07-14 15:01:00,6,844,1452.39,242.06500000000003,140.66666666666666,36.833333333333336,Retail,2,3,3,233,Loyal Customer,Churned,147.0,United Kingdom,1452.39,2010-02
17260,2010-10-24 13:21:00,2010-10-24 13:21:00,1,23,120.95,120.95,23.0,6.0,Retail,1,1,1,111,At Risk / Lost Customer,Churned,410.0,United Kingdom,120.95,2010-10
17261,2010-07-18 11:49:00,2010-07-18 11:49:00,1,95,221.59,221.59,95.0,43.0,Retail,1,1,1,111,At Risk / Lost Customer,Churned,509.0,United Kingdom,221.59,2010-07
17262,2009-12-15 11:26:00,2011-10-18 12:56:00,11,635,2488.76,226.25090909090912,57.72727272727273,1.7272727272727273,Retail,2,3,3,233,Loyal Customer,Active,51.0,United Kingdom,2488.76,2009-12
17263,2011-05-15 14:32:00,2011-05-15 14:32:00,1,36,63.440000000000005,63.440000000000005,36.0,23.0,Retail,2,1,1,211,At Risk / Lost Customer,Churned,207.0,United Kingdom,63.440000000000005,2011-05
17264,2010-10-11 12:52:00,2010-10-11 12:52:00,1,217,268.28,268.28,217.0,70.0,Wholesale,,,,,,,,,,
17265,2011-06-12 12:00:00,2011-07-24 10:49:00,2,389,550.01,275.005,194.5,59.0,Wholesale,,,,,,,,,,
17266,2010-03-09 10:42:00,2011-12-07 14:12:00,5,243,501.71999999999997,100.344,48.6,21.8,Retail,3,2,2,322,Loyal Customer,Active,1.0,United Kingdom,501.71999999999997,2010-03
17267,2011-08-04 17:19:00,2011-08-04 17:22:00,2,158,317.2,158.6,79.0,18.5,Retail,2,1,1,211,At Risk / Lost Customer,Active,126.0,United Kingdom,317.2,2011-08
17268,2009-12-08 11:46:00,2011-08-24 10:06:00,11,1395,1733.8899999999999,157.62636363636364,126.81818181818181,2.727272727272727,Retail,2,3,3,233,Loyal Customer,Active,107.0,United Kingdom,1733.8899999999999,2009-12
17269,2010-11-19 11:12:00,2010-11-19 11:12:00,1,314,491.81,491.81,314.0,110.0,Wholesale,,,,,,,,,,
17270,2009-12-07 17:18:00,2010-08-27 14:09:00,2,420,601.4499999999999,300.72499999999997,210.0,23.0,Retail,1,1,2,112,At Risk / Lost Customer,Churned,468.0,United Kingdom,601.4499999999999,2009-12
17271,2009-12-03 13:49:00,2009-12-03 13:49:00,1,113,204.3,204.3,113.0,46.0,Retail,1,1,1,111,At Risk / Lost Customer,Churned,735.0,United Kingdom,204.3,2009-12
17272,2011-03-22 12:05:00,2011-10-28 16:37:00,4,1778,2148.63,537.1575,444.5,28.5,Retail,3,2,3,323,Loyal Customer,Active,41.0,United Kingdom,2148.63,2011-03
17273,2010-10-11 15:57:00,2010-10-11 15:57:00,1,133,141.12,141.12,133.0,12.0,Retail,1,1,1,111,At Risk / Lost Customer,Churned,423.0,United Kingdom,141.12,2010-10
17274,2010-11-09 12:06:00,2011-11-04 13:16:00,2,271,573.22,286.61,135.5,38.0,Retail,3,1,2,312,Average Customer,Active,34.0,United Kingdom,573.22,2010-11
17275,2010-11-21 13:26:00,2010-11-21 13:26:00,1,71,114.1,114.1,71.0,23.0,Retail,1,1,1,111,At Risk / Lost Customer,Churned,382.0,United Kingdom,114.1,2010-11
17276,2010-11-02 16:20:00,2010-11-02 16:20:00,1,187,502.49,502.49,187.0,50.0,Retail,1,1,2,112,At Risk / Lost Customer,Churned,401.0,United Kingdom,502.49,2010-11
17277,2011-01-21 12:37:00,2011-04-26 12:47:00,2,430,1065.3500000000001,532.6750000000001,215.0,34.5,Retail,2,1,2,212,Average Customer,Churned,227.0,United Kingdom,1065.3500000000001,2011-01
17278,2010-05-23 13:49:00,2011-04-12 13:10:00,2,195,271.24,135.62,97.5,8.5,Retail,2,1,1,211,At Risk / Lost Customer,Churned,240.0,United Kingdom,271.24,2010-05
17279,2011-10-13 11:58:00,2011-10-13 11:58:00,1,48,187.82999999999998,187.82999999999998,48.0,8.0,Retail,2,1,1,211,At Risk / Lost Customer,Active,57.0,United Kingdom,187.82999999999998,2011-10
17280,2010-09-27 16:46:00,2010-09-27 16:46:00,1,74,118.85999999999999,118.85999999999999,74.0,6.0,Retail,1,1,1,111,At Risk / Lost Customer,Churned,437.0,United Kingdom,118.85999999999999,2010-09
17281,2010-02-04 13:00:00,2010-11-30 18:05:00,6,295,797.8499999999999,132.975,49.166666666666664,1.0,Retail,1,3,2,132,Average Customer,Churned,373.0,United Kingdom,797.8499999999999,2010-02
17282,2010-06-09 12:07:00,2011-08-01 14:29:00,5,2332,2308.54,461.70799999999997,466.4,39.8,Retail,2,2,3,223,Loyal Customer,Active,129.0,United Kingdom,2308.54,2010-06
17283,2010-11-26 11:53:00,2010-11-26 11:53:00,1,179,188.46,188.46,179.0,15.0,Retail,1,1,1,111,At Risk / Lost Customer,Churned,378.0,United Kingdom,188.46,2010-11
17284,2010-09-20 16:18:00,2011-10-10 14:38:00,8,2069,2788.06,348.5075,258.625,46.0,Retail,2,3,3,233,Loyal Customer,Active,59.0,United Kingdom,2788.06,2010-09
17285,2010-02-14 14:10:00,2010-03-21 13:38:00,2,134,407.94,203.97,67.0,21.5,Retail,1,1,1,111,At Risk / Lost Customer,Churned,627.0,United Kingdom,407.94,2010-02
17286,2010-11-04 13:43:00,2011-11-18 12:47:00,3,368,389.18,129.72666666666666,122.66666666666667,30.0,Retail,3,2,1,321,Average Customer,Active,21.0,United Kingdom,389.18,2010-11
17287,2009-12-03 12:45:00,2011-11-13 13:27:00,21,1955,3826.86,182.23142857142858,93.0952380952381,21.904761904761905,Retail,3,3,3,333,Best Customer,Active,25.0,United Kingdom,3826.86,2009-12
17288,2010-11-10 14:44:00,2011-11-30 16:09:00,11,1699,2468.43,224.40272727272725,154.45454545454547,25.09090909090909,Retail,3,3,3,333,Best Customer,Active,8.0,United Kingdom,2468.43,2010-11
17289,2010-03-08 12:52:00,2011-11-08 12:01:00,9,1237,2041.8,226.86666666666667,137.44444444444446,27.77777777777778,Retail,3,3,3,333,Best Customer,Active,31.0,United Kingdom,2041.8,2010-03
17290,2009-12-13 13:28:00,2011-12-06 12:38:00,8,1139,1487.96,185.995,142.375,23.875,Retail,3,3,3,333,Best Customer,Active,3.0,United Kingdom,1487.96,2009-12
17291,2011-02-04 13:04:00,2011-02-04 13:04:00,1,72,550.8000000000001,550.8000000000001,72.0,1.0,Retail,1,1,2,112,At Risk / Lost Customer,Churned,307.0,United Kingdom,550.8000000000001,2011-02
17292,2010-05-09 14:52:00,2010-08-24 17:14:00,2,131,271.75,135.875,65.5,7.0,Retail,1,1,1,111,At Risk / Lost Customer,Churned,471.0,United Kingdom,271.75,2010-05
17293,2009-12-03 15:09:00,2011-12-01 14:37:00,17,2228,3750.63,220.62529411764706,131.05882352941177,13.764705882352942,Retail,3,3,3,333,Best Customer,Active,7.0,United Kingdom,3750.63,2009-12
17294,2010-02-08 14:21:00,2010-02-08 16:12:00,2,297,467.78999999999996,233.89499999999998,148.5,8.5,Retail,1,1,2,112,At Risk / Lost Customer,Churned,668.0,United Kingdom,467.78999999999996,2010-02
17295,2011-10-06 12:22:00,2011-11-11 10:49:00,3,293,547.0,182.33333333333334,97.66666666666667,22.666666666666668,Retail,3,2,2,322,Loyal Customer,Active,28.0,United Kingdom,547.0,2011-10
17296,2009-12-09 14:01:00,2009-12-09 14:01:00,1,216,338.13,338.13,216.0,32.0,Retail,1,1,1,111,At Risk / Lost Customer,Churned,729.0,United Kingdom,338.13,2009-12
17297,2011-11-22 14:43:00,2011-11-22 14:43:00,1,65,128.18,128.18,65.0,49.0,Retail,3,1,1,311,Average Customer,Active,16.0,United Kingdom,128.18,2011-11
17298,2010-03-08 08:56:00,2011-08-30 16:43:00,5,852,954.26,190.852,170.4,13.8,Retail,2,2,2,222,Average Customer,Active,100.0,United Kingdom,954.26,2010-03
17299,2010-08-15 16:00:00,2011-11-28 12:01:00,6,919,993.23,165.53833333333333,153.16666666666666,17.833333333333332,Retail,3,3,2,332,Loyal Customer,Active,11.0,United Kingdom,993.23,2010-08
17300,2010-08-15 11:02:00,2010-11-14 10:56:00,2,467,393.64,196.82,233.5,21.5,Retail,1,1,1,111,At Risk / Lost Customer,Churned,390.0,United Kingdom,393.64,2010-08
17301,2010-03-25 13:16:00,2011-11-18 13:43:00,2,216,294.39,147.195,108.0,55.5,Wholesale,,,,,,,,,,
17302,2011-02-07 10:14:00,2011-11-25 09:36:00,5,575,1135.63,227.12600000000003,115.0,15.8,Retail,3,2,2,322,Loyal Customer,Active,14.0,United Kingdom,1135.63,2011-02
17303,2010-12-13 13:32:00,2010-12-13 13:32:00,1,144,250.04,250.04,144.0,53.0,Retail,1,1,1,111,At Risk / Lost Customer,Churned,360.0,United Kingdom,250.04,2010-12
17304,2010-06-23 16:23:00,2010-06-23 16:23:00,1,73,111.5,111.5,73.0,5.0,Retail,1,1,1,111,At Risk / Lost Customer,Churned,533.0,United Kingdom,111.5,2010-06
17305,2010-03-01 12:47:00,2010-03-01 12:47:00,1,1006,2135.46,2135.46,1006.0,9.0,Wholesale,,,,,,,,,,
17306,2010-11-01 11:38:00,2011-11-29 12:14:00,21,13747,9782.35,465.8261904761905,654.6190476190476,3.4285714285714284,Wholesale,,,,,,,,,,
17307,2010-01-19 16:38:00,2010-11-09 13:40:00,11,3667,3999.8900000000003,363.6263636363637,333.3636363636364,4.363636363636363,Retail,1,3,3,133,Loyal Customer,Churned,394.0,United Kingdom,3999.8900000000003,2010-01
17308,2010-09-13 09:35:00,2010-11-11 13:19:00,2,5148,4511.76,2255.88,2574.0,3.5,Wholesale,,,,,,,,,,
17309,2010-02-04 15:49:00,2011-09-05 15:20:00,3,181,320.39,106.79666666666667,60.333333333333336,11.333333333333334,Retail,2,2,1,221,Average Customer,Active,94.0,United Kingdom,320.39,2010-02
17310,2010-06-23 11:38:00,2010-11-17 16:00:00,2,402,1025.1,512.55,201.0,1.0,Retail,1,1,2,112,At Risk / Lost Customer,Churned,386.0,United Kingdom,1025.1,2010-06
17311,2010-02-03 12:38:00,2011-09-22 14:11:00,6,2755,3566.56,594.4266666666666,459.1666666666667,21.166666666666668,Retail,2,3,3,233,Loyal Customer,Active,77.0,United Kingdom,3566.56,2010-02
17312,2011-07-03 13:12:00,2011-07-24 11:52:00,3,372,644.3,214.76666666666665,124.0,4.666666666666667,Retail,2,2,2,222,Average Customer,Active,138.0,United Kingdom,644.3,2011-07
17313,2011-11-08 15:45:00,2011-11-08 15:45:00,1,1402,2328.84,2328.84,1402.0,24.0,Wholesale,,,,,,,,,,
17314,2009-12-03 11:25:00,2011-11-15 09:41:00,17,3663,4904.43,288.4958823529412,215.47058823529412,15.058823529411764,Retail,3,3,3,333,Best Customer,Active,24.0,United Kingdom,4904.43,2009-12
17315,2010-09-27 12:45:00,2011-12-08 12:15:00,43,5088,9599.58,223.2460465116279,118.32558139534883,17.186046511627907,Retail,3,3,3,333,Best Customer,Active,1.0,United Kingdom,9599.58,2010-09
17316,2010-10-15 14:35:00,2010-10-15 14:35:00,1,44,124.45,124.45,44.0,35.0,Retail,1,1,1,111,At Risk / Lost Customer,Churned,419.0,United Kingdom,124.45,2010-10
17317,2011-09-11 12:45:00,2011-10-24 17:19:00,3,1146,2600.34,866.7800000000001,382.0,3.0,Retail,2,2,3,223,Loyal Customer,Active,45.0,United Kingdom,2600.34,2011-09
17318,2009-12-14 13:11:00,2009-12-14 13:11:00,1,59,157.32999999999998,157.32999999999998,59.0,17.0,Retail,1,1,1,111,At Risk / Lost Customer,Churned,724.0,United Kingdom,157.32999999999998,2009-12
17319,2010-02-08 15:47:00,2010-02-08 15:47:00,1,14,29.1,29.1,14.0,3.0,Retail,1,1,1,111,At Risk / Lost Customer,Churned,668.0,United Kingdom,29.1,2010-02
17320,2010-01-21 16:29:00,2011-08-31 13:31:00,6,1182,2444.85,407.47499999999997,197.0,25.333333333333332,Retail,2,3,3,233,Loyal Customer,Active,99.0,United Kingdom,2444.85,2010-01
17321,2010-05-11 12:10:00,2011-12-01 13:41:00,6,790,1665.21,277.535,131.66666666666666,42.666666666666664,Retail,3,3,3,333,Best Customer,Active,7.0,United Kingdom,1665.21,2010-05
17322,2009-12-03 11:46:00,2010-11-28 14:41:00,5,631,922.59,184.518,126.2,34.2,Retail,1,2,2,122,Average Customer,Churned,375.0,United Kingdom,922.59,2009-12
17323,2010-01-10 11:58:00,2011-11-24 17:29:00,12,1426,1551.04,129.25333333333333,118.83333333333333,27.333333333333332,Retail,3,3,3,333,Best Customer,Active,14.0,United Kingdom,1551.04,2010-01
17324,2009-12-18 15:29:00,2011-11-22 10:34:00,12,1485,2171.07,180.9225,123.75,12.0,Retail,3,3,3,333,Best Customer,Active,17.0,United Kingdom,2171.07,2009-12
17325,2010-03-08 11:31:00,2011-03-04 13:09:00,3,465,609.5699999999999,203.18999999999997,155.0,13.0,Retail,1,2,2,122,Average Customer,Churned,279.0,United Kingdom,609.5699999999999,2010-03
17326,2010-06-28 14:05:00,2010-10-27 15:38:00,2,136,312.35,156.175,68.0,42.0,Retail,1,1,1,111,At Risk / Lost Customer,Churned,407.0,United Kingdom,312.35,2010-06
17327,2010-05-26 11:20:00,2010-10-26 09:54:00,2,59,152.35,76.175,29.5,2.0,Retail,1,1,1,111,At Risk / Lost Customer,Churned,409.0,United Kingdom,152.35,2010-05
17328,2010-02-04 17:11:00,2010-02-04 17:11:00,1,86,104.7,104.7,86.0,6.0,Retail,1,1,1,111,At Risk / Lost Customer,Churned,672.0,United Kingdom,104.7,2010-02
17329,2009-12-03 16:09:00,2011-11-25 14:24:00,5,430,998.53,199.706,86.0,20.8,Retail,3,2,2,322,Loyal Customer,Active,13.0,United Kingdom,998.53,2009-12
17330,2010-03-02 09:20:00,2011-11-17 08:56:00,4,122,423.8,105.95,30.5,2.0,Retail,3,2,2,322,Loyal Customer,Active,22.0,United Kingdom,423.8,2010-03
17331,2011-08-08 11:55:00,2011-08-08 11:55:00,1,16,175.2,175.2,16.0,1.0,Retail,2,1,1,211,At Risk / Lost Customer,Active,123.0,United Kingdom,175.2,2011-08
17332,2010-02-21 14:41:00,2010-06-29 16:10:00,5,794,838.27,167.654,158.8,18.6,Retail,1,2,2,122,Average Customer,Churned,527.0,United Kingdom,838.27,2010-02
17333,2011-09-15 10:11:00,2011-09-15 10:11:00,1,375,494.25,494.25,375.0,28.0,Retail,2,1,2,212,Average Customer,Active,85.0,United Kingdom,494.25,2011-09
17334,2010-10-29 12:16:00,2011-02-10 14:59:00,3,566,635.15,211.71666666666667,188.66666666666666,10.333333333333334,Retail,1,2,2,122,Average Customer,Churned,301.0,United Kingdom,635.15,2010-10
17335,2010-01-24 11:15:00,2010-11-21 10:17:00,2,210,497.04,248.52,105.0,17.0,Retail,1,1,2,112,At Risk / Lost Customer,Churned,383.0,United Kingdom,497.04,2010-01
17336,2010-08-24 15:37:00,2010-08-24 15:37:00,1,48,81.12,81.12,48.0,1.0,Retail,1,1,1,111,At Risk / Lost Customer,Churned,471.0,United Kingdom,81.12,2010-08
17337,2011-02-02 17:06:00,2011-07-11 14:55:00,4,1247,1981.06,495.265,311.75,126.0,Wholesale,,,,,,,,,,
17338,2010-03-10 16:09:00,2011-11-22 14:23:00,17,5780,11889.33,699.3723529411765,340.0,72.41176470588235,Wholesale,,,,,,,,,,
17339,2010-07-18 13:08:00,2011-09-06 13:29:00,3,172,302.36,100.78666666666668,57.333333333333336,3.3333333333333335,Retail,2,2,1,221,Average Customer,Active,93.0,United Kingdom,302.36,2010-07
17340,2010-02-14 14:54:00,2011-11-10 10:45:00,18,9497,19617.95,1089.8861111111112,527.6111111111111,37.388888888888886,Wholesale,,,,,,,,,,
17341,2010-06-17 18:17:00,2011-07-06 12:33:00,5,831,1272.21,254.442,166.2,42.0,Retail,2,2,2,222,Average Customer,Churned,156.0,United Kingdom,1272.21,2010-06
17342,2010-02-08 09:16:00,2010-11-25 11:07:00,4,521,1227.54,306.885,130.25,8.75,Retail,1,2,2,122,Average Customer,Churned,379.0,United Kingdom,1227.54,2010-02
17343,2009-12-03 18:30:00,2010-12-19 15:07:00,6,454,1259.94,209.99,75.66666666666667,13.0,Retail,1,3,2,132,Average Customer,Churned,354.0,United Kingdom,1259.94,2009-12
17344,2009-12-11 12:31:00,2011-10-24 12:56:00,2,200,457.36,228.68,100.0,33.5,Retail,2,1,2,212,Average Customer,Active,45.0,United Kingdom,457.36,2009-12
17345,2009-12-01 16:17:00,2011-11-24 15:03:00,10,2008,1586.6299999999999,158.66299999999998,200.8,19.7,Retail,3,3,3,333,Best Customer,Active,14.0,United Kingdom,1586.6299999999999,2009-12
17346,2010-04-18 12:18:00,2011-12-06 12:18:00,26,3439,4998.61,192.25423076923076,132.26923076923077,34.15384615384615,Retail,3,3,3,333,Best Customer,Active,3.0,United Kingdom,4998.61,2010-04
17347,2011-09-14 13:12:00,2011-09-14 13:12:00,1,216,228.96,228.96,216.0,1.0,Retail,2,1,1,211,At Risk / Lost Customer,Active,85.0,United Kingdom,228.96,2011-09
17348,2010-03-10 12:13:00,2011-11-25 11:25:00,9,2766,2442.29,271.36555555555555,307.3333333333333,46.888888888888886,Retail,3,3,3,333,Best Customer,Active,14.0,United Kingdom,2442.29,2010-03
17349,2010-03-18 14:26:00,2011-06-13 14:29:00,5,772,772.41,154.482,154.4,15.6,Retail,2,2,2,222,Average Customer,Churned,178.0,United Kingdom,772.41,2010-03
17350,2010-02-01 15:38:00,2011-12-01 15:47:00,7,1178,1893.701,270.5287142857143,168.28571428571428,19.714285714285715,Retail,3,3,3,333,Best Customer,Active,7.0,United Kingdom,1893.701,2010-02
17351,2009-12-10 18:43:00,2011-11-03 18:45:00,12,383,1988.23,165.68583333333333,31.916666666666668,5.75,Retail,3,3,3,333,Best Customer,Active,35.0,United Kingdom,1988.23,2009-12
17352,2010-01-12 16:13:00,2010-01-12 16:13:00,1,15,36.25,36.25,15.0,5.0,Retail,1,1,1,111,At Risk / Lost Customer,Churned,695.0,United Kingdom,36.25,2010-01
17353,2010-03-25 12:52:00,2011-08-02 17:19:00,4,2168,3242.0,810.5,542.0,3.5,Wholesale,,,,,,,,,,
17354,2010-10-07 13:22:00,2011-10-20 10:34:00,4,2531,3133.96,783.49,632.75,23.25,Wholesale,,,,,,,,,,
17355,2010-11-18 13:18:00,2010-11-18 13:18:00,1,249,273.31,273.31,249.0,28.0,Retail,1,1,1,111,At Risk / Lost Customer,Churned,385.0,United Kingdom,273.31,2010-11
17356,2010-01-20 12:14:00,2011-02-01 11:07:00,5,925,946.47,189.294,185.0,17.2,Retail,1,2,2,122,Average Customer,Churned,311.0,United Kingdom,946.47,2010-01
17357,2011-11-15 16:29:00,2011-11-15 16:30:00,2,152,384.39,192.195,76.0,20.5,Retail,3,1,1,311,Average Customer,Active,23.0,United Kingdom,384.39,2011-11
17358,2010-02-24 16:42:00,2011-02-09 16:57:00,5,430,861.01,172.202,86.0,28.8,Retail,1,2,2,122,Average Customer,Churned,302.0,United Kingdom,861.01,2010-02
17359,2010-03-01 14:48:00,2011-11-28 14:37:00,2,237,284.46,142.23,118.5,18.0,Retail,3,1,1,311,Average Customer,Active,10.0,United Kingdom,284.46,2010-03
17360,2010-10-01 12:07:00,2011-11-22 13:11:00,6,624,1200.51,200.085,104.0,36.666666666666664,Retail,3,3,2,332,Loyal Customer,Active,16.0,United Kingdom,1200.51,2010-10
17361,2010-02-01 14:30:00,2011-10-21 15:43:00,5,380,871.79,174.358,76.0,11.0,Retail,2,2,2,222,Average Customer,Active,48.0,United Kingdom,871.79,2010-02
17362,2010-01-06 10:53:00,2011-04-14 14:43:00,7,549,1024.04,146.29142857142855,78.42857142857143,20.428571428571427,Retail,2,3,2,232,Loyal Customer,Churned,238.0,United Kingdom,1024.04,2010-01
17363,2010-11-02 17:25:00,2010-11-09 17:11:00,3,499,920.46,306.82,166.33333333333334,11.666666666666666,Retail,1,2,2,122,Average Customer,Churned,394.0,United Kingdom,920.46,2010-11
17364,2009-12-07 15:28:00,2011-12-09 09:00:00,28,7464,11972.92,427.6042857142857,266.57142857142856,31.392857142857142,Retail,3,3,3,333,Best Customer,Active,0.0,United Kingdom,11972.92,2009-12
17365,2010-02-01 11:56:00,2011-11-27 12:13:00,15,8015,8184.49,545.6326666666666,534.3333333333334,50.93333333333333,Wholesale,,,,,,,,,,
17366,2010-09-09 19:46:00,2010-10-03 16:04:00,2,504,1077.24,538.62,252.0,64.0,Wholesale,,,,,,,,,,
17367,2011-04-15 14:21:00,2011-04-15 14:21:00,1,149,167.55,167.55,149.0,33.0,Retail,2,1,1,211,At Risk / Lost Customer,Churned,237.0,United Kingdom,167.55,2011-04
17368,2009-12-15 17:45:00,2011-11-16 15:26:00,14,2319,2758.29,197.0207142857143,165.64285714285714,16.071428571428573,Retail,3,3,3,333,Best Customer,Active,22.0,United Kingdom,2758.29,2009-12
17369,2010-09-10 09:49:00,2010-09-10 09:49:00,1,1152,979.1999999999999,979.1999999999999,1152.0,1.0,Wholesale,,,,,,,,,,
17370,2011-06-23 11:50:00,2011-09-28 10:14:00,4,540,446.18,111.545,135.0,8.25,Retail,2,2,2,222,Average Customer,Active,72.0,United Kingdom,446.18,2011-06
17371,2009-12-08 12:25:00,2011-11-22 13:30:00,6,281,655.37,109.22833333333334,46.833333333333336,23.5,Retail,3,3,2,332,Loyal Customer,Active,16.0,United Kingdom,655.37,2009-12
17372,2009-12-03 18:41:00,2011-10-30 11:37:00,28,1863,4347.31,155.26107142857146,66.53571428571429,22.714285714285715,Retail,3,3,3,333,Best Customer,Active,40.0,United Kingdom,4347.31,2009-12
17373,2010-02-28 14:17:00,2011-10-30 15:28:00,7,738,1167.5,166.78571428571428,105.42857142857143,13.0,Retail,3,3,2,332,Loyal Customer,Active,39.0,United Kingdom,1167.5,2010-02
17374,2010-11-09 17:14:00,2011-05-05 09:05:00,3,155,727.11,242.37,51.666666666666664,14.0,Retail,2,2,2,222,Average Customer,Churned,218.0,United Kingdom,727.11,2010-11
17375,2010-10-04 09:14:00,2011-05-24 15:45:00,4,480,660.55,165.1375,120.0,21.5,Retail,2,2,2,222,Average Customer,Churned,198.0,United Kingdom,660.55,2010-10
17376,2010-07-05 11:11:00,2011-09-30 12:36:00,4,244,453.64,113.41,61.0,13.75,Retail,2,2,2,222,Average Customer,Active,70.0,United Kingdom,453.64,2010-07
17377,2009-12-02 12:39:00,2011-11-16 11:17:00,78,7335,17644.27,226.20858974358976,94.03846153846153,21.512820512820515,Retail,3,3,3,333,Best Customer,Active,23.0,United Kingdom,17644.27,2009-12
17378,2010-11-30 18:46:00,2010-11-30 18:46:00,1,1,10.95,10.95,1.0,1.0,Retail,1,1,1,111,At Risk / Lost Customer,Churned,373.0,United Kingdom,10.95,2010-11
17379,2011-11-28 13:56:00,2011-11-28 13:56:00,1,623,389.71999999999997,389.71999999999997,623.0,71.0,Wholesale,,,,,,,,,,
17380,2010-06-23 11:24:00,2010-10-01 16:42:00,3,252,645.0,215.0,84.0,3.3333333333333335,Retail,1,2,2,122,Average Customer,Churned,433.0,United Kingdom,645.0,2010-06
17381,2010-06-09 12:55:00,2011-12-01 11:59:00,38,42879,36398.65,957.8592105263158,1128.3947368421052,4.2894736842105265,Wholesale,,,,,,,,,,
17382,2010-05-19 11:33:00,2011-10-05 13:05:00,8,457,902.28,112.785,57.125,2.25,Retail,2,3,2,232,Loyal Customer,Active,64.0,United Kingdom,902.28,2010-05
17383,2010-09-12 14:54:00,2011-12-05 17:36:00,2,160,304.09,152.045,80.0,25.5,Retail,3,1,1,311,Average Customer,Active,3.0,United Kingdom,304.09,2010-09
17384,2010-08-29 16:01:00,2011-11-20 15:48:00,3,121,507.55,169.18333333333334,40.333333333333336,6.666666666666667,Retail,3,2,2,322,Loyal Customer,Active,18.0,United Kingdom,507.55,2010-08
17385,2011-11-25 11:02:00,2011-11-25 11:02:00,1,197,256.11,256.11,197.0,42.0,Retail,3,1,1,311,Average Customer,Active,14.0,United Kingdom,256.11,2011-11
17386,2010-11-19 13:40:00,2011-12-02 11:28:00,7,1955,2812.77,401.82428571428574,279.2857142857143,5.428571428571429,Retail,3,3,3,333,Best Customer,Active,7.0,United Kingdom,2812.77,2010-11
17387,2011-11-06 11:25:00,2011-11-20 11:00:00,2,522,746.81,373.405,261.0,37.5,Retail,3,1,2,312,Average Customer,Active,19.0,United Kingdom,746.81,2011-11
17388,2009-12-10 11:45:00,2011-09-23 10:31:00,11,2555,2675.37,243.21545454545455,232.27272727272728,4.7272727272727275,Retail,2,3,3,233,Loyal Customer,Active,77.0,United Kingdom,2675.37,2009-12
17389,2009-12-04 12:06:00,2011-12-09 09:38:00,61,17880,57215.33,937.9562295081968,293.11475409836066,7.032786885245901,Retail,3,3,3,333,Best Customer,Active,0.0,United Kingdom,57215.33,2009-12
17390,2010-10-15 11:29:00,2010-10-15 11:29:00,1,49,149.3,149.3,49.0,12.0,Retail,1,1,1,111,At Risk / Lost Customer,Churned,420.0,United Kingdom,149.3,2010-10
17391,2011-06-28 12:21:00,2011-06-29 09:58:00,2,480,508.8,254.4,240.0,1.5,Retail,2,1,2,212,Average Customer,Churned,163.0,United Kingdom,508.8,2011-06
17392,2010-09-15 16:17:00,2011-02-06 12:48:00,3,450,585.92,195.30666666666664,150.0,22.666666666666668,Retail,1,2,2,122,Average Customer,Churned,306.0,United Kingdom,585.92,2010-09
17393,2010-08-08 15:53:00,2010-10-25 11:10:00,2,238,381.15,190.575,119.0,22.5,Retail,1,1,1,111,At Risk / Lost Customer,Churned,410.0,United Kingdom,381.15,2010-08
17394,2011-05-04 13:22:00,2011-05-04 13:22:00,1,241,203.86999999999998,203.86999999999998,241.0,4.0,Retail,2,1,1,211,At Risk / Lost Customer,Churned,218.0,United Kingdom,203.86999999999998,2011-05
17395,2010-07-19 15:34:00,2010-07-19 15:34:00,1,66,97.5,97.5,66.0,3.0,Retail,1,1,1,111,At Risk / Lost Customer,Churned,507.0,United Kingdom,97.5,2010-07
17396,2010-09-24 13:04:00,2011-10-31 14:12:00,14,2313,8409.6,600.6857142857143,165.21428571428572,3.357142857142857,Retail,3,3,3,333,Best Customer,Active,38.0,United Kingdom,8409.6,2010-09
17397,2010-10-19 13:20:00,2011-11-17 14:08:00,3,691,1198.28,399.4266666666667,230.33333333333334,44.333333333333336,Retail,3,2,2,322,Loyal Customer,Active,21.0,United Kingdom,1198.28,2010-10
17398,2011-03-29 13:04:00,2011-08-17 09:48:00,3,310,653.38,217.79333333333332,103.33333333333333,12.666666666666666,Retail,2,2,2,222,Average Customer,Active,114.0,United Kingdom,653.38,2011-03
17400,2009-12-17 15:41:00,2011-08-05 15:38:00,8,2185,4623.28,577.91,273.125,56.625,Wholesale,,,,,,,,,,
17401,2010-06-16 16:54:00,2010-06-16 16:54:00,1,34,114.85,114.85,34.0,11.0,Retail,1,1,1,111,At Risk / Lost Customer,Churned,540.0,United Kingdom,114.85,2010-06
17402,2009-12-16 17:40:00,2011-12-05 10:15:00,23,1450,4635.5599999999995,201.54608695652172,63.04347826086956,7.739130434782608,Retail,3,3,3,333,Best Customer,Active,4.0,United Kingdom,4635.5599999999995,2009-12
17403,2010-09-15 12:29:00,2011-11-03 15:18:00,2,188,382.87,191.435,94.0,22.5,Retail,3,1,1,311,Average Customer,Active,35.0,United Kingdom,382.87,2010-09
17404,2010-01-07 11:31:00,2011-12-05 16:26:00,23,50679,47781.12,2077.44,2203.4347826086955,12.695652173913043,Wholesale,,,,,,,,,,
17405,2011-07-12 14:17:00,2011-12-08 17:12:00,3,726,1031.41,343.80333333333334,242.0,27.333333333333332,Retail,3,2,2,322,Loyal Customer,Active,0.0,United Kingdom,1031.41,2011-07
17406,2009-12-06 13:45:00,2011-01-10 15:07:00,13,1847,4186.95,322.0730769230769,142.07692307692307,17.76923076923077,Retail,1,3,3,133,Loyal Customer,Churned,332.0,United Kingdom,4186.95,2009-12
17407,2010-10-24 11:57:00,2010-10-24 11:57:00,1,426,552.9,552.9,426.0,23.0,Retail,1,1,2,112,At Risk / Lost Customer,Churned,411.0,United Kingdom,552.9,2010-10
17408,2010-07-13 14:02:00,2011-06-29 12:53:00,3,163,316.09000000000003,105.36333333333334,54.333333333333336,2.6666666666666665,Retail,2,2,1,221,Average Customer,Churned,162.0,United Kingdom,316.09000000000003,2010-07
17409,2009-12-11 12:17:00,2011-06-08 10:36:00,10,4089,7793.51,779.351,408.9,10.4,Retail,2,3,3,233,Loyal Customer,Churned,184.0,United Kingdom,7793.51,2009-12
17410,2011-05-08 15:21:00,2011-11-23 15:46:00,5,616,1214.72,242.94400000000002,123.2,12.8,Retail,3,2,2,322,Loyal Customer,Active,15.0,United Kingdom,1214.72,2011-05
17411,2009-12-03 12:02:00,2011-11-27 14:25:00,5,608,1425.38,285.076,121.6,15.0,Retail,3,2,3,323,Loyal Customer,Active,11.0,United Kingdom,1425.38,2009-12
17412,2009-12-02 13:51:00,2011-12-07 11:36:00,16,2554,4220.22,263.76375,159.625,14.1875,Retail,3,3,3,333,Best Customer,Active,2.0,United Kingdom,4220.22,2009-12
17413,2010-05-19 11:11:00,2010-10-31 12:33:00,2,302,560.14,280.07,151.0,5.0,Retail,1,1,2,112,At Risk / Lost Customer,Churned,404.0,United Kingdom,560.14,2010-05
17414,2009-12-03 16:49:00,2011-10-27 12:13:00,6,6256,2249.52,374.92,1042.6666666666667,3.5,Wholesale,,,,,,,,,,
17415,2011-09-21 12:50:00,2011-09-21 12:50:00,1,114,507.84,507.84,114.0,14.0,Retail,2,1,2,212,Average Customer,Active,79.0,United Kingdom,507.84,2011-09
17416,2009-12-14 16:29:00,2011-11-10 12:47:00,22,8769,17298.45,786.2931818181819,398.59090909090907,27.136363636363637,Retail,3,3,3,333,Best Customer,Active,29.0,United Kingdom,17298.45,2009-12
17417,2010-06-09 10:00:00,2010-06-09 10:00:00,1,76,164.18,164.18,76.0,16.0,Retail,1,1,1,111,At Risk / Lost Customer,Churned,548.0,United Kingdom,164.18,2010-06
17418,2010-11-17 13:42:00,2011-10-28 13:00:00,3,521,670.0600000000001,223.35333333333335,173.66666666666666,14.0,Retail,3,2,2,322,Loyal Customer,Active,41.0,United Kingdom,670.0600000000001,2010-11
17419,2010-01-25 13:19:00,2011-11-28 13:47:00,18,2884,6126.25,340.34722222222223,160.22222222222223,16.61111111111111,Retail,3,3,3,333,Best Customer,Active,10.0,United Kingdom,6126.25,2010-01
17420,2010-11-03 13:09:00,2011-10-20 14:52:00,6,446,953.58,158.93,74.33333333333333,8.333333333333334,Retail,2,3,2,232,Loyal Customer,Active,49.0,United Kingdom,953.58,2010-11
17421,2009-12-04 15:43:00,2010-11-18 16:57:00,3,807,1059.41,353.1366666666667,269.0,19.333333333333332,Retail,1,2,2,122,Average Customer,Churned,385.0,United Kingdom,1059.41,2009-12
17422,2010-06-23 10:19:00,2011-11-23 13:27:00,11,3538,3594.76,326.79636363636365,321.6363636363636,18.636363636363637,Retail,3,3,3,333,Best Customer,Active,15.0,United Kingdom,3594.76,2010-06
17423,2010-11-11 12:26:00,2011-10-24 13:36:00,3,790,1118.95,372.98333333333335,263.3333333333333,14.333333333333334,Retail,2,2,2,222,Average Customer,Active,45.0,United Kingdom,1118.95,2010-11
17425,2011-10-10 11:37:00,2011-11-20 15:30:00,2,407,759.17,379.585,203.5,21.5,Retail,3,1,2,312,Average Customer,Active,18.0,United Kingdom,759.17,2011-10
17426,2010-02-17 13:39:00,2011-12-01 18:07:00,13,5187,8077.77,621.3669230769231,399.0,32.84615384615385,Retail,3,3,3,333,Best Customer,Active,7.0,United Kingdom,8077.77,2010-02
17427,2011-09-29 11:29:00,2011-09-29 11:29:00,1,34,100.8,100.8,34.0,2.0,Retail,2,1,1,211,At Risk / Lost Customer,Active,71.0,United Kingdom,100.8,2011-09
17428,2009-12-01 17:28:00,2011-12-09 09:45:00,45,17356,31466.760000000002,699.2613333333334,385.68888888888887,16.0,Retail,3,3,3,333,Best Customer,Active,0.0,United Kingdom,31466.760000000002,2009-12
17429,2010-10-06 12:30:00,2011-08-03 13:22:00,5,1286,1357.46,271.492,257.2,19.0,Retail,2,2,2,222,Average Customer,Active,127.0,United Kingdom,1357.46,2010-10
17430,2010-08-17 11:52:00,2011-11-07 09:24:00,4,455,622.57,155.6425,113.75,9.25,Retail,3,2,2,322,Loyal Customer,Active,32.0,United Kingdom,622.57,2010-08
17431,2011-01-30 14:36:00,2011-01-30 14:36:00,1,292,403.3,403.3,292.0,41.0,Retail,1,1,1,111,At Risk / Lost Customer,Churned,312.0,United Kingdom,403.3,2011-01
17432,2009-12-03 19:13:00,2011-11-21 17:33:00,9,1008,1728.99,192.11,112.0,30.444444444444443,Retail,3,3,3,333,Best Customer,Active,17.0,United Kingdom,1728.99,2009-12
17433,2010-11-19 13:37:00,2011-09-12 14:24:00,2,305,569.96,284.98,152.5,46.0,Retail,2,1,2,212,Average Customer,Active,87.0,United Kingdom,569.96,2010-11
17434,2011-09-15 13:54:00,2011-12-07 13:16:00,7,1693,2373.82,339.1171428571429,241.85714285714286,19.142857142857142,Retail,3,3,3,333,Best Customer,Active,1.0,United Kingdom,2373.82,2011-09
17435,2010-10-24 13:55:00,2010-10-24 13:55:00,1,195,331.35,331.35,195.0,15.0,Retail,1,1,1,111,At Risk / Lost Customer,Churned,410.0,United Kingdom,331.35,2010-10
17436,2009-12-07 12:31:00,2011-12-08 12:30:00,5,178,534.06,106.81199999999998,35.6,3.4,Retail,3,2,2,322,Loyal Customer,Active,1.0,United Kingdom,534.06,2009-12
17437,2010-06-28 11:11:00,2010-06-28 11:11:00,1,283,369.68,369.68,283.0,52.0,Retail,1,1,1,111,At Risk / Lost Customer,Churned,529.0,United Kingdom,369.68,2010-06
17438,2010-03-08 16:53:00,2011-03-31 10:26:00,5,553,1422.77,284.554,110.6,14.2,Retail,2,2,3,223,Loyal Customer,Churned,253.0,United Kingdom,1422.77,2010-03
17439,2010-02-22 12:48:00,2010-02-22 12:48:00,1,370,325.74,325.74,370.0,8.0,Retail,1,1,1,111,At Risk / Lost Customer,Churned,655.0,United Kingdom,325.74,2010-02
17440,2010-06-08 14:40:00,2011-07-06 11:54:00,4,282,323.58,80.895,70.5,1.5,Retail,2,2,1,221,Average Customer,Churned,156.0,United Kingdom,323.58,2010-06
17441,2009-12-07 13:32:00,2009-12-07 13:32:00,1,245,293.35,293.35,245.0,21.0,Retail,1,1,1,111,At Risk / Lost Customer,Churned,731.0,United Kingdom,293.35,2009-12
17442,2010-02-15 15:54:00,2011-11-03 09:17:00,15,3134,4620.3,308.02000000000004,208.93333333333334,18.866666666666667,Retail,3,3,3,333,Best Customer,Active,36.0,United Kingdom,4620.3,2010-02
17443,2011-05-04 10:47:00,2011-05-04 10:47:00,1,504,534.24,534.24,504.0,1.0,Retail,2,1,2,212,Average Customer,Churned,219.0,Canada,534.24,2011-05
17444,2011-06-20 09:04:00,2011-07-15 12:05:00,3,2119,2940.04,980.0133333333333,706.3333333333334,45.0,Wholesale,,,,,,,,,,
17446,2011-02-02 14:40:00,2011-06-16 10:42:00,2,198,120.9,60.45,99.0,4.5,Retail,2,1,1,211,At Risk / Lost Customer,Churned,176.0,United Kingdom,120.9,2011-02
17447,2011-09-29 10:10:00,2011-10-30 14:18:00,2,443,541.53,270.765,221.5,18.0,Retail,3,1,2,312,Average Customer,Active,39.0,United Kingdom,541.53,2011-09
17448,2010-03-04 17:29:00,2010-07-30 14:07:00,46,11534,14523.67,315.7319565217391,250.7391304347826,24.23913043478261,Retail,1,3,3,133,Loyal Customer,Churned,496.0,United Kingdom,14523.67,2010-03
17449,2009-12-09 14:16:00,2011-12-07 16:56:00,13,2483,4868.15,374.4730769230769,191.0,43.76923076923077,Retail,3,3,3,333,Best Customer,Active,1.0,United Kingdom,4868.15,2009-12
17450,2010-09-27 16:59:00,2011-12-01 13:29:00,51,84562,244784.25,4799.691176470588,1658.078431372549,8.254901960784315,Wholesale,,,,,,,,,,
17451,2011-08-26 11:54:00,2011-12-08 15:02:00,7,1203,1721.4,245.91428571428574,171.85714285714286,14.285714285714286,Retail,3,3,3,333,Best Customer,Active,0.0,United Kingdom,1721.4,2011-08
17453,2011-10-06 17:02:00,2011-11-22 09:42:00,2,219,486.71999999999997,243.35999999999999,109.5,9.5,Retail,3,1,2,312,Average Customer,Active,17.0,United Kingdom,486.71999999999997,2011-10
17454,2010-01-15 15:40:00,2011-05-31 13:58:00,10,727,1547.94,154.794,72.7,12.6,Retail,2,3,3,233,Loyal Customer,Churned,191.0,United Kingdom,1547.94,2010-01
17455,2011-05-20 12:31:00,2011-05-20 12:31:00,1,66,131.7,131.7,66.0,8.0,Retail,2,1,1,211,At Risk / Lost Customer,Churned,203.0,United Kingdom,131.7,2011-05
17456,2010-09-09 15:28:00,2010-12-09 15:23:00,2,508,975.5600000000001,487.78000000000003,254.0,30.0,Retail,1,1,2,112,At Risk / Lost Customer,Churned,364.0,United Kingdom,975.5600000000001,2010-09
17457,2009-12-07 14:52:00,2011-08-05 12:48:00,14,2695,5984.8099999999995,427.4864285714285,192.5,4.571428571428571,Retail,2,3,3,233,Loyal Customer,Active,126.0,United Kingdom,5984.8099999999995,2009-12
17458,2010-11-23 11:43:00,2011-11-24 13:01:00,2,282,529.58,264.79,141.0,42.0,Retail,3,1,2,312,Average Customer,Active,14.0,United Kingdom,529.58,2010-11
17459,2011-10-10 17:00:00,2011-10-27 13:25:00,2,537,657.3,328.65,268.5,55.0,Wholesale,,,,,,,,,,
17460,2010-01-22 13:25:00,2011-09-06 15:04:00,16,954,2157.9700000000003,134.87312500000002,59.625,8.5625,Retail,2,3,3,233,Loyal Customer,Active,93.0,United Kingdom,2157.9700000000003,2010-01
17461,2011-11-10 12:01:00,2011-11-17 10:21:00,3,770,735.82,245.27333333333334,256.6666666666667,35.333333333333336,Retail,3,2,2,322,Loyal Customer,Active,22.0,United Kingdom,735.82,2011-11
17462,2011-02-28 17:01:00,2011-10-10 13:56:00,2,227,675.69,337.845,113.5,13.5,Retail,2,1,2,212,Average Customer,Active,59.0,United Kingdom,675.69,2011-02
17463,2010-04-29 17:57:00,2011-11-23 13:40:00,7,1480,2535.26,362.18,211.42857142857142,44.285714285714285,Retail,3,3,3,333,Best Customer,Active,15.0,United Kingdom,2535.26,2010-04
17464,2010-03-30 13:15:00,2011-07-04 13:19:00,3,608,907.14,302.38,202.66666666666666,13.0,Retail,2,2,2,222,Average Customer,Churned,157.0,United Kingdom,907.14,2010-03
17465,2009-12-03 13:25:00,2010-10-10 11:56:00,7,1477,2542.79,363.2557142857143,211.0,20.285714285714285,Retail,1,3,3,133,Loyal Customer,Churned,425.0,United Kingdom,2542.79,2009-12
17466,2011-09-22 09:16:00,2011-11-29 13:15:00,2,306,763.28,381.64,153.0,20.5,Retail,3,1,2,312,Average Customer,Active,9.0,United Kingdom,763.28,2011-09
17467,2010-11-09 12:58:00,2010-11-09 12:58:00,1,20,102.6,102.6,20.0,4.0,Retail,1,1,1,111,At Risk / Lost Customer,Churned,394.0,United Kingdom,102.6,2010-11
17468,2010-11-29 17:25:00,2011-11-29 15:33:00,3,184,194.8,64.93333333333334,61.333333333333336,2.6666666666666665,Retail,3,2,1,321,Average Customer,Active,9.0,United Kingdom,194.8,2010-11
17469,2009-12-16 15:06:00,2011-11-23 13:15:00,17,2304,5051.25,297.13235294117646,135.52941176470588,15.705882352941176,Retail,3,3,3,333,Best Customer,Active,15.0,United Kingdom,5051.25,2009-12
17470,2010-07-19 16:16:00,2011-10-26 12:42:00,11,2731,2626.47,238.76999999999998,248.27272727272728,14.090909090909092,Retail,2,3,3,233,Loyal Customer,Active,44.0,United Kingdom,2626.47,2010-07
17471,2010-08-22 11:53:00,2010-08-22 11:53:00,1,153,321.65000000000003,321.65000000000003,153.0,19.0,Retail,1,1,1,111,At Risk / Lost Customer,Churned,474.0,United Kingdom,321.65000000000003,2010-08
17472,2010-03-21 13:27:00,2011-06-01 14:57:00,4,551,922.35,230.5875,137.75,54.25,Wholesale,,,,,,,,,,
17473,2010-09-09 19:03:00,2010-10-27 11:45:00,2,270,607.0,303.5,135.0,17.0,Retail,1,1,2,112,At Risk / Lost Customer,Churned,408.0,United Kingdom,607.0,2010-09
17474,2010-04-19 10:43:00,2010-04-19 10:43:00,1,200,1047.0,1047.0,200.0,6.0,Retail,1,1,2,112,At Risk / Lost Customer,Churned,599.0,United Kingdom,1047.0,2010-04
17475,2011-09-21 14:55:00,2011-09-21 14:55:00,1,178,194.37,194.37,178.0,14.0,Retail,2,1,1,211,At Risk / Lost Customer,Active,78.0,United Kingdom,194.37,2011-09
17476,2009-12-02 12:09:00,2010-11-09 10:21:00,2,224,489.86,244.93,112.0,15.5,Retail,1,1,2,112,At Risk / Lost Customer,Churned,395.0,United Kingdom,489.86,2009-12
17477,2010-03-02 11:53:00,2010-04-06 10:06:00,2,225,1144.3,572.15,112.5,22.0,Retail,1,1,2,112,At Risk / Lost Customer,Churned,612.0,United Kingdom,1144.3,2010-03
17478,2010-03-16 14:19:00,2010-10-27 15:01:00,2,516,1272.8,636.4,258.0,20.0,Retail,1,1,2,112,At Risk / Lost Customer,Churned,407.0,United Kingdom,1272.8,2010-03
17479,2010-03-17 09:26:00,2010-03-17 09:26:00,1,266,389.26000000000005,389.26000000000005,266.0,18.0,Retail,1,1,1,111,At Risk / Lost Customer,Churned,632.0,United Kingdom,389.26000000000005,2010-03
17480,2010-09-21 12:31:00,2011-09-23 11:39:00,2,581,882.23,441.115,290.5,26.5,Retail,2,1,2,212,Average Customer,Active,77.0,United Kingdom,882.23,2010-09
17481,2011-09-07 09:57:00,2011-12-06 12:28:00,4,1061,1255.59,313.8975,265.25,20.5,Retail,3,2,2,322,Loyal Customer,Active,3.0,United Kingdom,1255.59,2011-09
17482,2010-05-10 14:10:00,2010-08-09 15:33:00,2,240,775.64,387.82,120.0,25.5,Retail,1,1,2,112,At Risk / Lost Customer,Churned,486.0,United Kingdom,775.64,2010-05
17483,2010-10-21 12:43:00,2011-10-05 13:10:00,4,265,591.73,147.9325,66.25,7.0,Retail,2,2,2,222,Average Customer,Active,64.0,United Kingdom,591.73,2010-10
17484,2010-03-25 16:17:00,2010-05-12 15:41:00,2,339,209.57,104.785,169.5,7.0,Retail,1,1,1,111,At Risk / Lost Customer,Churned,575.0,United Kingdom,209.57,2010-03
17486,2011-03-23 14:00:00,2011-03-23 14:00:00,1,191,396.87,396.87,191.0,24.0,Retail,2,1,1,211,At Risk / Lost Customer,Churned,260.0,United Kingdom,396.87,2011-03
17487,2009-12-11 15:06:00,2009-12-11 15:06:00,1,37,160.55,160.55,37.0,8.0,Retail,1,1,1,111,At Risk / Lost Customer,Churned,727.0,United Kingdom,160.55,2009-12
17488,2010-03-08 14:07:00,2010-03-08 14:07:00,1,136,336.5,336.5,136.0,18.0,Retail,1,1,1,111,At Risk / Lost Customer,Churned,640.0,United Kingdom,336.5,2010-03
17489,2011-05-11 11:34:00,2011-10-12 08:56:00,2,428,376.64,188.32,214.0,14.5,Retail,2,1,1,211,At Risk / Lost Customer,Active,58.0,United Kingdom,376.64,2011-05
17490,2010-05-19 12:40:00,2011-12-09 09:08:00,9,1531,2750.5,305.6111111111111,170.11111111111111,12.88888888888889,Retail,3,3,3,333,Best Customer,Active,0.0,United Kingdom,2750.5,2010-05
17491,2010-04-28 11:57:00,2011-12-08 16:18:00,17,3362,5653.67,332.56882352941176,197.76470588235293,10.411764705882353,Retail,3,3,3,333,Best Customer,Active,0.0,United Kingdom,5653.67,2010-04
17492,2010-07-09 13:27:00,2011-04-05 15:21:00,3,450,1122.42,374.14000000000004,150.0,13.0,Retail,2,2,2,222,Average Customer,Churned,247.0,United Kingdom,1122.42,2010-07
17493,2010-11-19 16:57:00,2010-11-19 16:57:00,1,62,100.91000000000001,100.91000000000001,62.0,8.0,Retail,1,1,1,111,At Risk / Lost Customer,Churned,384.0,United Kingdom,100.91000000000001,2010-11
17494,2010-07-26 10:06:00,2010-07-26 10:06:00,1,26,54.699999999999996,54.699999999999996,26.0,3.0,Retail,1,1,1,111,At Risk / Lost Customer,Churned,501.0,United Kingdom,54.699999999999996,2010-07
17495,2010-11-14 11:50:00,2011-12-02 12:08:00,3,367,806.72,268.9066666666667,122.33333333333333,16.0,Retail,3,2,2,322,Loyal Customer,Active,7.0,United Kingdom,806.72,2010-11
17496,2010-01-14 13:36:00,2010-12-16 08:39:00,4,675,1412.89,353.2225,168.75,18.0,Retail,1,2,2,122,Average Customer,Churned,358.0,United Kingdom,1412.89,2010-01
17497,2010-04-08 08:01:00,2010-11-14 14:17:00,2,59,287.25,143.625,29.5,3.5,Retail,1,1,1,111,At Risk / Lost Customer,Churned,389.0,United Kingdom,287.25,2010-04
17498,2011-09-25 12:25:00,2011-09-25 12:25:00,1,394,272.22,272.22,394.0,17.0,Retail,2,1,1,211,At Risk / Lost Customer,Active,75.0,United Kingdom,272.22,2011-09
17499,2010-05-27 09:59:00,2011-02-23 09:14:00,2,1086,1341.39,670.695,543.0,35.5,Wholesale,,,,,,,,,,
17500,2011-11-10 09:08:00,2011-11-22 14:25:00,3,17,1138.0,379.3333333333333,5.666666666666667,1.6666666666666667,Retail,3,2,2,322,Loyal Customer,Active,16.0,United Kingdom,1138.0,2011-11
17501,2011-05-03 09:46:00,2011-05-03 09:47:00,2,160,288.6,144.3,80.0,9.0,Retail,2,1,1,211,At Risk / Lost Customer,Churned,220.0,United Kingdom,288.6,2011-05
17502,2011-11-10 16:39:00,2011-11-30 13:13:00,4,376,689.1,172.275,94.0,7.0,Retail,3,2,2,322,Loyal Customer,Active,8.0,United Kingdom,689.1,2011-11
17503,2011-11-01 11:12:00,2011-12-07 09:18:00,2,486,558.96,279.48,243.0,19.0,Retail,3,1,2,312,Average Customer,Active,2.0,United Kingdom,558.96,2011-11
17504,2010-02-08 09:22:00,2011-05-17 12:59:00,18,5420,9490.17,527.2316666666667,301.1111111111111,19.0,Retail,2,3,3,233,Loyal Customer,Churned,205.0,United Kingdom,9490.17,2010-02
17505,2010-04-13 16:33:00,2011-07-01 12:50:00,5,1242,2435.48,487.096,248.4,20.4,Retail,2,2,3,223,Loyal Customer,Churned,161.0,United Kingdom,2435.48,2010-04
17506,2011-09-25 11:39:00,2011-09-25 11:39:00,1,139,302.2,302.2,139.0,14.0,Retail,2,1,1,211,At Risk / Lost Customer,Active,75.0,United Kingdom,302.2,2011-09
17507,2011-02-03 18:08:00,2011-03-23 11:48:00,2,359,605.58,302.79,179.5,43.5,Retail,2,1,2,212,Average Customer,Churned,261.0,United Kingdom,605.58,2011-02
17508,2009-12-07 11:46:00,2011-03-04 08:10:00,8,2891,4579.23,572.40375,361.375,28.875,Retail,1,3,3,133,Loyal Customer,Churned,280.0,Greece,4579.23,2009-12
17509,2011-10-07 13:14:00,2011-10-13 10:26:00,8,3512,6083.64,760.455,439.0,45.5,Retail,2,3,3,233,Loyal Customer,Active,57.0,United Kingdom,6083.64,2011-10
17510,2010-10-15 10:20:00,2011-11-15 10:00:00,2,422,514.56,257.28,211.0,17.5,Retail,3,1,2,312,Average Customer,Active,24.0,United Kingdom,514.56,2010-10
17511,2009-12-02 10:52:00,2011-12-07 10:12:00,60,117174,172132.87,2868.8811666666666,1952.9,31.133333333333333,Wholesale,,,,,,,,,,
17512,2009-12-10 19:35:00,2011-11-11 12:11:00,18,5434,5467.820000000001,303.76777777777784,301.8888888888889,10.944444444444445,Retail,3,3,3,333,Best Customer,Active,28.0,United Kingdom,5467.820000000001,2009-12
17513,2010-08-17 15:08:00,2011-09-28 16:42:00,3,440,1158.8,386.26666666666665,146.66666666666666,6.0,Retail,2,2,2,222,Average Customer,Active,71.0,United Kingdom,1158.8,2010-08
17514,2010-02-08 14:00:00,2011-08-03 15:45:00,2,284,522.0,261.0,142.0,40.5,Retail,2,1,2,212,Average Customer,Active,127.0,United Kingdom,522.0,2010-02
17515,2010-06-07 13:29:00,2011-11-08 14:04:00,9,527,1602.51,178.05666666666667,58.55555555555556,19.77777777777778,Retail,3,3,3,333,Best Customer,Active,30.0,United Kingdom,1602.51,2010-06
17516,2010-11-26 12:50:00,2011-11-24 16:51:00,6,522,947.5,157.91666666666666,87.0,31.333333333333332,Retail,3,3,2,332,Loyal Customer,Active,14.0,United Kingdom,947.5,2010-11
17517,2011-02-04 11:48:00,2011-02-04 11:48:00,1,102,153.94,153.94,102.0,11.0,Retail,1,1,1,111,At Risk / Lost Customer,Churned,308.0,United Kingdom,153.94,2011-02
17518,2010-03-28 13:31:00,2010-10-10 12:40:00,2,267,329.42,164.71,133.5,38.0,Retail,1,1,1,111,At Risk / Lost Customer,Churned,425.0,United Kingdom,329.42,2010-03
17519,2009-12-01 09:57:00,2011-11-22 16:43:00,15,3230,4774.17,318.278,215.33333333333334,13.6,Retail,3,3,3,333,Best Customer,Active,16.0,United Kingdom,4774.17,2009-12
17520,2011-10-17 12:04:00,2011-10-17 12:04:00,1,365,546.81,546.81,365.0,30.0,Retail,2,1,2,212,Average Customer,Active,53.0,United Kingdom,546.81,2011-10
17521,2010-10-01 11:49:00,2011-11-10 11:22:00,5,806,1278.06,255.612,161.2,15.6,Retail,3,2,2,322,Loyal Customer,Active,29.0,United Kingdom,1278.06,2010-10
17522,2011-05-05 16:31:00,2011-12-08 12:31:00,5,1034,1070.71,214.142,206.8,14.0,Retail,3,2,2,322,Loyal Customer,Active,1.0,United Kingdom,1070.71,2011-05
17523,2011-11-20 13:40:00,2011-11-28 13:20:00,4,872,652.74,163.185,218.0,8.0,Retail,3,2,2,322,Loyal Customer,Active,10.0,United Kingdom,652.74,2011-11
17524,2010-09-27 16:20:00,2010-12-13 14:32:00,3,362,539.14,179.71333333333334,120.66666666666667,14.333333333333334,Retail,1,2,2,122,Average Customer,Churned,360.0,United Kingdom,539.14,2010-09
17525,2010-10-07 09:12:00,2010-12-15 12:05:00,3,338,1161.9,387.3,112.66666666666667,8.666666666666666,Retail,1,2,2,122,Average Customer,Churned,359.0,United Kingdom,1161.9,2010-10
17526,2009-12-17 16:18:00,2011-12-05 11:05:00,12,1442,3939.24,328.27,120.16666666666667,7.666666666666667,Retail,3,3,3,333,Best Customer,Active,4.0,United Kingdom,3939.24,2009-12
17527,2011-05-05 13:43:00,2011-10-17 12:32:00,4,488,939.37,234.8425,122.0,11.75,Retail,2,2,2,222,Average Customer,Active,53.0,United Kingdom,939.37,2011-05
17528,2011-09-29 13:04:00,2011-12-08 13:27:00,8,2138,3628.5,453.5625,267.25,31.25,Retail,3,3,3,333,Best Customer,Active,0.0,United Kingdom,3628.5,2011-09
17529,2010-01-11 12:29:00,2010-04-08 17:51:00,2,790,1240.25,620.125,395.0,41.0,Retail,1,1,2,112,At Risk / Lost Customer,Churned,609.0,United Kingdom,1240.25,2010-01
17530,2009-12-06 16:17:00,2011-12-08 18:42:00,12,1741,2791.69,232.64083333333335,145.08333333333334,38.333333333333336,Retail,3,3,3,333,Best Customer,Active,0.0,United Kingdom,2791.69,2009-12
17531,2010-03-31 12:57:00,2011-06-02 19:17:00,3,472,1266.82,422.2733333333333,157.33333333333334,19.333333333333332,Retail,2,2,2,222,Average Customer,Churned,189.0,United Kingdom,1266.82,2010-03
17532,2010-11-19 08:13:00,2010-11-19 08:13:00,1,30,65.34,65.34,30.0,4.0,Retail,1,1,1,111,At Risk / Lost Customer,Churned,385.0,United Kingdom,65.34,2010-11
17533,2010-10-01 09:14:00,2010-10-01 09:14:00,1,24,34.8,34.8,24.0,1.0,Retail,1,1,1,111,At Risk / Lost Customer,Churned,434.0,United Kingdom,34.8,2010-10
17534,2010-02-25 16:55:00,2011-10-17 12:47:00,5,860,1668.83,333.76599999999996,172.0,18.4,Retail,2,2,3,223,Loyal Customer,Active,53.0,United Kingdom,1668.83,2010-02
17535,2011-03-04 15:20:00,2011-03-04 15:20:00,1,136,164.4,164.4,136.0,13.0,Retail,1,1,1,111,At Risk / Lost Customer,Churned,279.0,United Kingdom,164.4,2011-03
17536,2010-01-26 12:00:00,2011-06-15 13:23:00,3,201,364.83,121.61,67.0,5.333333333333333,Retail,2,2,1,221,Average Customer,Churned,176.0,United Kingdom,364.83,2010-01
17537,2011-02-09 13:37:00,2011-11-10 10:56:00,2,699,887.67,443.835,349.5,37.0,Retail,3,1,2,312,Average Customer,Active,29.0,United Kingdom,887.67,2011-02
17538,2011-11-14 12:12:00,2011-11-14 12:12:00,1,134,98.42,98.42,134.0,9.0,Retail,3,1,1,311,Average Customer,Active,25.0,United Kingdom,98.42,2011-11
17539,2009-12-13 12:36:00,2010-04-01 12:07:00,4,708,1176.84,294.21,177.0,35.0,Retail,1,2,2,122,Average Customer,Churned,617.0,United Kingdom,1176.84,2009-12
17540,2010-04-19 09:47:00,2011-11-15 11:56:00,6,588,1590.6000000000001,265.1,98.0,10.666666666666666,Retail,3,3,3,333,Best Customer,Active,24.0,United Kingdom,1590.6000000000001,2010-04
17541,2010-07-18 11:36:00,2010-07-18 11:36:00,1,44,119.86,119.86,44.0,31.0,Retail,1,1,1,111,At Risk / Lost Customer,Churned,509.0,United Kingdom,119.86,2010-07
17542,2010-03-08 12:08:00,2011-03-15 11:45:00,3,323,340.85,113.61666666666667,107.66666666666667,20.666666666666668,Retail,2,2,1,221,Average Customer,Churned,269.0,United Kingdom,340.85,2010-03
17543,2010-06-08 12:41:00,2010-06-08 12:41:00,1,62,120.05,120.05,62.0,13.0,Retail,1,1,1,111,At Risk / Lost Customer,Churned,549.0,United Kingdom,120.05,2010-06
17544,2010-11-14 14:47:00,2010-11-14 15:08:00,3,410,944.82,314.94,136.66666666666666,26.666666666666668,Retail,1,2,2,122,Average Customer,Churned,389.0,United Kingdom,944.82,2010-11
17545,2010-05-11 10:04:00,2011-10-27 14:04:00,6,682,1409.8600000000001,234.9766666666667,113.66666666666667,42.0,Retail,3,3,2,332,Loyal Customer,Active,42.0,United Kingdom,1409.8600000000001,2010-05
17547,2010-02-12 14:34:00,2010-11-29 09:41:00,2,223,727.85,363.925,111.5,15.5,Retail,1,1,2,112,At Risk / Lost Customer,Churned,375.0,United Kingdom,727.85,2010-02
17548,2010-11-08 16:19:00,2011-04-20 12:01:00,4,494,731.26,182.815,123.5,8.5,Retail,2,2,2,222,Average Customer,Churned,233.0,United Kingdom,731.26,2010-11
17549,2011-10-19 10:05:00,2011-11-16 09:59:00,2,210,148.86,74.43,105.0,3.0,Retail,3,1,1,311,Average Customer,Active,23.0,United Kingdom,148.86,2011-10
17550,2010-02-07 15:07:00,2011-05-26 14:09:00,9,968,2506.64,278.5155555555555,107.55555555555556,33.44444444444444,Retail,2,3,3,233,Loyal Customer,Churned,196.0,United Kingdom,2506.64,2010-02
17551,2010-12-15 14:12:00,2010-12-15 14:12:00,1,142,290.34,290.34,142.0,39.0,Retail,1,1,1,111,At Risk / Lost Customer,Churned,358.0,United Kingdom,290.34,2010-12
17552,2010-03-22 09:19:00,2011-10-10 17:00:00,12,1951,2786.77,232.23083333333332,162.58333333333334,11.916666666666666,Retail,2,3,3,233,Loyal Customer,Active,59.0,United Kingdom,2786.77,2010-03
17553,2010-04-08 09:44:00,2011-08-02 10:00:00,4,2288,3757.6,939.4,572.0,1.5,Wholesale,,,,,,,,,,
17554,2011-07-14 20:01:00,2011-12-08 14:15:00,5,1763,1952.45,390.49,352.6,17.4,Retail,3,2,3,323,Loyal Customer,Active,0.0,United Kingdom,1952.45,2011-07
17555,2010-05-02 16:02:00,2011-11-20 12:22:00,5,739,1045.74,209.148,147.8,52.0,Retail,3,2,2,322,Loyal Customer,Active,19.0,United Kingdom,1045.74,2010-05
17556,2010-11-25 17:00:00,2011-05-18 10:48:00,2,184,300.67,150.335,92.0,7.0,Retail,2,1,1,211,At Risk / Lost Customer,Churned,205.0,United Kingdom,300.67,2010-11
17557,2009-12-07 10:15:00,2011-11-25 12:57:00,4,310,575.46,143.865,77.5,8.75,Retail,3,2,2,322,Loyal Customer,Active,13.0,United Kingdom,575.46,2009-12
17558,2010-11-11 14:36:00,2010-11-11 14:36:00,1,54,259.17,259.17,54.0,28.0,Retail,1,1,1,111,At Risk / Lost Customer,Churned,392.0,United Kingdom,259.17,2010-11
17559,2010-07-15 12:02:00,2010-07-15 12:02:00,1,270,167.62,167.62,270.0,12.0,Retail,1,1,1,111,At Risk / Lost Customer,Churned,512.0,United Kingdom,167.62,2010-07
17560,2010-02-17 12:11:00,2011-09-06 09:18:00,9,1604,1895.8,210.64444444444445,178.22222222222223,6.222222222222222,Retail,2,3,3,233,Loyal Customer,Active,94.0,United Kingdom,1895.8,2010-02
17561,2009-12-06 13:29:00,2011-11-20 12:53:00,4,381,703.02,175.755,95.25,45.5,Retail,3,2,2,322,Loyal Customer,Active,18.0,United Kingdom,703.02,2009-12
17562,2011-06-19 13:06:00,2011-11-25 14:21:00,7,817,1122.38,160.34,116.71428571428571,9.0,Retail,3,3,2,332,Loyal Customer,Active,13.0,United Kingdom,1122.38,2011-06
17563,2010-04-07 10:02:00,2010-05-10 14:54:00,2,256,392.38,196.19,128.0,14.5,Retail,1,1,1,111,At Risk / Lost Customer,Churned,577.0,United Kingdom,392.38,2010-04
17564,2011-09-20 14:00:00,2011-11-15 13:27:00,3,146,454.01,151.33666666666667,48.666666666666664,16.333333333333332,Retail,3,2,2,322,Loyal Customer,Active,23.0,United Kingdom,454.01,2011-09
17565,2010-05-02 11:54:00,2010-05-02 11:54:00,1,67,131.83,131.83,67.0,30.0,Retail,1,1,1,111,At Risk / Lost Customer,Churned,586.0,United Kingdom,131.83,2010-05
17566,2011-11-14 13:42:00,2011-12-01 19:54:00,2,497,869.77,434.885,248.5,64.0,Wholesale,,,,,,,,,,
17567,2010-09-24 10:48:00,2011-12-02 15:48:00,9,2908,4838.08,537.5644444444445,323.1111111111111,21.77777777777778,Retail,3,3,3,333,Best Customer,Active,6.0,United Kingdom,4838.08,2010-09
17568,2010-03-16 16:45:00,2010-03-16 16:45:00,1,275,374.45,374.45,275.0,61.0,Wholesale,,,,,,,,,,
17569,2011-01-11 14:15:00,2011-01-11 14:15:00,1,159,344.14,344.14,159.0,29.0,Retail,1,1,1,111,At Risk / Lost Customer,Churned,331.0,United Kingdom,344.14,2011-01
17570,2010-11-23 11:56:00,2010-11-23 11:56:00,1,1,100.0,100.0,1.0,1.0,Retail,1,1,1,111,At Risk / Lost Customer,Churned,381.0,United Kingdom,100.0,2010-11
17571,2010-06-15 12:50:00,2011-10-20 15:57:00,5,991,1630.91,326.182,198.2,61.2,Wholesale,,,,,,,,,,
17572,2009-12-15 10:00:00,2011-09-29 17:53:00,10,327,652.21,65.221,32.7,3.2,Retail,2,3,2,232,Loyal Customer,Active,70.0,United Kingdom,652.21,2009-12
17573,2011-09-07 10:36:00,2011-11-10 13:01:00,3,308,380.6,126.86666666666667,102.66666666666667,8.333333333333334,Retail,3,2,1,321,Average Customer,Active,28.0,United Kingdom,380.6,2011-09
17574,2011-04-11 09:47:00,2011-04-11 09:47:00,1,77,185.65,185.65,77.0,8.0,Retail,2,1,1,211,At Risk / Lost Customer,Churned,242.0,United Kingdom,185.65,2011-04
17575,2010-02-10 13:48:00,2010-02-10 13:48:00,1,72,171.7,171.7,72.0,5.0,Retail,1,1,1,111,At Risk / Lost Customer,Churned,666.0,United Kingdom,171.7,2010-02
17576,2009-12-03 16:54:00,2011-12-01 17:56:00,41,4583,8711.95,212.48658536585367,111.78048780487805,21.4390243902439,Retail,3,3,3,333,Best Customer,Active,7.0,United Kingdom,8711.95,2009-12
17577,2010-02-09 10:10:00,2010-03-04 13:01:00,2,179,348.75,174.375,89.5,10.5,Retail,1,1,1,111,At Risk / Lost Customer,Churned,644.0,United Kingdom,348.75,2010-02
17578,2010-06-28 11:55:00,2011-05-05 18:38:00,7,529,1047.33,149.6185714285714,75.57142857142857,9.142857142857142,Retail,2,3,2,232,Loyal Customer,Churned,217.0,United Kingdom,1047.33,2010-06
17579,2010-05-10 14:28:00,2011-12-05 12:28:00,4,375,753.28,188.32,93.75,22.75,Retail,3,2,2,322,Loyal Customer,Active,4.0,United Kingdom,753.28,2010-05
17580,2010-10-13 14:28:00,2011-04-01 12:41:00,5,223,541.02,108.204,44.6,18.8,Retail,2,2,2,222,Average Customer,Churned,252.0,United Kingdom,541.02,2010-10
17581,2009-12-03 12:34:00,2011-12-09 12:21:00,43,9519,17951.17,417.4690697674418,221.37209302325581,18.86046511627907,Retail,3,3,3,333,Best Customer,Active,0.0,United Kingdom,17951.17,2009-12
17582,2010-03-26 12:23:00,2011-04-17 13:18:00,5,603,1446.95,289.39,120.6,23.8,Retail,2,2,3,223,Loyal Customer,Churned,235.0,United Kingdom,1446.95,2010-03
17583,2010-05-28 14:24:00,2010-05-28 14:24:00,1,55,135.95,135.95,55.0,7.0,Retail,1,1,1,111,At Risk / Lost Customer,Churned,559.0,United Kingdom,135.95,2010-05
17584,2010-01-25 08:17:00,2011-12-02 17:12:00,6,2464,5309.42,884.9033333333333,410.6666666666667,20.666666666666668,Retail,3,3,3,333,Best Customer,Active,6.0,United Kingdom,5309.42,2010-01
17585,2010-08-18 16:39:00,2011-08-22 13:30:00,7,2510,2064.71,294.9585714285714,358.57142857142856,54.142857142857146,Wholesale,,,,,,,,,,
17586,2010-03-30 13:12:00,2010-03-30 13:12:00,1,68,167.4,167.4,68.0,8.0,Retail,1,1,1,111,At Risk / Lost Customer,Churned,618.0,United Kingdom,167.4,2010-03
17587,2010-03-21 14:16:00,2010-03-21 14:16:00,1,67,176.71,176.71,67.0,42.0,Retail,1,1,1,111,At Risk / Lost Customer,Churned,627.0,United Kingdom,176.71,2010-03
17588,2010-03-12 12:34:00,2011-08-31 13:37:00,7,1379,2939.55,419.9357142857143,197.0,10.142857142857142,Retail,2,3,3,233,Loyal Customer,Active,99.0,United Kingdom,2939.55,2010-03
17589,2010-03-07 13:48:00,2011-10-10 16:58:00,18,8704,13837.94,768.7744444444445,483.55555555555554,68.77777777777777,Wholesale,,,,,,,,,,
17590,2011-10-30 14:05:00,2011-12-07 12:55:00,3,822,1468.02,489.34,274.0,63.333333333333336,Wholesale,,,,,,,,,,
17591,2010-01-17 16:09:00,2011-09-27 13:42:00,8,1028,2339.32,292.415,128.5,21.125,Retail,2,3,3,233,Loyal Customer,Active,72.0,United Kingdom,2339.32,2010-01
17592,2009-12-01 10:49:00,2009-12-01 10:49:00,1,38,148.3,148.3,38.0,13.0,Retail,1,1,1,111,At Risk / Lost Customer,Churned,738.0,United Kingdom,148.3,2009-12
17593,2009-12-04 14:35:00,2011-12-06 10:30:00,11,5595,8092.32,735.6654545454545,508.6363636363636,36.63636363636363,Wholesale,,,,,,,,,,
17594,2010-04-14 08:53:00,2011-09-15 16:34:00,4,1368,2497.88,624.47,342.0,26.0,Retail,2,2,3,223,Loyal Customer,Active,84.0,United Kingdom,2497.88,2010-04
17595,2011-11-02 16:19:00,2011-11-27 16:08:00,2,228,386.69,193.345,114.0,41.0,Retail,3,1,1,311,Average Customer,Active,11.0,United Kingdom,386.69,2011-11
17596,2009-12-15 13:21:00,2011-11-16 14:11:00,13,7010,4491.46,345.49692307692305,539.2307692307693,36.38461538461539,Wholesale,,,,,,,,,,
17597,2010-05-05 15:33:00,2011-05-10 11:54:00,5,2215,3484.09,696.818,443.0,25.6,Retail,2,2,3,223,Loyal Customer,Churned,213.0,United Kingdom,3484.09,2010-05
17598,2010-11-23 17:43:00,2010-11-23 17:43:00,1,126,409.98,409.98,126.0,10.0,Retail,1,1,1,111,At Risk / Lost Customer,Churned,380.0,United Kingdom,409.98,2010-11
17599,2010-08-19 12:50:00,2010-08-19 12:50:00,1,11,52.05,52.05,11.0,3.0,Retail,1,1,1,111,At Risk / Lost Customer,Churned,477.0,United Kingdom,52.05,2010-08
17600,2011-11-22 09:43:00,2011-11-22 09:43:00,1,144,161.67000000000002,161.67000000000002,144.0,13.0,Retail,3,1,1,311,Average Customer,Active,17.0,United Kingdom,161.67000000000002,2011-11
17601,2010-11-24 14:29:00,2011-04-14 18:02:00,2,295,413.08,206.54,147.5,34.5,Retail,2,1,1,211,At Risk / Lost Customer,Churned,238.0,United Kingdom,413.08,2010-11
17602,2010-03-30 17:25:00,2011-12-07 13:53:00,14,5880,7354.43,525.3164285714286,420.0,62.92857142857143,Wholesale,,,,,,,,,,
17603,2009-12-10 09:44:00,2011-09-22 14:18:00,4,638,1788.38,447.095,159.5,26.0,Retail,2,2,3,223,Loyal Customer,Active,77.0,United Kingdom,1788.38,2009-12
17604,2010-01-27 12:19:00,2011-05-06 13:43:00,6,614,942.38,157.06333333333333,102.33333333333333,34.5,Retail,2,3,2,232,Loyal Customer,Churned,216.0,United Kingdom,942.38,2010-01
17605,2010-04-28 14:45:00,2010-04-28 14:45:00,1,71,160.75,160.75,71.0,13.0,Retail,1,1,1,111,At Risk / Lost Customer,Churned,589.0,United Kingdom,160.75,2010-04
17606,2009-12-02 13:32:00,2009-12-02 13:32:00,1,42,87.30000000000001,87.30000000000001,42.0,6.0,Retail,1,1,1,111,At Risk / Lost Customer,Churned,736.0,United Kingdom,87.30000000000001,2009-12
17607,2010-11-28 13:11:00,2010-11-28 13:11:00,1,269,333.81,333.81,269.0,22.0,Retail,1,1,1,111,At Risk / Lost Customer,Churned,375.0,United Kingdom,333.81,2010-11
17608,2010-04-11 13:37:00,2011-11-06 13:06:00,4,528,488.06,122.015,132.0,37.25,Retail,3,2,2,322,Loyal Customer,Active,32.0,United Kingdom,488.06,2010-04
17609,2010-04-09 16:54:00,2011-10-30 12:28:00,11,1321,1887.8999999999999,171.62727272727273,120.0909090909091,33.36363636363637,Retail,3,3,3,333,Best Customer,Active,40.0,United Kingdom,1887.8999999999999,2010-04
17610,2009-12-06 16:07:00,2010-06-17 16:34:00,5,893,1511.94,302.38800000000003,178.6,29.6,Retail,1,2,3,123,Average Customer,Churned,539.0,United Kingdom,1511.94,2009-12
17611,2009-12-01 13:29:00,2011-12-02 13:29:00,28,5341,8337.53,297.7689285714286,190.75,39.392857142857146,Retail,3,3,3,333,Best Customer,Active,6.0,United Kingdom,8337.53,2009-12
17612,2009-12-17 11:59:00,2011-10-17 14:59:00,18,3521,5394.86,299.71444444444444,195.61111111111111,18.88888888888889,Retail,2,3,3,233,Loyal Customer,Active,52.0,United Kingdom,5394.86,2009-12
17613,2011-02-07 11:20:00,2011-11-17 10:51:00,14,2490,4544.55,324.6107142857143,177.85714285714286,21.714285714285715,Retail,3,3,3,333,Best Customer,Active,22.0,United Kingdom,4544.55,2011-02
17614,2011-10-13 16:01:00,2011-10-13 16:01:00,1,235,386.32,386.32,235.0,97.0,Wholesale,,,,,,,,,,
17615,2010-08-11 12:54:00,2011-08-01 14:06:00,6,378,721.8,120.3,63.0,9.0,Retail,2,3,2,232,Loyal Customer,Active,129.0,United Kingdom,721.8,2010-08
17616,2010-09-14 10:43:00,2011-06-19 10:11:00,4,288,734.4,183.6,72.0,1.0,Retail,2,2,2,222,Average Customer,Churned,173.0,United Kingdom,734.4,2010-09
17617,2010-05-30 12:48:00,2010-05-30 12:48:00,1,249,385.19,385.19,249.0,18.0,Retail,1,1,1,111,At Risk / Lost Customer,Churned,558.0,United Kingdom,385.19,2010-05
17618,2010-01-24 11:03:00,2011-12-04 11:50:00,11,1798,4001.64,363.7854545454545,163.45454545454547,31.818181818181817,Retail,3,3,3,333,Best Customer,Active,5.0,United Kingdom,4001.64,2010-01
17619,2011-01-31 14:18:00,2011-01-31 14:18:00,1,124,214.37,214.37,124.0,71.0,Wholesale,,,,,,,,,,
17620,2011-10-11 12:08:00,2011-10-11 12:08:00,1,60,81.44,81.44,60.0,4.0,Retail,2,1,1,211,At Risk / Lost Customer,Active,59.0,United Kingdom,81.44,2011-10
17621,2010-10-04 09:37:00,2011-11-18 17:11:00,6,1110,3175.12,529.1866666666666,185.0,11.0,Retail,3,3,3,333,Best Customer,Active,20.0,United Kingdom,3175.12,2010-10
17622,2010-04-20 13:38:00,2010-04-21 12:36:00,2,379,1130.21,565.105,189.5,19.0,Retail,1,1,2,112,At Risk / Lost Customer,Churned,597.0,United Kingdom,1130.21,2010-04
17623,2009-12-14 14:36:00,2011-11-07 11:32:00,7,799,2365.77,337.96714285714285,114.14285714285714,27.571428571428573,Retail,3,3,3,333,Best Customer,Active,32.0,United Kingdom,2365.77,2009-12
17624,2009-12-20 12:35:00,2011-11-25 10:52:00,4,958,1568.63,392.1575,239.5,24.25,Retail,3,2,3,323,Loyal Customer,Active,14.0,United Kingdom,1568.63,2009-12
17625,2009-12-15 11:49:00,2011-11-21 13:36:00,8,3505,5978.9,747.3625,438.125,82.25,Wholesale,,,,,,,,,,
17626,2010-04-16 12:15:00,2010-04-16 12:15:00,1,202,254.0,254.0,202.0,18.0,Retail,1,1,1,111,At Risk / Lost Customer,Churned,602.0,United Kingdom,254.0,2010-04
17627,2010-08-18 11:27:00,2010-08-18 11:27:00,1,676,296.36,296.36,676.0,10.0,Wholesale,,,,,,,,,,
17628,2011-09-19 15:21:00,2011-09-19 15:21:00,1,79,75.75,75.75,79.0,5.0,Retail,2,1,1,211,At Risk / Lost Customer,Active,80.0,United Kingdom,75.75,2011-09
17629,2010-10-14 13:35:00,2011-12-04 10:56:00,10,1903,2455.52,245.552,190.3,15.6,Retail,3,3,3,333,Best Customer,Active,5.0,United Kingdom,2455.52,2010-10
17630,2011-04-21 14:03:00,2011-06-23 11:58:00,2,158,503.59999999999997,251.79999999999998,79.0,13.0,Retail,2,1,2,212,Average Customer,Churned,169.0,United Kingdom,503.59999999999997,2011-04
17631,2009-12-09 14:15:00,2011-12-08 09:47:00,7,591,998.49,142.64142857142858,84.42857142857143,9.857142857142858,Retail,3,3,2,332,Loyal Customer,Active,1.0,United Kingdom,998.49,2009-12
17633,2010-11-15 14:55:00,2011-11-08 13:25:00,7,899,2057.39,293.91285714285715,128.42857142857142,14.428571428571429,Retail,3,3,3,333,Best Customer,Active,30.0,United Kingdom,2057.39,2010-11
17634,2011-01-06 12:45:00,2011-11-03 13:09:00,9,838,2358.59,262.0655555555556,93.11111111111111,32.888888888888886,Retail,3,3,3,333,Best Customer,Active,35.0,United Kingdom,2358.59,2011-01
17635,2010-04-28 10:51:00,2010-10-11 15:12:00,3,770,1265.58,421.85999999999996,256.6666666666667,24.666666666666668,Retail,1,2,2,122,Average Customer,Churned,423.0,United Kingdom,1265.58,2010-04
17636,2011-11-20 14:40:00,2011-11-20 14:40:00,1,182,285.56,285.56,182.0,20.0,Retail,3,1,1,311,Average Customer,Active,18.0,United Kingdom,285.56,2011-11
17637,2011-08-16 13:25:00,2011-11-08 12:51:00,2,280,547.0600000000001,273.53000000000003,140.0,17.5,Retail,3,1,2,312,Average Customer,Active,30.0,United Kingdom,547.0600000000001,2011-08
17638,2009-12-18 09:58:00,2010-03-02 14:32:00,2,432,842.4,421.2,216.0,1.5,Retail,1,1,2,112,At Risk / Lost Customer,Churned,646.0,United Kingdom,842.4,2009-12
17639,2010-08-13 11:59:00,2011-03-08 15:22:00,6,576,615.17,102.52833333333332,96.0,13.166666666666666,Retail,1,3,2,132,Average Customer,Churned,275.0,United Kingdom,615.17,2010-08
17640,2010-03-23 09:15:00,2011-09-14 09:13:00,6,1692,3168.94,528.1566666666666,282.0,11.0,Retail,2,3,3,233,Loyal Customer,Active,86.0,United Kingdom,3168.94,2010-03
17642,2009-12-05 16:01:00,2011-08-12 09:11:00,5,1475,1824.49,364.898,295.0,21.6,Retail,2,2,3,223,Loyal Customer,Active,119.0,United Kingdom,1824.49,2009-12
17643,2010-07-22 13:07:00,2010-12-01 14:38:00,2,226,439.7,219.85,113.0,15.5,Retail,1,1,2,112,At Risk / Lost Customer,Churned,372.0,United Kingdom,439.7,2010-07
17644,2010-02-16 08:44:00,2011-12-08 13:43:00,20,3469,6028.6,301.43,173.45,16.35,Retail,3,3,3,333,Best Customer,Active,0.0,United Kingdom,6028.6,2010-02
17646,2009-12-16 09:37:00,2011-05-04 13:17:00,12,1308,3898.79,324.89916666666664,109.0,16.333333333333332,Retail,2,3,3,233,Loyal Customer,Churned,218.0,United Kingdom,3898.79,2009-12
17647,2010-02-08 14:39:00,2011-10-05 15:38:00,3,82,331.65999999999997,110.55333333333333,27.333333333333332,4.0,Retail,2,2,1,221,Average Customer,Active,64.0,United Kingdom,331.65999999999997,2010-02
17648,2010-11-19 16:41:00,2011-10-10 09:41:00,5,954,2216.37,443.274,190.8,25.0,Retail,2,2,3,223,Loyal Customer,Active,60.0,United Kingdom,2216.37,2010-11
17649,2010-08-24 13:01:00,2011-07-24 15:53:00,3,723,1578.89,526.2966666666667,241.0,32.666666666666664,Retail,2,2,3,223,Loyal Customer,Active,137.0,United Kingdom,1578.89,2010-08
17650,2011-11-18 14:52:00,2011-11-18 14:52:00,1,150,166.08,166.08,150.0,8.0,Retail,3,1,1,311,Average Customer,Active,20.0,United Kingdom,166.08,2011-11
17651,2010-07-01 12:17:00,2011-11-28 10:29:00,16,4086,5703.52,356.47,255.375,20.75,Retail,3,3,3,333,Best Customer,Active,11.0,United Kingdom,5703.52,2010-07
17652,2011-03-03 14:05:00,2011-11-14 12:55:00,12,2509,4867.72,405.6433333333334,209.08333333333334,21.583333333333332,Retail,3,3,3,333,Best Customer,Active,24.0,United Kingdom,4867.72,2011-03
17653,2011-08-11 15:24:00,2011-11-03 12:46:00,4,1409,1207.56,301.89,352.25,11.0,Retail,3,2,2,322,Loyal Customer,Active,36.0,United Kingdom,1207.56,2011-08
17654,2011-03-07 13:17:00,2011-03-07 13:17:00,1,41,117.55,117.55,41.0,22.0,Retail,1,1,1,111,At Risk / Lost Customer,Churned,276.0,United Kingdom,117.55,2011-03
17655,2010-10-19 10:20:00,2011-11-29 11:34:00,9,1268,2976.38,330.7088888888889,140.88888888888889,12.333333333333334,Retail,3,3,3,333,Best Customer,Active,10.0,United Kingdom,2976.38,2010-10
17656,2011-08-03 10:45:00,2011-09-27 13:04:00,5,1399,1674.69,334.938,279.8,16.4,Retail,2,2,3,223,Loyal Customer,Active,72.0,United Kingdom,1674.69,2011-08
17657,2010-10-05 14:52:00,2010-10-05 14:52:00,1,60,126.0,126.0,60.0,7.0,Retail,1,1,1,111,At Risk / Lost Customer,Churned,429.0,United Kingdom,126.0,2010-10
17658,2011-05-12 15:23:00,2011-11-14 12:07:00,2,616,595.42,297.71,308.0,9.5,Retail,3,1,2,312,Average Customer,Active,25.0,United Kingdom,595.42,2011-05
17659,2010-11-18 14:20:00,2011-11-22 13:29:00,14,1752,3586.9900000000002,256.21357142857147,125.14285714285714,13.714285714285714,Retail,3,3,3,333,Best Customer,Active,16.0,United Kingdom,3586.9900000000002,2010-11
17660,2009-12-02 16:02:00,2011-07-21 13:37:00,2,259,342.22,171.11,129.5,39.5,Retail,2,1,1,211,At Risk / Lost Customer,Churned,140.0,United Kingdom,342.22,2009-12
17662,2009-12-17 09:54:00,2010-02-16 09:38:00,2,184,412.92,206.46,92.0,7.5,Retail,1,1,1,111,At Risk / Lost Customer,Churned,661.0,United Kingdom,412.92,2009-12
17663,2010-03-04 11:42:00,2011-11-14 08:56:00,17,2297,5175.83,304.4605882352941,135.11764705882354,14.0,Retail,3,3,3,333,Best Customer,Active,25.0,United Kingdom,5175.83,2010-03
17664,2010-03-29 17:17:00,2011-11-21 11:29:00,4,1058,1166.23,291.5575,264.5,20.0,Retail,3,2,2,322,Loyal Customer,Active,18.0,United Kingdom,1166.23,2010-03
17665,2010-08-03 13:12:00,2010-08-03 13:12:00,1,690,563.1,563.1,690.0,19.0,Wholesale,,,,,,,,,,
17666,2010-06-30 12:03:00,2011-12-06 09:06:00,5,1552,2047.8,409.56,310.4,8.8,Retail,3,2,3,323,Loyal Customer,Active,3.0,United Kingdom,2047.8,2010-06
17667,2010-02-23 09:57:00,2011-10-04 14:32:00,9,2198,3950.7,438.96666666666664,244.22222222222223,25.77777777777778,Retail,2,3,3,233,Loyal Customer,Active,65.0,United Kingdom,3950.7,2010-02
17668,2011-11-01 14:45:00,2011-12-08 13:25:00,2,93,347.75,173.875,46.5,7.5,Retail,3,1,1,311,Average Customer,Active,0.0,United Kingdom,347.75,2011-11
17669,2010-04-01 18:48:00,2011-10-28 08:53:00,10,3505,6142.35,614.235,350.5,14.4,Retail,3,3,3,333,Best Customer,Active,42.0,United Kingdom,6142.35,2010-04
17670,2011-04-26 09:12:00,2011-04-26 09:12:00,1,110,205.7,205.7,110.0,11.0,Retail,2,1,1,211,At Risk / Lost Customer,Churned,227.0,United Kingdom,205.7,2011-04
17671,2010-11-29 11:53:00,2011-11-24 12:21:00,5,987,2009.16,401.832,197.4,15.0,Retail,3,2,3,323,Loyal Customer,Active,15.0,United Kingdom,2009.16,2010-11
17672,2010-01-26 17:20:00,2011-10-20 14:18:00,7,2758,5778.63,825.5185714285715,394.0,29.428571428571427,Retail,2,3,3,233,Loyal Customer,Active,49.0,United Kingdom,5778.63,2010-01
17673,2010-03-19 14:02:00,2011-12-08 12:50:00,13,3284,4173.88,321.0676923076923,252.6153846153846,38.15384615384615,Retail,3,3,3,333,Best Customer,Active,1.0,United Kingdom,4173.88,2010-03
17674,2010-12-06 10:20:00,2011-09-26 13:35:00,2,672,551.04,275.52,336.0,13.5,Retail,2,1,2,212,Average Customer,Active,73.0,United Kingdom,551.04,2010-12
17675,2009-12-10 16:10:00,2011-12-08 18:03:00,70,16180,37642.48,537.7497142857143,231.14285714285714,15.942857142857143,Retail,3,3,3,333,Best Customer,Active,0.0,United Kingdom,37642.48,2009-12
17676,2010-03-30 10:49:00,2011-12-05 15:16:00,10,1764,2448.64,244.86399999999998,176.4,14.8,Retail,3,3,3,333,Best Customer,Active,3.0,United Kingdom,2448.64,2010-03
17677,2009-12-16 11:23:00,2011-12-08 09:56:00,54,20921,35058.46,649.2307407407408,387.4259259259259,12.685185185185185,Retail,3,3,3,333,Best Customer,Active,1.0,United Kingdom,35058.46,2009-12
17678,2010-04-15 13:54:00,2011-03-21 11:52:00,2,368,599.76,299.88,184.0,14.0,Retail,2,1,2,212,Average Customer,Churned,263.0,United Kingdom,599.76,2010-04
17679,2009-12-03 17:32:00,2011-10-18 07:43:00,7,1755,3577.61,511.08714285714285,250.71428571428572,11.571428571428571,Retail,2,3,3,233,Loyal Customer,Active,52.0,United Kingdom,3577.61,2009-12
17680,2010-07-16 16:07:00,2011-11-16 12:42:00,3,155,497.45,165.81666666666666,51.666666666666664,6.666666666666667,Retail,3,2,2,322,Loyal Customer,Active,23.0,United Kingdom,497.45,2010-07
17681,2010-01-15 11:53:00,2010-04-21 17:22:00,5,450,731.2,146.24,90.0,2.8,Retail,1,2,2,122,Average Customer,Churned,596.0,United Kingdom,731.2,2010-01
17682,2010-03-08 09:49:00,2011-11-29 15:59:00,11,2281,4065.28,369.5709090909091,207.36363636363637,20.0,Retail,3,3,3,333,Best Customer,Active,9.0,United Kingdom,4065.28,2010-03
17683,2010-06-03 17:15:00,2010-11-19 10:11:00,3,781,819.01,273.00333333333333,260.3333333333333,15.333333333333334,Retail,1,2,2,122,Average Customer,Churned,385.0,United Kingdom,819.01,2010-06
17684,2011-10-27 11:10:00,2011-10-27 11:10:00,1,145,239.41,239.41,145.0,15.0,Retail,2,1,1,211,At Risk / Lost Customer,Active,43.0,United Kingdom,239.41,2011-10
17685,2010-02-11 13:44:00,2011-11-23 11:36:00,12,3474,5454.95,454.57916666666665,289.5,16.333333333333332,Retail,3,3,3,333,Best Customer,Active,16.0,United Kingdom,5454.95,2010-02
17686,2010-06-24 09:49:00,2011-12-02 15:39:00,9,3583,8296.81,921.8677777777777,398.1111111111111,47.666666666666664,Retail,3,3,3,333,Best Customer,Active,6.0,United Kingdom,8296.81,2010-06
17687,2010-10-15 12:30:00,2010-10-15 12:30:00,1,210,432.68,432.68,210.0,26.0,Retail,1,1,2,112,At Risk / Lost Customer,Churned,420.0,United Kingdom,432.68,2010-10
17688,2010-11-11 10:41:00,2010-11-11 10:41:00,1,114,304.2,304.2,114.0,19.0,Retail,1,1,1,111,At Risk / Lost Customer,Churned,393.0,United Kingdom,304.2,2010-11
17689,2010-08-22 13:54:00,2010-11-16 13:22:00,2,300,317.08,158.54,150.0,11.0,Retail,1,1,1,111,At Risk / Lost Customer,Churned,387.0,United Kingdom,317.08,2010-08
17690,2010-02-03 14:26:00,2011-11-09 15:17:00,20,2939,6963.8,348.19,146.95,17.8,Retail,3,3,3,333,Best Customer,Active,29.0,United Kingdom,6963.8,2010-02
17691,2010-06-11 11:50:00,2010-12-16 17:20:00,4,315,637.5500000000001,159.38750000000002,78.75,10.75,Retail,1,2,2,122,Average Customer,Churned,357.0,United Kingdom,637.5500000000001,2010-06
17692,2010-06-17 11:14:00,2011-08-04 14:01:00,12,2338,2975.8,247.98333333333335,194.83333333333334,13.5,Retail,2,3,3,233,Loyal Customer,Active,126.0,United Kingdom,2975.8,2010-06
17693,2011-07-25 15:48:00,2011-07-25 15:48:00,1,231,200.47,200.47,231.0,16.0,Retail,2,1,1,211,At Risk / Lost Customer,Active,136.0,United Kingdom,200.47,2011-07
17694,2010-05-26 08:27:00,2011-07-21 12:00:00,3,1493,1695.97,565.3233333333334,497.6666666666667,27.0,Retail,2,2,3,223,Loyal Customer,Churned,141.0,United Kingdom,1695.97,2010-05
17695,2010-01-28 09:27:00,2011-07-31 10:40:00,5,1809,1746.04,349.20799999999997,361.8,12.2,Retail,2,2,3,223,Loyal Customer,Active,131.0,United Kingdom,1746.04,2010-01
17696,2009-12-10 17:09:00,2011-11-01 13:43:00,27,5891,7679.59,284.42925925925925,218.1851851851852,13.518518518518519,Retail,3,3,3,333,Best Customer,Active,37.0,United Kingdom,7679.59,2009-12
17697,2011-04-17 15:40:00,2011-04-17 15:40:00,1,93,338.95,338.95,93.0,19.0,Retail,2,1,1,211,At Risk / Lost Customer,Churned,235.0,United Kingdom,338.95,2011-04
17698,2011-03-24 11:34:00,2011-03-24 11:34:00,1,93,154.95,154.95,93.0,8.0,Retail,2,1,1,211,At Risk / Lost Customer,Churned,260.0,United Kingdom,154.95,2011-03
17699,2010-05-27 11:53:00,2010-08-20 09:39:00,2,208,442.0,221.0,104.0,9.5,Retail,1,1,2,112,At Risk / Lost Customer,Churned,476.0,United Kingdom,442.0,2010-05
17700,2009-12-01 11:37:00,2011-11-23 11:51:00,14,3469,6679.97,477.1407142857143,247.78571428571428,25.714285714285715,Retail,3,3,3,333,Best Customer,Active,16.0,United Kingdom,6679.97,2009-12
17701,2011-04-01 12:25:00,2011-04-01 12:25:00,1,109,417.95,417.95,109.0,24.0,Retail,2,1,1,211,At Risk / Lost Customer,Churned,252.0,United Kingdom,417.95,2011-04
17702,2010-11-04 12:09:00,2011-11-09 16:03:00,6,2153,3144.04,524.0066666666667,358.8333333333333,25.5,Retail,3,3,3,333,Best Customer,Active,29.0,United Kingdom,3144.04,2010-11
17703,2010-10-17 16:16:00,2011-11-04 15:51:00,4,897,1094.84,273.71,224.25,19.5,Retail,3,2,2,322,Loyal Customer,Active,34.0,United Kingdom,1094.84,2010-10
17704,2011-04-14 09:28:00,2011-06-24 09:40:00,2,343,885.19,442.595,171.5,15.5,Retail,2,1,2,212,Average Customer,Churned,168.0,United Kingdom,885.19,2011-04
17705,2010-05-12 09:47:00,2011-12-06 13:45:00,11,1301,2083.9,189.44545454545457,118.27272727272727,10.909090909090908,Retail,3,3,3,333,Best Customer,Active,2.0,United Kingdom,2083.9,2010-05
17706,2010-01-19 12:13:00,2011-12-05 13:34:00,31,7824,20272.15,653.9403225806452,252.38709677419354,23.741935483870968,Retail,3,3,3,333,Best Customer,Active,3.0,United Kingdom,20272.15,2010-01
17707,2009-12-07 12:19:00,2011-06-07 15:03:00,8,546,609.3000000000001,76.16250000000001,68.25,3.0,Retail,2,3,2,232,Loyal Customer,Churned,184.0,United Kingdom,609.3000000000001,2009-12
17708,2010-10-12 12:13:00,2011-06-05 10:12:00,4,387,884.1800000000001,221.04500000000002,96.75,18.25,Retail,2,2,2,222,Average Customer,Churned,187.0,United Kingdom,884.1800000000001,2010-10
17709,2010-04-15 14:48:00,2011-06-23 11:55:00,5,295,671.01,134.202,59.0,8.0,Retail,2,2,2,222,Average Customer,Churned,169.0,United Kingdom,671.01,2010-04
17710,2010-10-12 07:49:00,2010-10-12 07:49:00,1,158,293.5,293.5,158.0,20.0,Retail,1,1,1,111,At Risk / Lost Customer,Churned,423.0,United Kingdom,293.5,2010-10
17711,2011-02-23 11:32:00,2011-11-29 11:40:00,2,246,385.1,192.55,123.0,11.5,Retail,3,1,1,311,Average Customer,Active,10.0,United Kingdom,385.1,2011-02
17712,2011-10-26 12:28:00,2011-10-26 12:28:00,1,215,522.91,522.91,215.0,29.0,Retail,2,1,2,212,Average Customer,Active,44.0,United Kingdom,522.91,2011-10
17713,2010-06-09 09:33:00,2010-11-22 16:50:00,4,989,1198.09,299.5225,247.25,19.0,Retail,1,2,2,122,Average Customer,Churned,381.0,United Kingdom,1198.09,2010-06
17714,2010-07-14 10:41:00,2011-01-23 10:32:00,5,608,1410.18,282.036,121.6,16.2,Retail,1,2,2,122,Average Customer,Churned,320.0,United Kingdom,1410.18,2010-07
17715,2010-04-26 12:17:00,2011-05-23 12:32:00,2,576,489.59999999999997,244.79999999999998,288.0,1.0,Retail,2,1,2,212,Average Customer,Churned,200.0,United Kingdom,489.59999999999997,2010-04
17716,2009-12-02 17:18:00,2011-11-17 12:00:00,24,8819,15956.97,664.87375,367.4583333333333,25.041666666666668,Retail,3,3,3,333,Best Customer,Active,22.0,United Kingdom,15956.97,2009-12
17717,2010-10-14 12:54:00,2010-10-14 12:54:00,1,344,376.92,376.92,344.0,26.0,Retail,1,1,1,111,At Risk / Lost Customer,Churned,420.0,United Kingdom,376.92,2010-10
17718,2010-03-05 08:01:00,2011-04-21 13:39:00,2,274,439.18,219.59,137.0,11.5,Retail,2,1,2,212,Average Customer,Churned,231.0,United Kingdom,439.18,2010-03
17719,2011-03-29 11:29:00,2011-11-02 10:36:00,15,2466,5396.04,359.736,164.4,18.266666666666666,Retail,3,3,3,333,Best Customer,Active,37.0,United Kingdom,5396.04,2011-03
17720,2010-05-10 09:58:00,2011-11-13 15:04:00,10,1589,2666.91,266.691,158.9,13.2,Retail,3,3,3,333,Best Customer,Active,25.0,United Kingdom,2666.91,2010-05
17721,2010-02-18 15:18:00,2010-02-18 15:18:00,1,107,307.21000000000004,307.21000000000004,107.0,11.0,Retail,1,1,1,111,At Risk / Lost Customer,Churned,658.0,United Kingdom,307.21000000000004,2010-02
17722,2010-11-29 09:44:00,2011-09-04 15:22:00,5,2412,3520.2200000000003,704.0440000000001,482.4,34.8,Retail,2,2,3,223,Loyal Customer,Active,95.0,United Kingdom,3520.2200000000003,2010-11
17723,2010-11-29 10:35:00,2011-08-04 18:37:00,7,912,3378.4000000000005,482.6285714285715,130.28571428571428,1.7142857142857142,Retail,2,3,3,233,Loyal Customer,Active,126.0,United Kingdom,3378.4000000000005,2010-11
17724,2011-07-24 13:26:00,2011-09-29 15:26:00,3,300,1033.0,344.3333333333333,100.0,13.333333333333334,Retail,2,2,2,222,Average Customer,Active,70.0,United Kingdom,1033.0,2011-07
17725,2011-03-17 19:47:00,2011-11-23 16:34:00,11,2162,3439.08,312.64363636363635,196.54545454545453,17.454545454545453,Retail,3,3,3,333,Best Customer,Active,15.0,United Kingdom,3439.08,2011-03
17726,2010-01-26 14:58:00,2010-11-09 13:37:00,7,444,1092.06,156.00857142857143,63.42857142857143,9.142857142857142,Retail,1,3,2,132,Average Customer,Churned,394.0,United Kingdom,1092.06,2010-01
17727,2011-11-24 17:06:00,2011-11-24 17:06:00,1,645,1060.25,1060.25,645.0,66.0,Wholesale,,,,,,,,,,
17728,2010-09-12 14:58:00,2011-12-06 08:52:00,5,2146,4238.76,847.7520000000001,429.2,48.8,Retail,3,2,3,323,Loyal Customer,Active,3.0,United Kingdom,4238.76,2010-09
17729,2010-04-22 15:03:00,2010-04-22 15:03:00,1,247,438.65000000000003,438.65000000000003,247.0,23.0,Retail,1,1,2,112,At Risk / Lost Customer,Churned,595.0,United Kingdom,438.65000000000003,2010-04
17730,2010-04-29 11:48:00,2011-12-06 15:43:00,20,5300,7773.8,388.69,265.0,15.7,Retail,3,3,3,333,Best Customer,Active,2.0,United Kingdom,7773.8,2010-04
17731,2010-02-09 12:37:00,2011-09-21 15:02:00,6,707,1708.99,284.83166666666665,117.83333333333333,16.5,Retail,2,3,3,233,Loyal Customer,Active,78.0,United Kingdom,1708.99,2010-02
17732,2010-08-09 08:41:00,2010-12-02 09:29:00,8,1058,2166.42,270.8025,132.25,15.25,Retail,1,3,3,133,Loyal Customer,Churned,372.0,United Kingdom,2166.42,2010-08
17733,2011-03-23 09:54:00,2011-11-01 08:16:00,2,463,692.19,346.095,231.5,17.5,Retail,3,1,2,312,Average Customer,Active,38.0,United Kingdom,692.19,2011-03
17734,2010-03-07 13:55:00,2011-10-17 12:33:00,6,741,1442.32,240.38666666666666,123.5,14.333333333333334,Retail,2,3,3,233,Loyal Customer,Active,53.0,United Kingdom,1442.32,2010-03
17735,2010-07-30 13:25:00,2011-12-07 16:47:00,26,10683,16790.33,645.7819230769231,410.88461538461536,33.61538461538461,Retail,3,3,3,333,Best Customer,Active,1.0,United Kingdom,16790.33,2010-07
17736,2011-08-18 14:33:00,2011-11-30 15:36:00,3,238,377.44,125.81333333333333,79.33333333333333,8.333333333333334,Retail,3,2,1,321,Average Customer,Active,8.0,United Kingdom,377.44,2011-08
17737,2011-10-12 14:42:00,2011-11-30 15:16:00,2,108,168.24,84.12,54.0,5.0,Retail,3,1,1,311,Average Customer,Active,8.0,United Kingdom,168.24,2011-10
17738,2010-03-19 10:07:00,2011-11-20 15:05:00,13,2776,4183.56,321.81230769230774,213.53846153846155,17.692307692307693,Retail,3,3,3,333,Best Customer,Active,18.0,United Kingdom,4183.56,2010-03
17739,2009-12-07 10:48:00,2011-11-28 09:12:00,18,2335,7730.59,429.4772222222222,129.72222222222223,8.277777777777779,Retail,3,3,3,333,Best Customer,Active,11.0,United Kingdom,7730.59,2009-12
17740,2010-01-11 13:11:00,2010-11-15 16:33:00,6,222,426.9,71.14999999999999,37.0,1.5,Retail,1,3,2,132,Average Customer,Churned,388.0,United Kingdom,426.9,2010-01
17741,2010-05-28 12:11:00,2010-10-29 11:59:00,2,114,101.1,50.55,57.0,3.0,Retail,1,1,1,111,At Risk / Lost Customer,Churned,406.0,United Kingdom,101.1,2010-05
17742,2009-12-01 13:16:00,2011-08-18 15:28:00,11,653,2098.48,190.7709090909091,59.36363636363637,7.7272727272727275,Retail,2,3,3,233,Loyal Customer,Active,112.0,United Kingdom,2098.48,2009-12
17743,2010-09-17 14:54:00,2010-09-17 14:54:00,1,96,229.2,229.2,96.0,3.0,Retail,1,1,1,111,At Risk / Lost Customer,Churned,447.0,United Kingdom,229.2,2010-09
17744,2010-11-24 09:34:00,2011-12-06 12:11:00,7,3826,2649.14,378.4485714285714,546.5714285714286,21.571428571428573,Wholesale,,,,,,,,,,
17745,2010-06-02 09:03:00,2010-08-19 12:30:00,2,164,600.34,300.17,82.0,14.0,Retail,1,1,2,112,At Risk / Lost Customer,Churned,477.0,United Kingdom,600.34,2010-06
17746,2010-04-08 12:54:00,2011-04-13 14:31:00,4,688,904.1800000000001,226.04500000000002,172.0,9.0,Retail,2,2,2,222,Average Customer,Churned,239.0,United Kingdom,904.1800000000001,2010-04
17747,2011-08-19 08:13:00,2011-08-19 08:13:00,1,12,71.4,71.4,12.0,1.0,Retail,2,1,1,211,At Risk / Lost Customer,Active,112.0,United Kingdom,71.4,2011-08
17748,2010-06-30 13:49:00,2010-06-30 13:49:00,1,111,358.15,358.15,111.0,17.0,Retail,1,1,1,111,At Risk / Lost Customer,Churned,526.0,United Kingdom,358.15,2010-06
17749,2010-06-11 14:56:00,2011-06-14 15:45:00,3,446,1026.18,342.06,148.66666666666666,19.0,Retail,2,2,2,222,Average Customer,Churned,177.0,United Kingdom,1026.18,2010-06
17750,2011-06-28 15:44:00,2011-12-04 14:09:00,9,3747,1710.45,190.05,416.3333333333333,19.77777777777778,Retail,3,3,3,333,Best Customer,Active,4.0,United Kingdom,1710.45,2011-06
17751,2010-10-14 13:57:00,2010-10-14 13:57:00,1,147,157.85999999999999,157.85999999999999,147.0,31.0,Retail,1,1,1,111,At Risk / Lost Customer,Churned,420.0,United Kingdom,157.85999999999999,2010-10
17752,2010-12-15 16:19:00,2010-12-15 16:19:00,1,192,80.64,80.64,192.0,1.0,Retail,1,1,1,111,At Risk / Lost Customer,Churned,358.0,United Kingdom,80.64,2010-12
17753,2010-01-06 14:20:00,2010-09-01 15:49:00,4,124,382.06,95.515,31.0,16.5,Retail,1,2,1,121,At Risk / Lost Customer,Churned,463.0,United Kingdom,382.06,2010-01
17754,2009-12-11 15:52:00,2011-12-09 11:20:00,13,4366,4451.22,342.4015384615385,335.84615384615387,16.46153846153846,Retail,3,3,3,333,Best Customer,Active,0.0,United Kingdom,4451.22,2009-12
17756,2010-11-10 12:54:00,2010-11-29 12:20:00,3,399,728.75,242.91666666666666,133.0,27.666666666666668,Retail,1,2,2,122,Average Customer,Churned,375.0,United Kingdom,728.75,2010-11
17757,2010-01-13 15:56:00,2011-12-08 15:31:00,56,5011,9074.05,162.03660714285712,89.48214285714286,22.357142857142858,Retail,3,3,3,333,Best Customer,Active,0.0,United Kingdom,9074.05,2010-01
17758,2010-05-20 13:18:00,2011-11-20 14:45:00,12,3199,4964.03,413.6691666666666,266.5833333333333,43.166666666666664,Retail,3,3,3,333,Best Customer,Active,18.0,United Kingdom,4964.03,2010-05
17759,2010-05-05 11:40:00,2011-11-22 16:02:00,5,965,1261.88,252.37600000000003,193.0,25.2,Retail,3,2,2,322,Loyal Customer,Active,16.0,United Kingdom,1261.88,2010-05
17760,2010-02-28 12:15:00,2011-11-18 10:56:00,6,531,746.39,124.39833333333333,88.5,11.166666666666666,Retail,3,3,2,332,Loyal Customer,Active,21.0,United Kingdom,746.39,2010-02
17761,2011-11-07 10:23:00,2011-11-07 10:23:00,1,398,712.78,712.78,398.0,19.0,Retail,3,1,2,312,Average Customer,Active,32.0,United Kingdom,712.78,2011-11
17762,2010-09-09 17:40:00,2010-09-09 17:40:00,1,129,129.75,129.75,129.0,16.0,Retail,1,1,1,111,At Risk / Lost Customer,Churned,455.0,United Kingdom,129.75,2010-09
17763,2010-02-18 14:32:00,2011-03-21 14:25:00,4,41,86.15,21.5375,10.25,3.5,Retail,2,2,1,221,Average Customer,Churned,262.0,United Kingdom,86.15,2010-02
17764,2009-12-03 14:28:00,2011-10-20 11:03:00,5,674,1513.57,302.714,134.8,29.2,Retail,2,2,3,223,Loyal Customer,Active,50.0,United Kingdom,1513.57,2009-12
17765,2010-09-17 12:45:00,2011-07-04 12:41:00,4,195,524.0,131.0,48.75,18.5,Retail,2,2,2,222,Average Customer,Churned,158.0,United Kingdom,524.0,2010-09
17766,2010-11-23 14:17:00,2010-11-23 14:29:00,2,155,299.61,149.805,77.5,10.5,Retail,1,1,1,111,At Risk / Lost Customer,Churned,380.0,United Kingdom,299.61,2010-11
17767,2010-10-25 16:22:00,2011-11-24 14:42:00,2,198,413.05,206.525,99.0,19.5,Retail,3,1,1,311,Average Customer,Active,14.0,United Kingdom,413.05,2010-10
17768,2009-12-02 12:26:00,2011-12-01 13:22:00,7,2339,3292.73,470.39,334.14285714285717,24.571428571428573,Retail,3,3,3,333,Best Customer,Active,7.0,United Kingdom,3292.73,2009-12
17769,2010-01-19 11:33:00,2011-11-27 11:18:00,17,3157,7053.38,414.90470588235297,185.7058823529412,33.588235294117645,Retail,3,3,3,333,Best Customer,Active,12.0,United Kingdom,7053.38,2010-01
17770,2011-03-02 13:35:00,2011-05-25 12:34:00,5,365,1143.27,228.654,73.0,7.6,Retail,2,2,2,222,Average Customer,Churned,198.0,United Kingdom,1143.27,2011-03
17771,2010-04-29 13:21:00,2011-10-14 11:43:00,4,373,387.41,96.8525,93.25,16.75,Retail,2,2,1,221,Average Customer,Active,56.0,United Kingdom,387.41,2010-04
17772,2010-11-12 11:31:00,2011-11-29 11:05:00,3,113,360.75,120.25,37.666666666666664,31.666666666666668,Retail,3,2,1,321,Average Customer,Active,10.0,United Kingdom,360.75,2010-11
17773,2010-01-18 14:32:00,2010-07-13 14:07:00,2,254,575.37,287.685,127.0,24.0,Retail,1,1,2,112,At Risk / Lost Customer,Churned,513.0,United Kingdom,575.37,2010-01
17774,2010-02-08 16:06:00,2011-09-04 12:49:00,9,1585,3273.83,363.75888888888886,176.11111111111111,43.0,Retail,2,3,3,233,Loyal Customer,Active,96.0,United Kingdom,3273.83,2010-02
17775,2011-03-30 10:50:00,2011-03-30 10:50:00,1,72,56.4,56.4,72.0,3.0,Retail,2,1,1,211,At Risk / Lost Customer,Churned,254.0,United Kingdom,56.4,2011-03
17776,2009-12-16 14:59:00,2010-11-18 12:14:00,2,273,330.56,165.28,136.5,39.0,Retail,1,1,1,111,At Risk / Lost Customer,Churned,386.0,United Kingdom,330.56,2009-12
17777,2011-08-31 14:35:00,2011-11-15 12:02:00,3,501,647.56,215.85333333333332,167.0,61.333333333333336,Wholesale,,,,,,,,,,
17778,2010-02-16 12:44:00,2010-02-16 12:44:00,1,214,197.70000000000002,197.70000000000002,214.0,10.0,Retail,1,1,1,111,At Risk / Lost Customer,Churned,661.0,United Kingdom,197.70000000000002,2010-02
17779,2011-07-19 12:19:00,2011-11-18 14:15:00,3,396,650.32,216.77333333333334,132.0,26.333333333333332,Retail,3,2,2,322,Loyal Customer,Active,20.0,United Kingdom,650.32,2011-07
17780,2010-01-24 11:21:00,2010-02-10 13:43:00,3,156,346.56,115.52,52.0,26.0,Retail,1,2,1,121,At Risk / Lost Customer,Churned,666.0,United Kingdom,346.56,2010-01
17781,2011-03-31 19:54:00,2011-07-03 16:00:00,2,34,188.02,94.01,17.0,6.0,Retail,2,1,1,211,At Risk / Lost Customer,Churned,158.0,United Kingdom,188.02,2011-03
17782,2010-11-22 10:03:00,2010-11-22 11:15:00,2,538,679.02,339.51,269.0,14.5,Retail,1,1,2,112,At Risk / Lost Customer,Churned,382.0,United Kingdom,679.02,2010-11
17783,2010-07-15 12:50:00,2011-09-28 16:07:00,3,438,376.96,125.65333333333332,146.0,30.333333333333332,Retail,2,2,1,221,Average Customer,Active,71.0,United Kingdom,376.96,2010-07
17784,2010-06-07 16:08:00,2010-06-07 16:08:00,1,72,112.86,112.86,72.0,19.0,Retail,1,1,1,111,At Risk / Lost Customer,Churned,549.0,United Kingdom,112.86,2010-06
17785,2010-05-23 13:01:00,2011-10-17 13:43:00,3,227,403.38,134.46,75.66666666666667,17.0,Retail,2,2,1,221,Average Customer,Active,52.0,United Kingdom,403.38,2010-05
17786,2011-01-26 14:35:00,2011-09-15 12:51:00,2,195,266.85,133.425,97.5,31.0,Retail,2,1,1,211,At Risk / Lost Customer,Active,84.0,United Kingdom,266.85,2011-01
17787,2010-12-03 13:43:00,2011-07-10 11:24:00,4,896,1817.54,454.385,224.0,31.75,Retail,2,2,3,223,Loyal Customer,Churned,152.0,United Kingdom,1817.54,2010-12
17788,2011-08-02 10:38:00,2011-09-27 10:09:00,2,211,1117.9,558.95,105.5,2.5,Retail,2,1,2,212,Average Customer,Active,73.0,United Kingdom,1117.9,2011-08
17789,2010-02-16 13:16:00,2011-03-03 13:14:00,2,199,397.15,198.575,99.5,13.5,Retail,1,1,1,111,At Risk / Lost Customer,Churned,280.0,United Kingdom,397.15,2010-02
17790,2010-06-13 13:30:00,2011-11-13 11:30:00,20,1387,2779.41,138.9705,69.35,14.75,Retail,3,3,3,333,Best Customer,Active,26.0,United Kingdom,2779.41,2010-06
17791,2011-11-10 12:09:00,2011-11-10 12:09:00,1,46,106.1,106.1,46.0,10.0,Retail,3,1,1,311,Average Customer,Active,29.0,United Kingdom,106.1,2011-11
17792,2010-08-18 13:08:00,2010-08-29 14:30:00,2,149,368.35,184.175,74.5,25.0,Retail,1,1,1,111,At Risk / Lost Customer,Churned,466.0,United Kingdom,368.35,2010-08
17793,2011-11-14 14:24:00,2011-11-14 14:24:00,1,226,300.34,300.34,226.0,49.0,Retail,3,1,1,311,Average Customer,Active,24.0,United Kingdom,300.34,2011-11
17794,2010-01-20 12:17:00,2010-01-22 10:18:00,2,46,147.3,73.65,23.0,3.5,Retail,1,1,1,111,At Risk / Lost Customer,Churned,686.0,United Kingdom,147.3,2010-01
17795,2011-03-20 12:02:00,2011-06-13 12:36:00,2,305,342.83,171.415,152.5,22.0,Retail,2,1,1,211,At Risk / Lost Customer,Churned,179.0,United Kingdom,342.83,2011-03
17796,2010-10-14 13:37:00,2011-10-30 15:38:00,7,347,1236.39,176.62714285714287,49.57142857142857,28.714285714285715,Retail,3,3,2,332,Loyal Customer,Active,39.0,United Kingdom,1236.39,2010-10
17797,2009-12-15 14:30:00,2011-11-17 13:21:00,8,1086,1971.87,246.48375,135.75,33.25,Retail,3,3,3,333,Best Customer,Active,21.0,United Kingdom,1971.87,2009-12
17798,2010-05-07 11:42:00,2010-05-07 11:42:00,1,138,178.07,178.07,138.0,43.0,Retail,1,1,1,111,At Risk / Lost Customer,Churned,581.0,United Kingdom,178.07,2010-05
17799,2009-12-13 16:03:00,2011-11-17 15:16:00,20,3674,6246.93,312.3465,183.7,43.35,Retail,3,3,3,333,Best Customer,Active,21.0,United Kingdom,6246.93,2009-12
17800,2011-01-09 13:50:00,2011-11-02 12:57:00,9,732,1187.21,131.91222222222223,81.33333333333333,11.11111111111111,Retail,3,3,2,332,Loyal Customer,Active,36.0,United Kingdom,1187.21,2011-01
17801,2010-01-17 11:31:00,2010-09-14 14:32:00,3,820,770.03,256.6766666666667,273.3333333333333,26.0,Retail,1,2,2,122,Average Customer,Churned,450.0,United Kingdom,770.03,2010-01
17802,2009-12-13 13:39:00,2011-09-18 14:56:00,10,2705,4946.22,494.622,270.5,51.4,Retail,2,3,3,233,Loyal Customer,Active,81.0,United Kingdom,4946.22,2009-12
17803,2010-11-12 13:53:00,2010-11-12 13:53:00,1,98,184.66,184.66,98.0,27.0,Retail,1,1,1,111,At Risk / Lost Customer,Churned,391.0,United Kingdom,184.66,2010-11
17804,2009-12-01 12:22:00,2010-11-28 14:01:00,3,194,383.78000000000003,127.92666666666668,64.66666666666667,30.0,Retail,1,2,1,121,At Risk / Lost Customer,Churned,375.0,United Kingdom,383.78000000000003,2009-12
17805,2010-04-08 14:36:00,2011-09-27 11:49:00,2,1126,927.03,463.515,563.0,5.5,Wholesale,,,,,,,,,,
17806,2011-11-28 14:12:00,2011-11-28 14:12:00,1,727,546.04,546.04,727.0,43.0,Wholesale,,,,,,,,,,
17807,2010-01-04 14:00:00,2010-11-09 16:21:00,3,262,437.87,145.95666666666668,87.33333333333333,29.666666666666668,Retail,1,2,2,122,Average Customer,Churned,394.0,United Kingdom,437.87,2010-01
17808,2010-05-07 16:26:00,2010-06-09 10:44:00,4,143,262.64,65.66,35.75,8.25,Retail,1,2,1,121,At Risk / Lost Customer,Churned,548.0,United Kingdom,262.64,2010-05
17809,2009-12-02 14:52:00,2011-11-23 12:59:00,20,2995,10085.89,504.29449999999997,149.75,4.85,Retail,3,3,3,333,Best Customer,Active,15.0,United Kingdom,10085.89,2009-12
17810,2010-01-25 10:26:00,2010-02-09 10:47:00,2,118,373.16,186.58,59.0,26.5,Retail,1,1,1,111,At Risk / Lost Customer,Churned,668.0,United Kingdom,373.16,2010-01
17811,2010-09-20 11:24:00,2011-12-05 13:46:00,47,5278,9519.8,202.54893617021276,112.29787234042553,23.638297872340427,Retail,3,3,3,333,Best Customer,Active,3.0,United Kingdom,9519.8,2010-09
17812,2010-06-27 13:34:00,2011-11-27 11:47:00,7,444,911.99,130.28428571428572,63.42857142857143,25.714285714285715,Retail,3,3,2,332,Loyal Customer,Active,12.0,United Kingdom,911.99,2010-06
17813,2011-09-29 15:57:00,2011-11-25 16:13:00,5,752,1698.07,339.614,150.4,67.4,Wholesale,,,,,,,,,,
17814,2010-10-13 14:03:00,2010-11-29 14:21:00,2,1435,1609.37,804.685,717.5,64.0,Wholesale,,,,,,,,,,
17815,2010-11-11 14:39:00,2010-11-11 14:39:00,1,612,591.96,591.96,612.0,13.0,Wholesale,,,,,,,,,,
17816,2009-12-15 15:27:00,2011-11-03 11:34:00,6,80,96.11,16.018333333333334,13.333333333333334,7.5,Retail,3,3,1,331,Loyal Customer,Active,36.0,United Kingdom,96.11,2009-12
17817,2010-10-13 15:07:00,2011-12-05 14:39:00,6,353,788.15,131.35833333333332,58.833333333333336,20.833333333333332,Retail,3,3,2,332,Loyal Customer,Active,3.0,United Kingdom,788.15,2010-10
17818,2009-12-02 11:34:00,2009-12-02 11:34:00,1,86,124.78,124.78,86.0,42.0,Retail,1,1,1,111,At Risk / Lost Customer,Churned,737.0,United Kingdom,124.78,2009-12
17819,2009-12-13 15:24:00,2011-09-29 10:52:00,12,1610,6021.05,501.75416666666666,134.16666666666666,7.416666666666667,Retail,2,3,3,233,Loyal Customer,Active,71.0,United Kingdom,6021.05,2009-12
17820,2010-11-30 17:43:00,2010-11-30 17:43:00,1,111,180.60999999999999,180.60999999999999,111.0,39.0,Retail,1,1,1,111,At Risk / Lost Customer,Churned,373.0,United Kingdom,180.60999999999999,2010-11
17821,2010-10-29 13:20:00,2010-10-29 13:20:00,1,162,334.62,334.62,162.0,6.0,Retail,1,1,1,111,At Risk / Lost Customer,Churned,405.0,United Kingdom,334.62,2010-10
17822,2010-05-28 12:15:00,2010-10-15 13:47:00,5,1375,2162.93,432.58599999999996,275.0,32.0,Retail,1,2,3,123,Average Customer,Churned,419.0,United Kingdom,2162.93,2010-05
17823,2010-10-14 16:14:00,2010-10-14 16:24:00,2,252,449.25,224.625,126.0,48.5,Retail,1,1,2,112,At Risk / Lost Customer,Churned,420.0,United Kingdom,449.25,2010-10
17824,2011-10-19 14:14:00,2011-10-19 14:14:00,1,408,298.4,298.4,408.0,13.0,Retail,2,1,1,211,At Risk / Lost Customer,Active,50.0,United Kingdom,298.4,2011-10
17825,2009-12-14 12:09:00,2010-04-20 12:01:00,4,516,701.96,175.49,129.0,6.5,Retail,1,2,2,122,Average Customer,Churned,598.0,United Kingdom,701.96,2009-12
17826,2010-11-30 13:23:00,2010-11-30 13:23:00,1,84,133.34,133.34,84.0,33.0,Retail,1,1,1,111,At Risk / Lost Customer,Churned,373.0,United Kingdom,133.34,2010-11
17827,2010-03-28 12:20:00,2011-12-04 15:00:00,6,1582,2376.17,396.02833333333336,263.6666666666667,46.166666666666664,Retail,3,3,3,333,Best Customer,Active,4.0,United Kingdom,2376.17,2010-03
17828,2011-06-08 08:31:00,2011-11-17 08:41:00,4,667,1820.09,455.0225,166.75,16.75,Retail,3,2,3,323,Loyal Customer,Active,22.0,Malta,1820.09,2011-06
17829,2010-02-22 15:39:00,2011-02-14 12:46:00,5,3009,4756.74,951.348,601.8,34.2,Wholesale,,,,,,,,,,
17830,2011-02-24 10:15:00,2011-12-08 12:28:00,3,92,398.7,132.9,30.666666666666668,7.666666666666667,Retail,3,2,1,321,Average Customer,Active,1.0,United Kingdom,398.7,2011-02
17831,2011-11-06 15:09:00,2011-11-06 15:09:00,1,12,35.400000000000006,35.400000000000006,12.0,2.0,Retail,3,1,1,311,Average Customer,Active,32.0,United Kingdom,35.400000000000006,2011-11
17832,2011-10-21 11:43:00,2011-10-21 11:43:00,1,208,155.37,155.37,208.0,61.0,Wholesale,,,,,,,,,,
17833,2009-12-16 13:40:00,2009-12-16 13:40:00,1,143,338.46000000000004,338.46000000000004,143.0,28.0,Retail,1,1,1,111,At Risk / Lost Customer,Churned,722.0,United Kingdom,338.46000000000004,2009-12
17834,2010-09-20 15:32:00,2010-10-21 12:09:00,2,639,689.6700000000001,344.83500000000004,319.5,28.5,Retail,1,1,2,112,At Risk / Lost Customer,Churned,414.0,United Kingdom,689.6700000000001,2010-09
17835,2011-11-16 16:30:00,2011-12-07 11:48:00,3,344,342.24,114.08,114.66666666666667,19.666666666666668,Retail,3,2,1,321,Average Customer,Active,2.0,United Kingdom,342.24,2011-11
17836,2011-10-23 16:13:00,2011-10-23 16:13:00,1,88,110.21000000000001,110.21000000000001,88.0,23.0,Retail,2,1,1,211,At Risk / Lost Customer,Active,46.0,United Kingdom,110.21000000000001,2011-10
17837,2011-06-29 16:44:00,2011-10-28 16:13:00,8,510,1541.23,192.65375,63.75,20.0,Retail,3,3,3,333,Best Customer,Active,41.0,United Kingdom,1541.23,2011-06
17838,2010-03-19 09:53:00,2011-11-13 11:20:00,13,3491,5604.64,431.1261538461539,268.53846153846155,19.307692307692307,Retail,3,3,3,333,Best Customer,Active,26.0,United Kingdom,5604.64,2010-03
17839,2011-10-28 17:27:00,2011-10-28 17:27:00,1,257,318.15,318.15,257.0,50.0,Retail,3,1,1,311,Average Customer,Active,41.0,United Kingdom,318.15,2011-10
17840,2010-09-22 12:24:00,2010-09-22 12:24:00,1,128,175.9,175.9,128.0,44.0,Retail,1,1,1,111,At Risk / Lost Customer,Churned,443.0,United Kingdom,175.9,2010-09
17841,2009-12-02 15:41:00,2011-12-08 12:07:00,211,36584,68545.25,324.8590047393365,173.38388625592418,57.644549763033176,Wholesale,,,,,,,,,,
17842,2010-04-16 14:23:00,2010-04-16 14:23:00,1,89,430.69,430.69,89.0,18.0,Retail,1,1,2,112,At Risk / Lost Customer,Churned,601.0,United Kingdom,430.69,2010-04
17843,2010-10-24 10:56:00,2011-02-09 15:33:00,2,251,320.4,160.2,125.5,29.0,Retail,1,1,1,111,At Risk / Lost Customer,Churned,302.0,United Kingdom,320.4,2010-10
17844,2011-08-25 11:27:00,2011-08-25 11:27:00,1,52,51.559999999999995,51.559999999999995,52.0,5.0,Retail,2,1,1,211,At Risk / Lost Customer,Active,106.0,Canada,51.559999999999995,2011-08
17845,2010-05-12 13:04:00,2010-06-02 15:20:00,4,195,596.09,149.0225,48.75,11.75,Retail,1,2,2,122,Average Customer,Churned,554.0,United Kingdom,596.09,2010-05
17846,2011-09-15 15:20:00,2011-09-15 15:20:00,1,1,2033.1,2033.1,1.0,1.0,Retail,2,1,3,213,Average Customer,Active,84.0,United Kingdom,2033.1,2011-09
17847,2010-03-04 12:57:00,2010-07-12 10:00:00,2,29,129.69,64.845,14.5,4.5,Retail,1,1,1,111,At Risk / Lost Customer,Churned,515.0,United Kingdom,129.69,2010-03
17848,2009-12-06 13:19:00,2011-09-19 16:49:00,30,1404,3559.11,118.637,46.8,5.366666666666666,Retail,2,3,3,233,Loyal Customer,Active,80.0,United Kingdom,3559.11,2009-12
17849,2010-03-14 15:17:00,2011-05-05 13:46:00,8,224,1063.76,132.97,28.0,6.25,Retail,2,3,2,232,Loyal Customer,Churned,217.0,United Kingdom,1063.76,2010-03
17850,2009-12-05 12:28:00,2010-12-02 15:27:00,155,21052,51208.87,330.3798064516129,135.81935483870967,16.12258064516129,Retail,1,3,3,133,Loyal Customer,Churned,371.0,United Kingdom,51208.87,2009-12
17851,2009-12-03 17:46:00,2010-10-13 15:13:00,6,933,1552.35,258.72499999999997,155.5,37.833333333333336,Retail,1,3,3,133,Loyal Customer,Churned,421.0,United Kingdom,1552.35,2009-12
17852,2009-12-08 12:51:00,2011-11-28 12:36:00,5,372,657.8100000000001,131.562,74.4,20.8,Retail,3,2,2,322,Loyal Customer,Active,11.0,United Kingdom,657.8100000000001,2009-12
17853,2009-12-03 15:09:00,2010-10-28 15:29:00,3,625,1596.29,532.0966666666667,208.33333333333334,34.666666666666664,Retail,1,2,3,123,Average Customer,Churned,406.0,United Kingdom,1596.29,2009-12
17854,2009-12-08 11:13:00,2011-06-07 16:21:00,6,607,1068.5,178.08333333333334,101.16666666666667,19.166666666666668,Retail,2,3,2,232,Loyal Customer,Churned,184.0,United Kingdom,1068.5,2009-12
17855,2010-12-02 09:44:00,2010-12-02 09:44:00,1,197,208.97,208.97,197.0,17.0,Retail,1,1,1,111,At Risk / Lost Customer,Churned,372.0,United Kingdom,208.97,2010-12
17856,2011-03-03 11:40:00,2011-12-08 09:40:00,4,842,1418.03,354.5075,210.5,3.75,Retail,3,2,2,322,Loyal Customer,Active,1.0,United Kingdom,1418.03,2011-03
17857,2010-03-08 12:09:00,2011-12-05 13:13:00,24,19906,27347.04,1139.46,829.4166666666666,2.3333333333333335,Wholesale,,,,,,,,,,
17858,2009-12-06 15:41:00,2011-12-04 11:56:00,30,5383,12518.65,417.2883333333333,179.43333333333334,12.366666666666667,Retail,3,3,3,333,Best Customer,Active,5.0,United Kingdom,12518.65,2009-12
17859,2011-02-08 10:32:00,2011-02-08 10:32:00,1,102,141.92000000000002,141.92000000000002,102.0,23.0,Retail,1,1,1,111,At Risk / Lost Customer,Churned,304.0,United Kingdom,141.92000000000002,2011-02
17860,2009-12-11 16:48:00,2010-12-06 12:41:00,4,696,717.39,179.3475,174.0,39.0,Retail,1,2,2,122,Average Customer,Churned,368.0,United Kingdom,717.39,2009-12
17861,2009-12-10 11:27:00,2011-12-06 16:21:00,18,4541,5088.29,282.6827777777778,252.27777777777777,30.22222222222222,Retail,3,3,3,333,Best Customer,Active,2.0,United Kingdom,5088.29,2009-12
17862,2010-05-25 17:22:00,2011-01-20 12:23:00,4,440,1254.89,313.7225,110.0,23.75,Retail,1,2,2,122,Average Customer,Churned,323.0,United Kingdom,1254.89,2010-05
17863,2010-02-25 12:01:00,2011-10-11 13:45:00,12,4676,5360.48,446.70666666666665,389.6666666666667,21.25,Retail,2,3,3,233,Loyal Customer,Active,58.0,United Kingdom,5360.48,2010-02
17864,2010-10-08 11:49:00,2011-11-27 11:15:00,5,1015,876.57,175.31400000000002,203.0,24.2,Retail,3,2,2,322,Loyal Customer,Active,12.0,United Kingdom,876.57,2010-10
17865,2009-12-01 10:49:00,2011-11-09 12:08:00,46,12950,26312.190000000002,572.0041304347826,281.5217391304348,21.67391304347826,Retail,3,3,3,333,Best Customer,Active,30.0,United Kingdom,26312.190000000002,2009-12
17866,2009-12-14 16:01:00,2011-07-20 11:07:00,3,535,1134.95,378.31666666666666,178.33333333333334,8.666666666666666,Retail,2,2,2,222,Average Customer,Churned,142.0,United Kingdom,1134.95,2009-12
17867,2009-12-02 13:39:00,2011-11-09 14:15:00,15,638,1582.0500000000002,105.47000000000001,42.53333333333333,8.266666666666667,Retail,3,3,3,333,Best Customer,Active,29.0,United Kingdom,1582.0500000000002,2009-12
17868,2010-11-18 18:55:00,2010-11-18 18:55:00,1,85,227.15,227.15,85.0,18.0,Retail,1,1,1,111,At Risk / Lost Customer,Churned,385.0,United Kingdom,227.15,2010-11
17869,2010-06-10 13:47:00,2011-08-24 16:16:00,7,491,813.64,116.23428571428572,70.14285714285714,11.285714285714286,Retail,2,3,2,232,Loyal Customer,Active,106.0,United Kingdom,813.64,2010-06
17870,2010-11-23 11:39:00,2011-12-07 15:07:00,13,1699,2753.29,211.79153846153847,130.69230769230768,20.076923076923077,Retail,3,3,3,333,Best Customer,Active,1.0,United Kingdom,2753.29,2010-11
17871,2010-01-15 14:48:00,2011-05-19 11:32:00,5,665,1068.95,213.79000000000002,133.0,15.8,Retail,2,2,2,222,Average Customer,Churned,204.0,United Kingdom,1068.95,2010-01
17872,2010-11-23 12:02:00,2010-11-23 12:02:00,1,176,235.87,235.87,176.0,15.0,Retail,1,1,1,111,At Risk / Lost Customer,Churned,381.0,United Kingdom,235.87,2010-11
17873,2009-12-16 15:11:00,2011-09-20 16:41:00,18,4159,6265.33,348.07388888888886,231.05555555555554,9.166666666666666,Retail,2,3,3,233,Loyal Customer,Active,79.0,United Kingdom,6265.33,2009-12
17874,2011-03-29 11:25:00,2011-06-07 12:54:00,6,221,683.46,113.91000000000001,36.833333333333336,7.666666666666667,Retail,2,3,2,232,Loyal Customer,Churned,184.0,United Kingdom,683.46,2011-03
17875,2010-01-20 15:30:00,2010-01-20 15:30:00,1,98,167.1,167.1,98.0,25.0,Retail,1,1,1,111,At Risk / Lost Customer,Churned,687.0,United Kingdom,167.1,2010-01
17876,2010-02-02 13:00:00,2010-11-05 10:52:00,3,1958,3424.02,1141.34,652.6666666666666,1.3333333333333333,Wholesale,,,,,,,,,,
17877,2011-06-22 13:00:00,2011-06-22 13:00:00,1,98,237.61,237.61,98.0,12.0,Retail,2,1,1,211,At Risk / Lost Customer,Churned,169.0,United Kingdom,237.61,2011-06
17878,2010-11-09 13:50:00,2011-10-27 11:24:00,3,1014,1378.93,459.6433333333334,338.0,27.333333333333332,Retail,2,2,2,222,Average Customer,Active,43.0,United Kingdom,1378.93,2010-11
17879,2011-06-19 12:36:00,2011-06-19 12:36:00,1,45,178.51999999999998,178.51999999999998,45.0,6.0,Retail,2,1,1,211,At Risk / Lost Customer,Churned,173.0,United Kingdom,178.51999999999998,2011-06
17880,2009-12-09 16:13:00,2010-12-10 10:21:00,3,466,824.9200000000001,274.97333333333336,155.33333333333334,15.0,Retail,1,2,2,122,Average Customer,Churned,364.0,United Kingdom,824.9200000000001,2009-12
17881,2011-02-08 17:16:00,2011-02-08 17:16:00,1,32,133.35000000000002,133.35000000000002,32.0,8.0,Retail,1,1,1,111,At Risk / Lost Customer,Churned,303.0,United Kingdom,133.35000000000002,2011-02
17882,2010-11-25 14:35:00,2010-11-25 14:40:00,2,130,291.56,145.78,65.0,26.0,Retail,1,1,1,111,At Risk / Lost Customer,Churned,378.0,United Kingdom,291.56,2010-11
17883,2010-02-25 20:07:00,2011-12-06 17:49:00,7,476,988.42,141.20285714285714,68.0,24.142857142857142,Retail,3,3,2,332,Loyal Customer,Active,2.0,United Kingdom,988.42,2010-02
17884,2009-12-04 16:23:00,2011-12-06 11:33:00,20,2749,2698.47,134.9235,137.45,19.75,Retail,3,3,3,333,Best Customer,Active,3.0,United Kingdom,2698.47,2009-12
17885,2011-11-27 14:40:00,2011-11-27 14:40:00,1,110,156.34,156.34,110.0,50.0,Retail,3,1,1,311,Average Customer,Active,11.0,United Kingdom,156.34,2011-11
17886,2010-04-29 11:10:00,2011-11-08 10:09:00,6,711,1572.55,262.09166666666664,118.5,27.166666666666668,Retail,3,3,3,333,Best Customer,Active,31.0,United Kingdom,1572.55,2010-04
17887,2011-08-02 17:29:00,2011-08-02 17:29:00,1,30,111.35,111.35,30.0,10.0,Retail,2,1,1,211,At Risk / Lost Customer,Active,128.0,United Kingdom,111.35,2011-08
17888,2009-12-21 16:34:00,2011-11-18 13:45:00,25,1536,1807.44,72.2976,61.44,6.32,Retail,3,3,3,333,Best Customer,Active,20.0,United Kingdom,1807.44,2009-12
17889,2010-03-31 10:54:00,2011-05-11 16:26:00,7,403,746.42,106.63142857142857,57.57142857142857,16.0,Retail,2,3,2,232,Loyal Customer,Churned,211.0,United Kingdom,746.42,2010-03
17890,2010-12-13 15:12:00,2011-01-21 11:19:00,2,402,586.89,293.445,201.0,45.0,Retail,1,1,2,112,At Risk / Lost Customer,Churned,322.0,United Kingdom,586.89,2010-12
17891,2011-06-30 20:08:00,2011-06-30 20:08:00,1,393,203.85999999999999,203.85999999999999,393.0,34.0,Retail,2,1,1,211,At Risk / Lost Customer,Churned,161.0,United Kingdom,203.85999999999999,2011-06
17892,2011-07-07 12:56:00,2011-10-14 16:49:00,3,109,244.1,81.36666666666666,36.333333333333336,9.333333333333334,Retail,2,2,1,221,Average Customer,Active,55.0,United Kingdom,244.1,2011-07
17893,2011-04-28 13:50:00,2011-04-28 13:50:00,1,149,107.21,107.21,149.0,15.0,Retail,2,1,1,211,At Risk / Lost Customer,Churned,224.0,United Kingdom,107.21,2011-04
17894,2010-08-27 14:13:00,2011-09-29 09:23:00,18,938,2304.58,128.03222222222223,52.111111111111114,22.22222222222222,Retail,2,3,3,233,Loyal Customer,Active,71.0,United Kingdom,2304.58,2010-08
17895,2011-10-26 17:00:00,2011-10-26 17:00:00,1,127,95.45,95.45,127.0,15.0,Retail,2,1,1,211,At Risk / Lost Customer,Active,43.0,United Kingdom,95.45,2011-10
17896,2011-11-16 13:59:00,2011-11-16 13:59:00,1,288,256.32,256.32,288.0,2.0,Retail,3,1,1,311,Average Customer,Active,22.0,United Kingdom,256.32,2011-11
17897,2010-05-12 16:03:00,2011-06-20 11:23:00,9,864,2099.89,233.3211111111111,96.0,27.444444444444443,Retail,2,3,3,233,Loyal Customer,Churned,172.0,United Kingdom,2099.89,2010-05
17898,2010-05-21 17:22:00,2011-09-15 14:56:00,4,251,299.18,74.795,62.75,12.5,Retail,2,2,1,221,Average Customer,Active,84.0,United Kingdom,299.18,2010-05
17899,2011-07-03 14:58:00,2011-07-03 14:58:00,1,170,154.55,154.55,170.0,29.0,Retail,2,1,1,211,At Risk / Lost Customer,Churned,158.0,United Kingdom,154.55,2011-07
17900,2011-06-02 14:28:00,2011-06-02 14:38:00,2,73,112.19999999999999,56.099999999999994,36.5,3.0,Retail,2,1,1,211,At Risk / Lost Customer,Churned,189.0,United Kingdom,112.19999999999999,2011-06
17901,2010-07-06 10:54:00,2011-11-10 17:29:00,3,38,260.08,86.69333333333333,12.666666666666666,7.333333333333333,Retail,3,2,1,321,Average Customer,Active,28.0,United Kingdom,260.08,2010-07
17902,2010-06-11 12:25:00,2010-06-11 12:25:00,1,526,216.39999999999998,216.39999999999998,526.0,24.0,Wholesale,,,,,,,,,,
17903,2010-11-10 15:39:00,2010-11-10 15:39:00,1,142,381.09000000000003,381.09000000000003,142.0,44.0,Retail,1,1,1,111,At Risk / Lost Customer,Churned,393.0,United Kingdom,381.09000000000003,2010-11
17904,2011-11-18 12:57:00,2011-11-18 12:57:00,1,59,181.07,181.07,59.0,33.0,Retail,3,1,1,311,Average Customer,Active,20.0,United Kingdom,181.07,2011-11
17905,2010-01-28 17:54:00,2011-09-29 17:33:00,13,1299,2178.87,167.6053846153846,99.92307692307692,11.076923076923077,Retail,2,3,3,233,Loyal Customer,Active,70.0,United Kingdom,2178.87,2010-01
17906,2011-04-06 17:25:00,2011-04-06 17:25:00,1,26,72.9,72.9,26.0,12.0,Retail,2,1,1,211,At Risk / Lost Customer,Churned,246.0,United Kingdom,72.9,2011-04
17907,2010-03-09 12:33:00,2010-03-09 12:33:00,1,1046,291.76,291.76,1046.0,13.0,Wholesale,,,,,,,,,,
17908,2009-12-14 12:24:00,2010-12-01 11:45:00,5,670,1142.47,228.494,134.0,39.8,Retail,1,2,2,122,Average Customer,Churned,373.0,United Kingdom,1142.47,2009-12
17909,2009-12-02 13:10:00,2009-12-02 13:10:00,1,35,110.05,110.05,35.0,8.0,Retail,1,1,1,111,At Risk / Lost Customer,Churned,736.0,United Kingdom,110.05,2009-12
17910,2009-12-13 16:04:00,2009-12-13 16:04:00,1,121,261.7,261.7,121.0,25.0,Retail,1,1,1,111,At Risk / Lost Customer,Churned,725.0,United Kingdom,261.7,2009-12
17911,2011-11-30 14:52:00,2011-11-30 14:52:00,1,223,366.23,366.23,223.0,39.0,Retail,3,1,1,311,Average Customer,Active,8.0,United Kingdom,366.23,2011-11
17912,2010-11-29 13:53:00,2011-02-02 14:25:00,6,215,374.55,62.425000000000004,35.833333333333336,8.333333333333334,Retail,1,3,1,131,Average Customer,Churned,309.0,United Kingdom,374.55,2010-11
17913,2009-12-03 13:02:00,2011-10-12 10:45:00,14,1725,3429.29,244.9492857142857,123.21428571428571,31.857142857142858,Retail,2,3,3,233,Loyal Customer,Active,58.0,United Kingdom,3429.29,2009-12
17914,2011-12-06 11:58:00,2011-12-06 11:58:00,1,457,329.36,329.36,457.0,72.0,Wholesale,,,,,,,,,,
17915,2010-06-06 13:22:00,2010-06-06 13:22:00,1,184,225.78,225.78,184.0,27.0,Retail,1,1,1,111,At Risk / Lost Customer,Churned,550.0,United Kingdom,225.78,2010-06
17916,2009-12-06 14:10:00,2010-03-21 12:26:00,2,90,43.87,21.935,45.0,9.5,Retail,1,1,1,111,At Risk / Lost Customer,Churned,628.0,United Kingdom,43.87,2009-12
17917,2010-12-12 12:08:00,2011-10-25 13:20:00,3,184,335.03,111.67666666666666,61.333333333333336,29.333333333333332,Retail,2,2,1,221,Average Customer,Active,44.0,United Kingdom,335.03,2010-12
17918,2010-07-22 14:20:00,2010-07-27 11:51:00,3,352,396.39,132.13,117.33333333333333,13.333333333333334,Retail,1,2,1,121,At Risk / Lost Customer,Churned,500.0,United Kingdom,396.39,2010-07
17919,2010-09-27 10:40:00,2011-09-12 13:41:00,2,1452,1840.32,920.16,726.0,20.0,Wholesale,,,,,,,,,,
17920,2009-12-06 10:37:00,2011-12-05 14:29:00,54,12265,23581.78,436.6996296296296,227.12962962962962,28.925925925925927,Retail,3,3,3,333,Best Customer,Active,3.0,United Kingdom,23581.78,2009-12
17921,2010-07-15 20:05:00,2011-10-06 18:56:00,10,991,2394.36,239.436,99.1,35.4,Retail,2,3,3,233,Loyal Customer,Active,63.0,United Kingdom,2394.36,2010-07
17922,2010-06-14 16:32:00,2010-06-14 16:32:00,1,49,170.4,170.4,49.0,8.0,Retail,1,1,1,111,At Risk / Lost Customer,Churned,542.0,United Kingdom,170.4,2010-06
17923,2010-06-13 13:58:00,2011-03-02 15:15:00,3,140,497.0,165.66666666666666,46.666666666666664,1.0,Retail,1,2,2,122,Average Customer,Churned,281.0,United Kingdom,497.0,2010-06
17924,2010-10-21 12:17:00,2011-11-28 09:11:00,8,1208,3257.7000000000003,407.21250000000003,151.0,4.125,Retail,3,3,3,333,Best Customer,Active,11.0,United Kingdom,3257.7000000000003,2010-10
17925,2010-12-02 10:10:00,2010-12-02 10:10:00,1,72,244.08,244.08,72.0,1.0,Retail,1,1,1,111,At Risk / Lost Customer,Churned,372.0,United Kingdom,244.08,2010-12
17926,2010-05-09 14:07:00,2011-07-29 14:39:00,5,572,1035.49,207.098,114.4,8.8,Retail,2,2,2,222,Average Customer,Active,132.0,United Kingdom,1035.49,2010-05
17927,2009-12-18 11:03:00,2009-12-18 11:03:00,1,108,294.0,294.0,108.0,10.0,Retail,1,1,1,111,At Risk / Lost Customer,Churned,721.0,United Kingdom,294.0,2009-12
17928,2010-05-17 15:30:00,2011-10-25 13:52:00,3,222,341.24,113.74666666666667,74.0,9.0,Retail,2,2,1,221,Average Customer,Active,44.0,United Kingdom,341.24,2010-05
17929,2009-12-09 11:40:00,2011-11-28 16:01:00,12,434,3082.1,256.84166666666664,36.166666666666664,1.25,Retail,3,3,3,333,Best Customer,Active,10.0,United Kingdom,3082.1,2009-12
17930,2010-03-04 10:41:00,2011-11-04 10:23:00,13,3795,4275.22,328.86307692307696,291.9230769230769,6.6923076923076925,Retail,3,3,3,333,Best Customer,Active,35.0,United Kingdom,4275.22,2010-03
17931,2010-02-16 15:47:00,2011-07-28 18:33:00,14,1919,3402.24,243.01714285714283,137.07142857142858,24.714285714285715,Retail,2,3,3,233,Loyal Customer,Active,133.0,United Kingdom,3402.24,2010-02
17932,2011-05-12 13:58:00,2011-11-10 19:49:00,3,789,1331.57,443.8566666666666,263.0,30.0,Retail,3,2,2,322,Loyal Customer,Active,28.0,United Kingdom,1331.57,2011-05
17933,2010-03-17 15:11:00,2010-03-17 15:11:00,1,63,114.69,114.69,63.0,12.0,Retail,1,1,1,111,At Risk / Lost Customer,Churned,631.0,United Kingdom,114.69,2010-03
17934,2010-10-29 12:23:00,2011-10-19 11:16:00,3,628,1049.15,349.7166666666667,209.33333333333334,13.666666666666666,Retail,2,2,2,222,Average Customer,Active,51.0,United Kingdom,1049.15,2010-10
17935,2009-12-04 14:33:00,2011-07-24 13:18:00,7,244,686.14,98.02,34.857142857142854,9.0,Retail,2,3,2,232,Loyal Customer,Active,137.0,United Kingdom,686.14,2009-12
17936,2011-12-04 13:32:00,2011-12-04 13:32:00,1,257,380.13,380.13,257.0,68.0,Wholesale,,,,,,,,,,
17937,2010-12-12 14:43:00,2011-12-01 11:45:00,7,1754,4301.22,614.46,250.57142857142858,6.142857142857143,Retail,3,3,3,333,Best Customer,Active,8.0,United Kingdom,4301.22,2010-12
17938,2010-10-15 14:27:00,2010-10-15 14:27:00,1,53,144.29,144.29,53.0,29.0,Retail,1,1,1,111,At Risk / Lost Customer,Churned,419.0,United Kingdom,144.29,2010-10
17939,2011-07-03 12:27:00,2011-07-03 12:27:00,1,40,99.14,99.14,40.0,12.0,Retail,2,1,1,211,At Risk / Lost Customer,Churned,159.0,United Kingdom,99.14,2011-07
17940,2009-12-03 12:31:00,2011-10-21 13:27:00,16,85148,30306.79,1894.174375,5321.75,2.1875,Wholesale,,,,,,,,,,
17941,2010-01-06 15:37:00,2011-08-01 08:30:00,4,1108,1433.28,358.32,277.0,1.75,Retail,2,2,3,223,Loyal Customer,Active,130.0,United Kingdom,1433.28,2010-01
17942,2011-12-02 10:45:00,2011-12-02 10:45:00,1,38,77.50000000000001,77.50000000000001,38.0,2.0,Retail,3,1,1,311,Average Customer,Active,7.0,United Kingdom,77.50000000000001,2011-12
17944,2010-10-12 16:25:00,2010-10-12 16:25:00,1,84,74.99,74.99,84.0,24.0,Retail,1,1,1,111,At Risk / Lost Customer,Churned,422.0,United Kingdom,74.99,2010-10
17945,2010-01-12 11:33:00,2010-01-12 11:40:00,3,244,360.35,120.11666666666667,81.33333333333333,23.666666666666668,Retail,1,2,1,121,At Risk / Lost Customer,Churned,696.0,United Kingdom,360.35,2010-01
17946,2011-03-25 14:34:00,2011-04-20 17:00:00,2,75,149.57999999999998,74.78999999999999,37.5,9.0,Retail,2,1,1,211,At Risk / Lost Customer,Churned,232.0,United Kingdom,149.57999999999998,2011-03
17947,2011-11-02 13:05:00,2011-11-02 13:05:00,1,168,176.68,176.68,168.0,9.0,Retail,3,1,1,311,Average Customer,Active,36.0,United Kingdom,176.68,2011-11
17948,2011-07-15 12:58:00,2011-07-15 12:58:00,1,144,358.56000000000006,358.56000000000006,144.0,1.0,Retail,2,1,1,211,At Risk / Lost Customer,Churned,146.0,United Kingdom,358.56000000000006,2011-07
17949,2009-12-02 11:07:00,2011-12-08 18:46:00,118,60538,117314.08,994.1871186440678,513.0338983050848,1.305084745762712,Wholesale,,,,,,,,,,
17950,2010-01-04 17:39:00,2011-09-28 15:18:00,7,659,1166.29,166.61285714285714,94.14285714285714,22.571428571428573,Retail,2,3,2,232,Loyal Customer,Active,71.0,United Kingdom,1166.29,2010-01
17951,2010-10-31 15:15:00,2011-10-31 12:30:00,4,780,1340.5800000000002,335.14500000000004,195.0,7.0,Retail,3,2,2,322,Loyal Customer,Active,39.0,United Kingdom,1340.5800000000002,2010-10
17952,2010-06-16 11:54:00,2010-11-26 13:54:00,4,477,788.46,197.115,119.25,23.75,Retail,1,2,2,122,Average Customer,Churned,377.0,United Kingdom,788.46,2010-06
17953,2010-06-17 15:08:00,2010-06-17 15:08:00,1,98,159.17000000000002,159.17000000000002,98.0,20.0,Retail,1,1,1,111,At Risk / Lost Customer,Churned,539.0,United Kingdom,159.17000000000002,2010-06
17954,2009-12-09 13:22:00,2011-12-04 14:15:00,19,3180,3804.38,200.2305263157895,167.3684210526316,38.89473684210526,Retail,3,3,3,333,Best Customer,Active,4.0,United Kingdom,3804.38,2009-12
17955,2010-02-12 16:27:00,2011-05-25 12:00:00,6,681,949.9,158.31666666666666,113.5,3.6666666666666665,Retail,2,3,2,232,Loyal Customer,Churned,198.0,United Kingdom,949.9,2010-02
17956,2011-04-04 13:47:00,2011-04-04 13:47:00,1,1,12.75,12.75,1.0,1.0,Retail,2,1,1,211,At Risk / Lost Customer,Churned,248.0,United Kingdom,12.75,2011-04
17957,2011-10-04 14:58:00,2011-10-04 14:58:00,1,287,111.68,111.68,287.0,31.0,Retail,2,1,1,211,At Risk / Lost Customer,Active,65.0,United Kingdom,111.68,2011-10
17958,2009-12-11 15:37:00,2011-08-15 12:19:00,2,284,973.88,486.94,142.0,18.0,Retail,2,1,2,212,Average Customer,Active,116.0,United Kingdom,973.88,2009-12
17959,2010-04-26 14:12:00,2010-04-26 14:12:00,1,49,140.75,140.75,49.0,2.0,Retail,1,1,1,111,At Risk / Lost Customer,Churned,591.0,United Kingdom,140.75,2010-04
17960,2010-03-08 12:22:00,2011-06-21 14:15:00,3,60,135.08,45.02666666666667,20.0,12.333333333333334,Retail,2,2,1,221,Average Customer,Churned,170.0,United Kingdom,135.08,2010-03
17961,2009-12-01 14:48:00,2011-11-18 16:55:00,100,1491,2866.74,28.667399999999997,14.91,6.28,Retail,3,3,3,333,Best Customer,Active,20.0,United Kingdom,2866.74,2009-12
17962,2010-01-13 15:24:00,2011-07-20 14:16:00,4,633,666.96,166.74,158.25,44.0,Retail,2,2,2,222,Average Customer,Churned,141.0,United Kingdom,666.96,2010-01
17963,2010-01-19 17:25:00,2010-08-25 15:58:00,4,341,643.16,160.79,85.25,26.5,Retail,1,2,2,122,Average Customer,Churned,470.0,United Kingdom,643.16,2010-01
17964,2010-12-02 13:32:00,2011-11-08 10:44:00,2,294,463.21,231.605,147.0,44.0,Retail,3,1,2,312,Average Customer,Active,31.0,United Kingdom,463.21,2010-12
17965,2009-12-14 13:19:00,2011-11-02 09:31:00,29,4383,7006.65,241.60862068965517,151.13793103448276,27.96551724137931,Retail,3,3,3,333,Best Customer,Active,37.0,United Kingdom,7006.65,2009-12
17966,2010-01-18 13:24:00,2011-11-02 10:26:00,10,3918,1963.92,196.392,391.8,11.3,Retail,3,3,3,333,Best Customer,Active,37.0,United Kingdom,1963.92,2010-01
17967,2010-10-19 13:19:00,2010-12-03 11:19:00,2,111,223.42,111.71,55.5,30.0,Retail,1,1,1,111,At Risk / Lost Customer,Churned,371.0,United Kingdom,223.42,2010-10
17968,2010-07-15 15:01:00,2010-12-01 12:23:00,4,352,590.4399999999999,147.60999999999999,88.0,29.75,Retail,1,2,2,122,Average Customer,Churned,373.0,United Kingdom,590.4399999999999,2010-07
17969,2009-12-06 13:53:00,2011-06-26 13:00:00,20,1014,2354.29,117.7145,50.7,10.05,Retail,2,3,3,233,Loyal Customer,Churned,165.0,United Kingdom,2354.29,2009-12
17970,2011-05-12 20:03:00,2011-05-12 20:03:00,1,513,562.79,562.79,513.0,27.0,Wholesale,,,,,,,,,,
17971,2010-06-09 14:04:00,2010-06-09 14:04:00,1,62,161.94,161.94,62.0,21.0,Retail,1,1,1,111,At Risk / Lost Customer,Churned,547.0,United Kingdom,161.94,2010-06
17972,2011-04-12 12:16:00,2011-04-12 12:16:00,1,36,135.19,135.19,36.0,30.0,Retail,2,1,1,211,At Risk / Lost Customer,Churned,241.0,United Kingdom,135.19,2011-04
17973,2011-10-19 10:34:00,2011-10-19 10:34:00,1,176,337.04,337.04,176.0,15.0,Retail,2,1,1,211,At Risk / Lost Customer,Active,51.0,United Kingdom,337.04,2011-10
17974,2010-10-28 20:03:00,2011-11-15 11:37:00,6,1189,1739.09,289.8483333333333,198.16666666666666,54.0,Wholesale,,,,,,,,,,
17975,2010-08-06 11:24:00,2011-11-24 13:27:00,24,2179,6696.33,279.01375,90.79166666666667,19.125,Retail,3,3,3,333,Best Customer,Active,14.0,United Kingdom,6696.33,2010-08
17976,2010-12-02 13:49:00,2010-12-02 13:49:00,1,93,321.79,321.79,93.0,56.0,Wholesale,,,,,,,,,,
17977,2010-11-04 14:26:00,2011-11-10 13:28:00,2,1948,1511.45,755.725,974.0,51.0,Wholesale,,,,,,,,,,
17978,2009-12-08 13:27:00,2010-12-09 14:05:00,4,1297,1159.99,289.9975,324.25,16.5,Retail,1,2,2,122,Average Customer,Churned,364.0,United Kingdom,1159.99,2009-12
17979,2011-03-25 11:34:00,2011-11-04 12:05:00,4,383,732.41,183.1025,95.75,31.75,Retail,3,2,2,322,Loyal Customer,Active,35.0,United Kingdom,732.41,2011-03
17980,2010-11-11 14:42:00,2011-06-27 12:01:00,4,771,1012.72,253.18,192.75,14.25,Retail,2,2,2,222,Average Customer,Churned,165.0,United Kingdom,1012.72,2010-11
17981,2010-10-25 10:40:00,2010-10-25 10:40:00,1,260,239.12,239.12,260.0,17.0,Retail,1,1,1,111,At Risk / Lost Customer,Churned,410.0,United Kingdom,239.12,2010-10
17982,2010-01-28 09:38:00,2010-01-28 09:38:00,1,117,138.18,138.18,117.0,13.0,Retail,1,1,1,111,At Risk / Lost Customer,Churned,680.0,United Kingdom,138.18,2010-01
17983,2010-11-09 13:23:00,2010-11-09 13:24:00,1,108,171.71,171.71,108.0,23.0,Retail,1,1,1,111,At Risk / Lost Customer,Churned,394.0,United Kingdom,171.71,2010-11
17984,2009-12-01 11:51:00,2011-07-17 15:59:00,5,939,1152.19,230.43800000000002,187.8,45.0,Retail,2,2,2,222,Average Customer,Churned,144.0,United Kingdom,1152.19,2009-12
17985,2011-11-17 14:24:00,2011-11-17 14:24:00,1,171,631.35,631.35,171.0,20.0,Retail,3,1,2,312,Average Customer,Active,21.0,United Kingdom,631.35,2011-11
17986,2011-10-14 14:22:00,2011-10-14 14:22:00,1,10,20.8,20.8,10.0,1.0,Retail,2,1,1,211,At Risk / Lost Customer,Active,55.0,United Kingdom,20.8,2011-10
17987,2010-06-07 11:23:00,2011-06-07 14:22:00,5,981,965.4399999999999,193.088,196.2,30.6,Retail,2,2,2,222,Average Customer,Churned,184.0,United Kingdom,965.4399999999999,2010-06
17988,2009-12-07 13:35:00,2011-11-28 11:00:00,14,186,489.54,34.96714285714286,13.285714285714286,8.785714285714286,Retail,3,3,2,332,Loyal Customer,Active,11.0,United Kingdom,489.54,2009-12
17989,2010-11-25 13:49:00,2010-11-25 13:49:00,1,300,207.32999999999998,207.32999999999998,300.0,26.0,Retail,1,1,1,111,At Risk / Lost Customer,Churned,378.0,United Kingdom,207.32999999999998,2010-11
17990,2009-12-07 15:19:00,2011-04-17 11:44:00,6,777,1527.6100000000001,254.6016666666667,129.5,9.5,Retail,2,3,3,233,Loyal Customer,Churned,236.0,United Kingdom,1527.6100000000001,2009-12
17991,2010-04-27 12:46:00,2011-04-28 15:58:00,3,93,300.3,100.10000000000001,31.0,12.666666666666666,Retail,2,2,1,221,Average Customer,Churned,224.0,United Kingdom,300.3,2010-04
17992,2010-11-15 13:04:00,2010-11-15 13:04:00,1,130,252.88,252.88,130.0,49.0,Retail,1,1,1,111,At Risk / Lost Customer,Churned,388.0,United Kingdom,252.88,2010-11
17993,2010-04-01 14:23:00,2010-04-01 14:23:00,1,108,225.99,225.99,108.0,60.0,Wholesale,,,,,,,,,,
17994,2010-03-29 10:37:00,2011-08-10 11:41:00,11,2181,2270.0299999999997,206.36636363636362,198.27272727272728,27.636363636363637,Retail,2,3,3,233,Loyal Customer,Active,121.0,United Kingdom,2270.0299999999997,2010-03
17995,2010-11-17 17:01:00,2011-03-03 12:30:00,3,263,495.48,165.16,87.66666666666667,9.666666666666666,Retail,1,2,2,122,Average Customer,Churned,281.0,United Kingdom,495.48,2010-11
17996,2010-06-11 11:48:00,2010-11-25 11:00:00,3,587,482.33,160.77666666666667,195.66666666666666,21.666666666666668,Retail,1,2,2,122,Average Customer,Churned,379.0,United Kingdom,482.33,2010-06
17997,2011-06-28 17:28:00,2011-09-26 16:13:00,8,2273,1962.46,245.3075,284.125,20.375,Retail,2,3,3,233,Loyal Customer,Active,73.0,United Kingdom,1962.46,2011-06
17998,2009-12-01 13:07:00,2010-11-24 15:31:00,3,561,639.24,213.08,187.0,19.333333333333332,Retail,1,2,2,122,Average Customer,Churned,379.0,United Kingdom,639.24,2009-12
17999,2010-11-26 13:16:00,2011-11-02 15:56:00,3,286,528.46,176.15333333333334,95.33333333333333,43.333333333333336,Retail,3,2,2,322,Loyal Customer,Active,36.0,United Kingdom,528.46,2010-11
18000,2010-05-24 17:34:00,2010-05-24 17:34:00,1,109,124.25,124.25,109.0,6.0,Retail,1,1,1,111,At Risk / Lost Customer,Churned,563.0,United Kingdom,124.25,2010-05
18001,2009-12-02 15:38:00,2011-11-27 16:02:00,6,874,924.14,154.02333333333334,145.66666666666666,21.5,Retail,3,3,2,332,Loyal Customer,Active,11.0,United Kingdom,924.14,2009-12
18002,2009-12-08 11:07:00,2010-11-29 10:57:00,4,71,244.37,61.0925,17.75,13.25,Retail,1,2,1,121,At Risk / Lost Customer,Churned,375.0,United Kingdom,244.37,2009-12
18003,2010-11-28 15:09:00,2010-11-28 15:09:00,1,297,353.51,353.51,297.0,23.0,Retail,1,1,1,111,At Risk / Lost Customer,Churned,375.0,United Kingdom,353.51,2010-11
18004,2010-12-12 13:47:00,2010-12-12 13:47:00,1,75,157.92,157.92,75.0,32.0,Retail,1,1,1,111,At Risk / Lost Customer,Churned,361.0,United Kingdom,157.92,2010-12
18005,2011-10-23 14:40:00,2011-12-06 11:51:00,2,86,226.47,113.235,43.0,26.0,Retail,3,1,1,311,Average Customer,Active,3.0,United Kingdom,226.47,2011-10
18006,2009-12-17 12:27:00,2011-11-16 16:52:00,4,395,969.51,242.3775,98.75,15.25,Retail,3,2,2,322,Loyal Customer,Active,22.0,United Kingdom,969.51,2009-12
18007,2010-11-12 11:08:00,2010-11-12 11:08:00,1,246,215.22,215.22,246.0,46.0,Retail,1,1,1,111,At Risk / Lost Customer,Churned,392.0,United Kingdom,215.22,2010-11
18008,2010-01-06 12:35:00,2011-09-30 15:17:00,23,7825,19759.079999999998,859.0904347826087,340.2173913043478,4.043478260869565,Retail,2,3,3,233,Loyal Customer,Active,69.0,United Kingdom,19759.079999999998,2010-01
18009,2010-02-25 11:49:00,2011-04-18 13:36:00,8,651,2144.23,268.02875,81.375,22.0,Retail,2,3,3,233,Loyal Customer,Churned,234.0,United Kingdom,2144.23,2010-02
18010,2011-03-28 12:27:00,2011-03-28 12:27:00,1,60,174.8,174.8,60.0,14.0,Retail,2,1,1,211,At Risk / Lost Customer,Churned,256.0,United Kingdom,174.8,2011-03
18011,2010-05-21 13:28:00,2010-12-01 17:35:00,2,125,410.79,205.395,62.5,31.5,Retail,1,1,1,111,At Risk / Lost Customer,Churned,372.0,United Kingdom,410.79,2010-05
18012,2009-12-16 13:16:00,2009-12-16 13:16:00,1,63,115.3,115.3,63.0,13.0,Retail,1,1,1,111,At Risk / Lost Customer,Churned,722.0,United Kingdom,115.3,2009-12
18013,2011-07-07 14:08:00,2011-07-07 14:11:00,2,285,187.29,93.645,142.5,15.5,Retail,2,1,1,211,At Risk / Lost Customer,Churned,154.0,United Kingdom,187.29,2011-07
18014,2011-11-11 15:28:00,2011-11-11 15:28:00,1,66,162.22,162.22,66.0,29.0,Retail,3,1,1,311,Average Customer,Active,27.0,United Kingdom,162.22,2011-11
18015,2011-12-05 14:49:00,2011-12-05 14:49:00,1,157,120.03,120.03,157.0,46.0,Retail,3,1,1,311,Average Customer,Active,3.0,United Kingdom,120.03,2011-12
18016,2010-01-27 16:00:00,2011-11-07 13:25:00,7,1207,1954.56,279.22285714285715,172.42857142857142,24.142857142857142,Retail,3,3,3,333,Best Customer,Active,31.0,United Kingdom,1954.56,2010-01
18017,2010-10-04 15:11:00,2011-09-19 16:15:00,4,400,688.0,172.0,100.0,1.0,Retail,2,2,2,222,Average Customer,Active,80.0,United Kingdom,688.0,2010-10
18018,2010-10-15 11:05:00,2011-08-23 17:37:00,4,186,297.99,74.4975,46.5,10.75,Retail,2,2,1,221,Average Customer,Active,107.0,United Kingdom,297.99,2010-10
18019,2011-10-19 12:10:00,2011-10-19 12:10:00,1,7,38.45,38.45,7.0,5.0,Retail,2,1,1,211,At Risk / Lost Customer,Active,51.0,United Kingdom,38.45,2011-10
18020,2010-06-14 12:31:00,2010-06-14 12:31:00,1,67,190.48000000000002,190.48000000000002,67.0,12.0,Retail,1,1,1,111,At Risk / Lost Customer,Churned,543.0,United Kingdom,190.48000000000002,2010-06
18021,2010-07-15 18:47:00,2010-07-18 10:52:00,2,168,216.41,108.205,84.0,16.0,Retail,1,1,1,111,At Risk / Lost Customer,Churned,509.0,United Kingdom,216.41,2010-07
18022,2010-06-11 13:59:00,2011-11-04 12:45:00,5,1311,1507.25,301.45,262.2,73.8,Wholesale,,,,,,,,,,
18024,2011-07-10 12:28:00,2011-07-10 12:40:00,2,184,389.78,194.89,92.0,10.5,Retail,2,1,1,211,At Risk / Lost Customer,Churned,152.0,United Kingdom,389.78,2011-07
18025,2010-03-30 17:33:00,2010-11-25 12:37:00,6,1053,1177.72,196.28666666666666,175.5,18.5,Retail,1,3,2,132,Average Customer,Churned,379.0,United Kingdom,1177.72,2010-03
18026,2010-07-22 16:21:00,2010-07-27 10:37:00,2,530,2074.07,1037.035,265.0,8.0,Retail,1,1,3,113,Average Customer,Churned,500.0,United Kingdom,2074.07,2010-07
18027,2011-09-02 10:38:00,2011-09-02 10:38:00,1,78,115.31,115.31,78.0,21.0,Retail,2,1,1,211,At Risk / Lost Customer,Active,98.0,United Kingdom,115.31,2011-09
18028,2010-05-05 13:28:00,2010-05-05 13:28:00,1,133,192.05,192.05,133.0,4.0,Retail,1,1,1,111,At Risk / Lost Customer,Churned,582.0,United Kingdom,192.05,2010-05
18029,2010-03-07 15:30:00,2010-03-07 15:30:00,1,253,433.77,433.77,253.0,18.0,Retail,1,1,2,112,At Risk / Lost Customer,Churned,641.0,United Kingdom,433.77,2010-03
18030,2011-10-28 13:55:00,2011-12-05 16:37:00,2,67,230.64999999999998,115.32499999999999,33.5,4.5,Retail,3,1,1,311,Average Customer,Active,3.0,United Kingdom,230.64999999999998,2011-10
18031,2010-11-26 11:00:00,2010-11-26 11:00:00,1,298,451.3,451.3,298.0,49.0,Retail,1,1,2,112,At Risk / Lost Customer,Churned,378.0,United Kingdom,451.3,2010-11
18032,2011-01-09 15:32:00,2011-01-09 15:32:00,1,42,73.5,73.5,42.0,5.0,Retail,1,1,1,111,At Risk / Lost Customer,Churned,333.0,United Kingdom,73.5,2011-01
18033,2011-10-05 17:28:00,2011-10-05 17:28:00,1,252,93.82000000000001,93.82000000000001,252.0,32.0,Retail,2,1,1,211,At Risk / Lost Customer,Active,64.0,United Kingdom,93.82000000000001,2011-10
18034,2010-11-29 12:36:00,2011-11-18 12:22:00,3,951,754.2,251.4,317.0,68.0,Wholesale,,,,,,,,,,
18035,2010-11-19 13:42:00,2011-11-04 12:39:00,5,1134,1260.23,252.046,226.8,10.6,Retail,3,2,2,322,Loyal Customer,Active,35.0,United Kingdom,1260.23,2010-11
18036,2009-12-18 12:04:00,2011-11-07 14:40:00,11,741,1545.49,140.4990909090909,67.36363636363636,29.0,Retail,3,3,3,333,Best Customer,Active,31.0,United Kingdom,1545.49,2009-12
18037,2009-12-01 13:48:00,2011-07-08 13:39:00,15,37,167.42,11.161333333333333,2.466666666666667,2.2,Retail,2,3,1,231,Average Customer,Churned,153.0,United Kingdom,167.42,2009-12
18038,2010-06-01 15:59:00,2010-06-01 15:59:00,1,80,141.48,141.48,80.0,25.0,Retail,1,1,1,111,At Risk / Lost Customer,Churned,555.0,United Kingdom,141.48,2010-06
18039,2010-03-09 11:19:00,2010-11-30 13:07:00,4,555,548.22,137.055,138.75,38.75,Retail,1,2,2,122,Average Customer,Churned,373.0,United Kingdom,548.22,2010-03
18040,2011-04-08 08:27:00,2011-11-20 14:20:00,2,148,357.20000000000005,178.60000000000002,74.0,9.5,Retail,3,1,1,311,Average Customer,Active,18.0,United Kingdom,357.20000000000005,2011-04
18041,2010-01-14 10:04:00,2011-11-28 11:39:00,38,7316,8018.7699999999995,211.02026315789473,192.52631578947367,21.36842105263158,Retail,3,3,3,333,Best Customer,Active,11.0,United Kingdom,8018.7699999999995,2010-01
18042,2010-06-16 10:53:00,2011-10-17 11:49:00,2,69,281.15,140.575,34.5,8.0,Retail,2,1,1,211,At Risk / Lost Customer,Active,53.0,United Kingdom,281.15,2010-06
18043,2010-12-08 12:35:00,2011-11-15 12:48:00,3,265,529.29,176.42999999999998,88.33333333333333,36.666666666666664,Retail,3,2,2,322,Loyal Customer,Active,24.0,United Kingdom,529.29,2010-12
18044,2010-05-28 15:31:00,2011-12-05 14:26:00,18,1598,3505.61,194.75611111111112,88.77777777777777,11.11111111111111,Retail,3,3,3,333,Best Customer,Active,3.0,United Kingdom,3505.61,2010-05
18045,2011-10-25 13:07:00,2011-10-25 13:07:00,1,138,178.34,178.34,138.0,43.0,Retail,2,1,1,211,At Risk / Lost Customer,Active,44.0,United Kingdom,178.34,2011-10
18046,2010-02-28 11:36:00,2010-02-28 11:36:00,1,44,189.63,189.63,44.0,26.0,Retail,1,1,1,111,At Risk / Lost Customer,Churned,649.0,United Kingdom,189.63,2010-02
18047,2010-11-23 12:57:00,2010-11-23 13:11:00,2,130,326.09,163.045,65.0,37.5,Retail,1,1,1,111,At Risk / Lost Customer,Churned,380.0,United Kingdom,326.09,2010-11
18048,2010-08-03 13:03:00,2011-05-20 14:58:00,3,256,394.93,131.64333333333335,85.33333333333333,19.333333333333332,Retail,2,2,1,221,Average Customer,Churned,202.0,United Kingdom,394.93,2010-08
18049,2010-04-28 13:24:00,2010-09-28 14:26:00,2,402,500.92,250.46,201.0,41.0,Retail,1,1,2,112,At Risk / Lost Customer,Churned,436.0,United Kingdom,500.92,2010-04
18050,2010-11-11 15:51:00,2010-12-15 14:25:00,2,250,412.06,206.03,125.0,11.5,Retail,1,1,1,111,At Risk / Lost Customer,Churned,358.0,United Kingdom,412.06,2010-11
18051,2009-12-09 12:17:00,2010-03-15 13:58:00,7,1661,2282.28,326.04,237.28571428571428,7.857142857142857,Retail,1,3,3,133,Loyal Customer,Churned,633.0,United Kingdom,2282.28,2009-12
18052,2010-05-24 11:11:00,2010-05-24 11:11:00,1,17766,10877.18,10877.18,17766.0,16.0,Wholesale,,,,,,,,,,
18053,2010-06-30 12:36:00,2011-09-30 09:05:00,3,409,571.07,190.35666666666668,136.33333333333334,10.666666666666666,Retail,2,2,2,222,Average Customer,Active,70.0,United Kingdom,571.07,2010-06
18054,2010-11-12 08:18:00,2010-11-12 08:18:00,1,96,176.5,176.5,96.0,11.0,Retail,1,1,1,111,At Risk / Lost Customer,Churned,392.0,United Kingdom,176.5,2010-11
18055,2010-10-22 13:27:00,2011-12-02 14:25:00,14,3534,10142.64,724.4742857142857,252.42857142857142,37.785714285714285,Retail,3,3,3,333,Best Customer,Active,6.0,United Kingdom,10142.64,2010-10
18056,2010-03-31 12:29:00,2011-02-24 14:27:00,2,334,554.6,277.3,167.0,15.0,Retail,1,1,2,112,At Risk / Lost Customer,Churned,287.0,United Kingdom,554.6,2010-03
18057,2010-01-18 12:42:00,2010-11-11 16:55:00,3,970,1188.46,396.15333333333336,323.3333333333333,42.0,Retail,1,2,2,122,Average Customer,Churned,392.0,United Kingdom,1188.46,2010-01
18058,2010-02-10 09:38:00,2011-11-30 08:38:00,3,394,774.06,258.02,131.33333333333334,5.333333333333333,Retail,3,2,2,322,Loyal Customer,Active,9.0,United Kingdom,774.06,2010-02
18059,2011-10-03 09:30:00,2011-11-16 16:49:00,3,263,306.46,102.15333333333332,87.66666666666667,6.333333333333333,Retail,3,2,1,321,Average Customer,Active,22.0,United Kingdom,306.46,2011-10
18060,2010-05-24 08:34:00,2010-10-27 16:41:00,2,902,1185.46,592.73,451.0,37.5,Retail,1,1,2,112,At Risk / Lost Customer,Churned,407.0,United Kingdom,1185.46,2010-05
18061,2009-12-04 11:36:00,2011-11-18 11:20:00,28,3359,6083.81,217.2789285714286,119.96428571428571,4.357142857142857,Retail,3,3,3,333,Best Customer,Active,21.0,United Kingdom,6083.81,2009-12
18062,2010-04-21 08:55:00,2011-06-19 14:47:00,6,831,1632.67,272.1116666666667,138.5,9.0,Retail,2,3,3,233,Loyal Customer,Churned,172.0,United Kingdom,1632.67,2010-04
18063,2010-03-16 13:05:00,2010-11-14 10:46:00,2,48,186.60000000000002,93.30000000000001,24.0,1.5,Retail,1,1,1,111,At Risk / Lost Customer,Churned,390.0,United Kingdom,186.60000000000002,2010-03
18064,2010-02-01 15:01:00,2011-07-29 16:39:00,11,2685,4481.83,407.4390909090909,244.0909090909091,5.7272727272727275,Retail,2,3,3,233,Loyal Customer,Active,132.0,United Kingdom,4481.83,2010-02
18065,2009-12-09 16:00:00,2011-12-04 10:30:00,29,2265,5866.63,202.29758620689657,78.10344827586206,10.689655172413794,Retail,3,3,3,333,Best Customer,Active,5.0,United Kingdom,5866.63,2009-12
18066,2010-10-20 11:42:00,2011-09-25 15:30:00,3,535,1440.4,480.1333333333334,178.33333333333334,17.666666666666668,Retail,2,2,3,223,Loyal Customer,Active,74.0,United Kingdom,1440.4,2010-10
18067,2011-10-30 15:58:00,2011-10-30 15:58:00,1,189,396.33,396.33,189.0,36.0,Retail,3,1,1,311,Average Customer,Active,39.0,United Kingdom,396.33,2011-10
18068,2011-02-23 14:50:00,2011-02-23 14:50:00,1,6,101.69999999999999,101.69999999999999,6.0,1.0,Retail,1,1,1,111,At Risk / Lost Customer,Churned,288.0,United Kingdom,101.69999999999999,2011-02
18069,2010-02-28 16:14:00,2011-11-13 16:03:00,11,3168,4464.92,405.9018181818182,288.0,86.9090909090909,Wholesale,,,,,,,,,,
18070,2010-02-08 13:28:00,2010-02-08 13:28:00,1,86,314.1,314.1,86.0,9.0,Retail,1,1,1,111,At Risk / Lost Customer,Churned,668.0,United Kingdom,314.1,2010-02
18071,2009-12-05 10:31:00,2011-03-27 11:59:00,6,690,1169.68,194.9466666666667,115.0,11.833333333333334,Retail,2,3,2,232,Loyal Customer,Churned,257.0,United Kingdom,1169.68,2009-12
18072,2011-06-07 10:44:00,2011-06-07 10:44:00,1,288,247.44,247.44,288.0,18.0,Retail,2,1,1,211,At Risk / Lost Customer,Churned,185.0,United Kingdom,247.44,2011-06
18073,2011-05-26 19:38:00,2011-08-17 14:02:00,12,3102,3859.82,321.6516666666667,258.5,5.916666666666667,Retail,2,3,3,233,Loyal Customer,Active,113.0,United Kingdom,3859.82,2011-05
18074,2010-07-22 10:31:00,2010-12-01 09:53:00,2,361,1019.44,509.72,180.5,21.5,Retail,1,1,2,112,At Risk / Lost Customer,Churned,373.0,United Kingdom,1019.44,2010-07
18075,2010-07-29 11:47:00,2011-11-16 15:21:00,20,3281,5783.29,289.1645,164.05,16.15,Retail,3,3,3,333,Best Customer,Active,22.0,United Kingdom,5783.29,2010-07
18076,2010-11-24 14:02:00,2010-11-24 14:02:00,1,164,151.49,151.49,164.0,8.0,Retail,1,1,1,111,At Risk / Lost Customer,Churned,379.0,United Kingdom,151.49,2010-11
18077,2009-12-07 11:40:00,2011-12-01 13:32:00,18,3020,4078.79,226.59944444444443,167.77777777777777,19.444444444444443,Retail,3,3,3,333,Best Customer,Active,7.0,United Kingdom,4078.79,2009-12
18078,2010-03-21 15:50:00,2011-05-06 14:32:00,4,370,725.53,181.3825,92.5,18.0,Retail,2,2,2,222,Average Customer,Churned,216.0,United Kingdom,725.53,2010-03
18079,2010-08-05 12:19:00,2011-10-25 15:27:00,5,8730,4203.93,840.7860000000001,1746.0,26.6,Wholesale,,,,,,,,,,
18080,2011-04-11 10:10:00,2011-11-21 08:02:00,2,642,1231.5,615.75,321.0,1.0,Retail,3,1,2,312,Average Customer,Active,18.0,United Kingdom,1231.5,2011-04
18081,2011-07-29 11:56:00,2011-11-03 16:30:00,3,195,343.45,114.48333333333333,65.0,5.666666666666667,Retail,3,2,1,321,Average Customer,Active,35.0,United Kingdom,343.45,2011-07
18082,2011-11-14 12:45:00,2011-11-14 12:45:00,1,608,680.84,680.84,608.0,62.0,Wholesale,,,,,,,,,,
18083,2010-11-07 11:44:00,2010-11-07 11:44:00,1,268,463.53,463.53,268.0,36.0,Retail,1,1,2,112,At Risk / Lost Customer,Churned,397.0,United Kingdom,463.53,2010-11
18084,2010-11-16 08:09:00,2011-11-23 13:57:00,3,755,795.2299999999999,265.07666666666665,251.66666666666666,2.3333333333333335,Retail,3,2,2,322,Loyal Customer,Active,15.0,United Kingdom,795.2299999999999,2010-11
18085,2010-03-21 11:57:00,2011-01-13 15:17:00,4,507,1341.8500000000001,335.46250000000003,126.75,15.5,Retail,1,2,2,122,Average Customer,Churned,329.0,United Kingdom,1341.8500000000001,2010-03
18086,2011-03-10 13:34:00,2011-03-10 13:34:00,1,106,101.34,101.34,106.0,7.0,Retail,1,1,1,111,At Risk / Lost Customer,Churned,273.0,United Kingdom,101.34,2011-03
18087,2009-12-01 09:43:00,2011-09-02 15:12:00,17,7775,14761.519999999999,868.3247058823529,457.3529411764706,5.176470588235294,Retail,2,3,3,233,Loyal Customer,Active,97.0,United Kingdom,14761.519999999999,2009-12
18088,2011-10-09 13:41:00,2011-10-09 13:41:00,1,107,166.03,166.03,107.0,35.0,Retail,2,1,1,211,At Risk / Lost Customer,Active,60.0,United Kingdom,166.03,2011-10
18089,2010-09-19 11:57:00,2010-09-19 11:57:00,1,95,428.45,428.45,95.0,9.0,Retail,1,1,2,112,At Risk / Lost Customer,Churned,446.0,United Kingdom,428.45,2010-09
18090,2010-10-14 12:32:00,2010-10-14 12:32:00,1,307,321.9,321.9,307.0,47.0,Retail,1,1,1,111,At Risk / Lost Customer,Churned,421.0,United Kingdom,321.9,2010-10
18091,2010-04-25 13:18:00,2010-04-25 13:18:00,1,539,360.85,360.85,539.0,25.0,Wholesale,,,,,,,,,,
18092,2009-12-04 12:37:00,2011-12-07 13:14:00,18,8298,14693.72,816.3177777777778,461.0,7.777777777777778,Retail,3,3,3,333,Best Customer,Active,1.0,United Kingdom,14693.72,2009-12
18093,2010-03-31 10:27:00,2011-09-07 15:43:00,8,3429,4452.71,556.58875,428.625,7.625,Retail,2,3,3,233,Loyal Customer,Active,92.0,United Kingdom,4452.71,2010-03
18094,2010-01-07 11:16:00,2011-09-19 09:28:00,13,4164,6391.52,491.65538461538466,320.3076923076923,9.692307692307692,Retail,2,3,3,233,Loyal Customer,Active,81.0,United Kingdom,6391.52,2010-01
18095,2010-04-19 14:09:00,2011-01-31 12:50:00,5,1623,2303.09,460.61800000000005,324.6,9.6,Retail,1,2,3,123,Average Customer,Churned,312.0,United Kingdom,2303.09,2010-04
18096,2010-07-14 14:30:00,2011-11-28 12:44:00,6,1409,1657.87,276.31166666666667,234.83333333333334,58.0,Wholesale,,,,,,,,,,
18097,2009-12-17 11:06:00,2011-12-02 11:16:00,11,2716,4627.92,420.72,246.9090909090909,14.181818181818182,Retail,3,3,3,333,Best Customer,Active,7.0,United Kingdom,4627.92,2009-12
18098,2010-11-08 16:31:00,2010-11-08 16:31:00,1,215,527.94,527.94,215.0,85.0,Wholesale,,,,,,,,,,
18099,2011-08-04 15:52:00,2011-08-04 15:52:00,1,149,168.31,168.31,149.0,19.0,Retail,2,1,1,211,At Risk / Lost Customer,Active,126.0,United Kingdom,168.31,2011-08
18100,2010-06-07 14:19:00,2010-06-07 14:19:00,1,440,451.56,451.56,440.0,30.0,Retail,1,1,2,112,At Risk / Lost Customer,Churned,549.0,United Kingdom,451.56,2010-06
18101,2010-02-03 13:52:00,2011-11-28 13:37:00,5,247,622.01,124.402,49.4,21.2,Retail,3,2,2,322,Loyal Customer,Active,10.0,United Kingdom,622.01,2010-02
18102,2009-12-01 09:24:00,2011-12-09 11:50:00,145,181645,580987.04,4006.8071724137935,1252.7241379310344,7.172413793103448,Wholesale,,,,,,,,,,
18103,2010-06-08 13:36:00,2010-06-08 13:36:00,1,23,105.8,105.8,23.0,10.0,Retail,1,1,1,111,At Risk / Lost Customer,Churned,548.0,United Kingdom,105.8,2010-06
18104,2011-11-02 14:07:00,2011-11-02 14:07:00,1,362,754.64,754.64,362.0,38.0,Retail,3,1,2,312,Average Customer,Active,36.0,United Kingdom,754.64,2011-11
18105,2011-11-02 12:04:00,2011-11-02 12:04:00,1,46,113.48000000000002,113.48000000000002,46.0,18.0,Retail,3,1,1,311,Average Customer,Active,37.0,United Kingdom,113.48000000000002,2011-11
18106,2010-01-15 11:36:00,2011-01-14 12:23:00,6,506,1441.06,240.17666666666665,84.33333333333333,31.0,Retail,1,3,3,133,Loyal Customer,Churned,329.0,United Kingdom,1441.06,2010-01
18107,2010-09-23 13:03:00,2010-09-23 13:03:00,1,65,165.88,165.88,65.0,38.0,Retail,1,1,1,111,At Risk / Lost Customer,Churned,441.0,United Kingdom,165.88,2010-09
18108,2009-12-02 12:47:00,2011-03-30 13:56:00,3,261,848.8100000000001,282.93666666666667,87.0,15.666666666666666,Retail,2,2,2,222,Average Customer,Churned,253.0,United Kingdom,848.8100000000001,2009-12
18109,2010-07-01 12:13:00,2011-12-08 11:36:00,38,4822,9555.71,251.46605263157892,126.89473684210526,16.92105263157895,Retail,3,3,3,333,Best Customer,Active,1.0,United Kingdom,9555.71,2010-07
18110,2010-10-24 14:21:00,2011-11-20 12:34:00,2,169,392.28000000000003,196.14000000000001,84.5,31.0,Retail,3,1,1,311,Average Customer,Active,19.0,United Kingdom,392.28000000000003,2010-10
18111,2010-04-29 12:58:00,2010-04-29 12:58:00,1,232,405.85,405.85,232.0,27.0,Retail,1,1,1,111,At Risk / Lost Customer,Churned,588.0,United Kingdom,405.85,2010-04
18112,2010-06-06 12:40:00,2011-11-27 14:43:00,4,443,773.36,193.34,110.75,15.25,Retail,3,2,2,322,Loyal Customer,Active,11.0,United Kingdom,773.36,2010-06
18113,2010-12-06 12:31:00,2010-12-06 12:31:00,1,72,76.32000000000001,76.32000000000001,72.0,1.0,Retail,1,1,1,111,At Risk / Lost Customer,Churned,368.0,United Kingdom,76.32000000000001,2010-12
18114,2011-02-22 13:20:00,2011-02-22 13:20:00,1,55,220.1,220.1,55.0,28.0,Retail,1,1,1,111,At Risk / Lost Customer,Churned,289.0,United Kingdom,220.1,2011-02
18115,2010-01-11 11:57:00,2010-01-11 11:57:00,1,3,9.700000000000001,9.700000000000001,3.0,3.0,Retail,1,1,1,111,At Risk / Lost Customer,Churned,697.0,United Kingdom,9.700000000000001,2010-01
18116,2010-10-24 15:29:00,2011-10-03 11:00:00,13,1267,2134.4900000000002,164.19153846153847,97.46153846153847,43.07692307692308,Retail,2,3,3,233,Loyal Customer,Active,67.0,United Kingdom,2134.4900000000002,2010-10
18117,2011-11-14 12:47:00,2011-11-14 12:47:00,1,605,315.65,315.65,605.0,68.0,Wholesale,,,,,,,,,,
18118,2010-11-23 13:36:00,2011-11-29 11:32:00,29,3184,6221.02,214.51793103448279,109.79310344827586,48.827586206896555,Retail,3,3,3,333,Best Customer,Active,10.0,United Kingdom,6221.02,2010-11
18119,2010-12-07 11:59:00,2010-12-07 11:59:00,1,124,180.7,180.7,124.0,29.0,Retail,1,1,1,111,At Risk / Lost Customer,Churned,367.0,United Kingdom,180.7,2010-12
18120,2011-05-09 13:45:00,2011-05-09 13:45:00,1,31,111.15,111.15,31.0,17.0,Retail,2,1,1,211,At Risk / Lost Customer,Churned,213.0,United Kingdom,111.15,2011-05
18121,2011-07-08 12:14:00,2011-07-13 12:53:00,2,438,653.3,326.65,219.0,15.0,Retail,2,1,2,212,Average Customer,Churned,148.0,United Kingdom,653.3,2011-07
18122,2011-07-12 11:37:00,2011-12-01 13:08:00,6,1225,1793.06,298.8433333333333,204.16666666666666,56.666666666666664,Wholesale,,,,,,,,,,
18123,2010-07-14 12:47:00,2011-11-15 14:23:00,3,616,666.64,222.21333333333334,205.33333333333334,18.666666666666668,Retail,3,2,2,322,Loyal Customer,Active,23.0,United Kingdom,666.64,2010-07
18124,2010-08-24 17:21:00,2010-08-24 17:21:00,1,47,102.65,102.65,47.0,20.0,Retail,1,1,1,111,At Risk / Lost Customer,Churned,471.0,United Kingdom,102.65,2010-08
18125,2011-01-27 15:02:00,2011-11-10 12:29:00,4,800,1131.75,282.9375,200.0,46.75,Retail,3,2,2,322,Loyal Customer,Active,29.0,United Kingdom,1131.75,2011-01
18126,2011-10-10 12:19:00,2011-10-10 12:19:00,1,135,200.92000000000002,200.92000000000002,135.0,52.0,Retail,2,1,1,211,At Risk / Lost Customer,Active,60.0,United Kingdom,200.92000000000002,2011-10
18127,2010-11-01 13:56:00,2011-11-20 14:05:00,4,250,556.13,139.0325,62.5,16.0,Retail,3,2,2,322,Loyal Customer,Active,18.0,United Kingdom,556.13,2010-11
18128,2010-06-20 13:19:00,2010-06-20 13:19:00,1,216,399.29,399.29,216.0,42.0,Retail,1,1,1,111,At Risk / Lost Customer,Churned,536.0,United Kingdom,399.29,2010-06
18129,2011-04-10 14:16:00,2011-04-10 14:16:00,1,48,112.55000000000001,112.55000000000001,48.0,13.0,Retail,2,1,1,211,At Risk / Lost Customer,Churned,242.0,United Kingdom,112.55000000000001,2011-04
18130,2011-10-13 15:58:00,2011-11-24 14:40:00,3,824,1059.39,353.13000000000005,274.6666666666667,23.333333333333332,Retail,3,2,2,322,Loyal Customer,Active,14.0,United Kingdom,1059.39,2011-10
18131,2010-03-18 08:48:00,2010-03-18 08:48:00,1,552,222.95999999999998,222.95999999999998,552.0,4.0,Wholesale,,,,,,,,,,
18132,2010-07-23 16:54:00,2010-07-23 16:54:00,1,212,220.13,220.13,212.0,60.0,Wholesale,,,,,,,,,,
18133,2011-05-11 14:14:00,2011-05-11 14:14:00,1,1350,931.4999999999999,931.4999999999999,1350.0,1.0,Wholesale,,,,,,,,,,
18134,2010-01-14 11:59:00,2010-04-20 14:02:00,2,128,445.0,222.5,64.0,14.0,Retail,1,1,2,112,At Risk / Lost Customer,Churned,597.0,United Kingdom,445.0,2010-01
18135,2010-03-15 13:55:00,2011-11-10 19:32:00,10,753,1249.6200000000001,124.96200000000002,75.3,3.6,Retail,3,3,2,332,Loyal Customer,Active,28.0,United Kingdom,1249.6200000000001,2010-03
18136,2010-09-14 15:50:00,2011-10-07 15:40:00,5,860,1631.3600000000001,326.27200000000005,172.0,17.6,Retail,2,2,3,223,Loyal Customer,Active,62.0,United Kingdom,1631.3600000000001,2010-09
18137,2010-06-06 13:45:00,2010-06-06 14:18:00,2,59,145.99,72.995,29.5,13.5,Retail,1,1,1,111,At Risk / Lost Customer,Churned,550.0,United Kingdom,145.99,2010-06
18138,2011-02-17 14:51:00,2011-02-17 14:51:00,1,38,152.65,152.65,38.0,8.0,Retail,1,1,1,111,At Risk / Lost Customer,Churned,294.0,United Kingdom,152.65,2011-02
18139,2011-11-21 14:06:00,2011-11-22 10:44:00,6,5557,8438.34,1406.39,926.1666666666666,26.5,Wholesale,,,,,,,,,,
18140,2010-08-23 11:58:00,2010-08-23 11:58:00,1,395,536.41,536.41,395.0,49.0,Retail,1,1,2,112,At Risk / Lost Customer,Churned,473.0,West Indies,536.41,2010-08
18141,2010-04-29 15:32:00,2010-11-03 11:44:00,2,433,882.47,441.235,216.5,21.0,Retail,1,1,2,112,At Risk / Lost Customer,Churned,401.0,United Kingdom,882.47,2010-04
18142,2011-05-08 12:31:00,2011-07-05 13:19:00,2,1276,1019.52,509.76,638.0,7.5,Wholesale,,,,,,,,,,
18143,2011-07-21 10:44:00,2011-08-15 12:07:00,2,570,1000.16,500.08,285.0,30.5,Retail,2,1,2,212,Average Customer,Active,116.0,United Kingdom,1000.16,2011-07
18144,2009-12-16 15:57:00,2011-12-02 12:46:00,19,2144,4892.95,257.5236842105263,112.84210526315789,4.421052631578948,Retail,3,3,3,333,Best Customer,Active,7.0,United Kingdom,4892.95,2009-12
18145,2009-12-08 12:30:00,2011-11-27 11:22:00,11,5104,5609.74,509.9763636363636,464.0,36.18181818181818,Retail,3,3,3,333,Best Customer,Active,12.0,United Kingdom,5609.74,2009-12
18146,2011-05-03 16:35:00,2011-07-22 12:08:00,2,153,160.35000000000002,80.17500000000001,76.5,5.0,Retail,2,1,1,211,At Risk / Lost Customer,Churned,140.0,United Kingdom,160.35000000000002,2011-05
18147,2011-08-23 12:22:00,2011-10-25 11:46:00,2,203,179.33999999999997,89.66999999999999,101.5,3.5,Retail,2,1,1,211,At Risk / Lost Customer,Active,45.0,United Kingdom,179.33999999999997,2011-08
18148,2010-03-03 11:40:00,2010-03-03 11:40:00,1,63,112.85000000000001,112.85000000000001,63.0,9.0,Retail,1,1,1,111,At Risk / Lost Customer,Churned,646.0,United Kingdom,112.85000000000001,2010-03
18149,2010-03-14 12:41:00,2011-10-20 12:04:00,7,869,1553.96,221.99428571428572,124.14285714285714,12.571428571428571,Retail,2,3,3,233,Loyal Customer,Active,50.0,United Kingdom,1553.96,2010-03
18150,2011-05-22 10:47:00,2011-11-07 16:49:00,3,332,566.58,188.86,110.66666666666667,12.333333333333334,Retail,3,2,2,322,Loyal Customer,Active,31.0,United Kingdom,566.58,2011-05
18151,2010-03-04 10:47:00,2011-07-28 11:35:00,6,986,1879.44,313.24,164.33333333333334,17.666666666666668,Retail,2,3,3,233,Loyal Customer,Active,134.0,United Kingdom,1879.44,2010-03
18152,2010-03-03 15:26:00,2010-03-03 15:26:00,1,75,426.69,426.69,75.0,10.0,Retail,1,1,2,112,At Risk / Lost Customer,Churned,645.0,United Kingdom,426.69,2010-03
18153,2010-02-18 15:50:00,2010-02-18 15:50:00,1,200,246.22,246.22,200.0,17.0,Retail,1,1,1,111,At Risk / Lost Customer,Churned,658.0,United Kingdom,246.22,2010-02
18154,2010-08-06 09:18:00,2011-12-06 16:41:00,5,626,932.6,186.52,125.2,9.4,Retail,3,2,2,322,Loyal Customer,Active,2.0,United Kingdom,932.6,2010-08
18155,2011-02-21 10:36:00,2011-09-25 13:32:00,3,266,371.62,123.87333333333333,88.66666666666667,8.333333333333334,Retail,2,2,1,221,Average Customer,Active,74.0,United Kingdom,371.62,2011-02
18156,2010-12-05 12:29:00,2011-11-27 12:24:00,2,283,675.64,337.82,141.5,59.0,Wholesale,,,,,,,,,,
18157,2010-05-17 14:09:00,2010-05-17 14:09:00,1,145,213.9,213.9,145.0,25.0,Retail,1,1,1,111,At Risk / Lost Customer,Churned,570.0,United Kingdom,213.9,2010-05
18158,2011-09-12 09:03:00,2011-11-30 16:19:00,2,354,453.4,226.7,177.0,17.0,Retail,3,1,2,312,Average Customer,Active,8.0,United Kingdom,453.4,2011-09
18159,2011-02-11 14:26:00,2011-02-11 14:26:00,1,139,530.15,530.15,139.0,23.0,Retail,1,1,2,112,At Risk / Lost Customer,Churned,300.0,United Kingdom,530.15,2011-02
18160,2010-11-18 16:33:00,2011-10-13 15:50:00,3,519,1003.88,334.62666666666667,173.0,21.666666666666668,Retail,2,2,2,222,Average Customer,Active,56.0,United Kingdom,1003.88,2010-11
18161,2010-11-25 15:55:00,2011-11-24 16:40:00,6,965,1803.1000000000001,300.5166666666667,160.83333333333334,15.5,Retail,3,3,3,333,Best Customer,Active,14.0,United Kingdom,1803.1000000000001,2010-11
18162,2009-12-07 13:24:00,2009-12-07 13:24:00,1,332,371.51,371.51,332.0,45.0,Retail,1,1,1,111,At Risk / Lost Customer,Churned,731.0,United Kingdom,371.51,2009-12
18163,2010-05-04 14:51:00,2010-05-04 14:51:00,1,452,728.84,728.84,452.0,33.0,Retail,1,1,2,112,At Risk / Lost Customer,Churned,583.0,United Kingdom,728.84,2010-05
18164,2011-11-02 12:56:00,2011-11-02 12:56:00,1,184,399.65000000000003,399.65000000000003,184.0,24.0,Retail,3,1,1,311,Average Customer,Active,36.0,United Kingdom,399.65000000000003,2011-11
18165,2011-06-15 13:23:00,2011-06-15 13:23:00,1,254,302.46000000000004,302.46000000000004,254.0,10.0,Retail,2,1,1,211,At Risk / Lost Customer,Churned,176.0,United Kingdom,302.46000000000004,2011-06
18166,2010-03-26 12:26:00,2010-03-26 12:26:00,1,90,175.5,175.5,90.0,10.0,Retail,1,1,1,111,At Risk / Lost Customer,Churned,623.0,United Kingdom,175.5,2010-03
18167,2011-08-26 11:40:00,2011-11-16 15:56:00,3,382,1384.8600000000001,461.62000000000006,127.33333333333333,12.333333333333334,Retail,3,2,2,322,Loyal Customer,Active,22.0,United Kingdom,1384.8600000000001,2011-08
18168,2009-12-03 17:29:00,2011-06-16 19:21:00,16,1995,3435.5,214.71875,124.6875,22.1875,Retail,2,3,3,233,Loyal Customer,Churned,175.0,United Kingdom,3435.5,2009-12
18169,2011-10-10 12:18:00,2011-10-10 12:18:00,1,61,202.65,202.65,61.0,9.0,Retail,2,1,1,211,At Risk / Lost Customer,Active,60.0,United Kingdom,202.65,2011-10
18170,2010-01-08 14:10:00,2011-11-06 14:35:00,9,1184,2878.0,319.77777777777777,131.55555555555554,14.0,Retail,3,3,3,333,Best Customer,Active,32.0,United Kingdom,2878.0,2010-01
18171,2010-01-05 10:46:00,2011-10-12 09:13:00,9,991,2437.31,270.8122222222222,110.11111111111111,10.222222222222221,Retail,2,3,3,233,Loyal Customer,Active,58.0,United Kingdom,2437.31,2010-01
18172,2009-12-11 09:58:00,2011-11-25 11:12:00,52,7407,17467.24,335.90846153846155,142.44230769230768,9.134615384615385,Retail,3,3,3,333,Best Customer,Active,14.0,United Kingdom,17467.24,2009-12
18173,2010-04-06 10:43:00,2011-09-14 11:26:00,5,1730,2696.36,539.272,346.0,9.0,Retail,2,2,3,223,Loyal Customer,Active,86.0,United Kingdom,2696.36,2010-04
18174,2010-04-15 12:17:00,2011-12-02 16:56:00,2,80,162.5,81.25,40.0,1.0,Retail,3,1,1,311,Average Customer,Active,6.0,United Kingdom,162.5,2010-04
18175,2010-02-02 10:25:00,2010-02-02 10:25:00,1,70,176.1,176.1,70.0,7.0,Retail,1,1,1,111,At Risk / Lost Customer,Churned,675.0,United Kingdom,176.1,2010-02
18176,2010-12-16 15:45:00,2010-12-16 15:45:00,1,283,476.35,476.35,283.0,30.0,Retail,1,1,2,112,At Risk / Lost Customer,Churned,357.0,United Kingdom,476.35,2010-12
18177,2009-12-15 18:57:00,2011-11-08 14:44:00,9,1238,2216.32,246.2577777777778,137.55555555555554,11.0,Retail,3,3,3,333,Best Customer,Active,30.0,United Kingdom,2216.32,2009-12
18178,2010-02-18 14:25:00,2011-08-03 09:30:00,11,3850,6103.74,554.8854545454545,350.0,31.818181818181817,Retail,2,3,3,233,Loyal Customer,Active,128.0,United Kingdom,6103.74,2010-02
18179,2010-02-14 15:51:00,2011-11-30 16:23:00,8,1811,2547.55,318.44375,226.375,13.625,Retail,3,3,3,333,Best Customer,Active,8.0,United Kingdom,2547.55,2010-02
18180,2011-07-20 08:59:00,2011-12-05 08:39:00,6,1721,1843.75,307.2916666666667,286.8333333333333,19.833333333333332,Retail,3,3,3,333,Best Customer,Active,4.0,United Kingdom,1843.75,2011-07
18181,2009-12-04 15:30:00,2011-11-15 15:08:00,5,510,1188.34,237.66799999999998,102.0,35.2,Retail,3,2,2,322,Loyal Customer,Active,23.0,United Kingdom,1188.34,2009-12
18182,2010-09-02 14:25:00,2010-09-02 14:25:00,1,167,291.13,291.13,167.0,10.0,Retail,1,1,1,111,At Risk / Lost Customer,Churned,462.0,United Kingdom,291.13,2010-09
18183,2011-03-10 10:08:00,2011-04-26 15:26:00,2,371,632.07,316.035,185.5,18.5,Retail,2,1,2,212,Average Customer,Churned,226.0,United Kingdom,632.07,2011-03
18184,2011-11-24 15:28:00,2011-11-24 15:28:00,1,60,49.8,49.8,60.0,1.0,Retail,3,1,1,311,Average Customer,Active,14.0,United Kingdom,49.8,2011-11
18185,2011-04-04 13:42:00,2011-04-04 13:42:00,1,183,304.25,304.25,183.0,17.0,Retail,2,1,1,211,At Risk / Lost Customer,Churned,248.0,United Kingdom,304.25,2011-04
18186,2009-12-17 10:22:00,2009-12-17 10:22:00,1,338,329.58,329.58,338.0,11.0,Retail,1,1,1,111,At Risk / Lost Customer,Churned,722.0,United Kingdom,329.58,2009-12
18187,2010-03-18 09:49:00,2010-03-18 09:49:00,1,310,724.89,724.89,310.0,48.0,Retail,1,1,2,112,At Risk / Lost Customer,Churned,631.0,United Kingdom,724.89,2010-03
18188,2010-03-26 11:37:00,2011-11-24 16:46:00,6,1888,3280.59,546.765,314.6666666666667,22.166666666666668,Retail,3,3,3,333,Best Customer,Active,14.0,United Kingdom,3280.59,2010-03
18189,2010-03-24 09:57:00,2011-09-23 12:40:00,3,836,1403.73,467.91,278.6666666666667,28.666666666666668,Retail,2,2,2,222,Average Customer,Active,77.0,United Kingdom,1403.73,2010-03
18190,2009-12-22 12:05:00,2011-05-31 14:48:00,5,490,745.62,149.124,98.0,8.4,Retail,2,2,2,222,Average Customer,Churned,191.0,United Kingdom,745.62,2009-12
18191,2010-08-19 17:42:00,2011-03-23 12:08:00,2,332,529.4,264.7,166.0,7.5,Retail,2,1,2,212,Average Customer,Churned,261.0,United Kingdom,529.4,2010-08
18192,2011-09-29 09:53:00,2011-09-29 09:53:00,1,339,957.97,957.97,339.0,45.0,Retail,2,1,2,212,Average Customer,Active,71.0,United Kingdom,957.97,2011-09
18193,2010-09-23 13:33:00,2011-06-27 13:58:00,3,926,1207.35,402.45,308.6666666666667,23.333333333333332,Retail,2,2,2,222,Average Customer,Churned,164.0,United Kingdom,1207.35,2010-09
18194,2010-01-28 15:30:00,2011-09-18 13:29:00,6,1774,4162.04,693.6733333333333,295.6666666666667,4.666666666666667,Retail,2,3,3,233,Loyal Customer,Active,81.0,United Kingdom,4162.04,2010-01
18195,2010-11-17 15:03:00,2010-11-17 15:03:00,1,60,101.16,101.16,60.0,5.0,Retail,1,1,1,111,At Risk / Lost Customer,Churned,386.0,United Kingdom,101.16,2010-11
18196,2010-03-17 14:55:00,2011-09-05 16:22:00,4,1038,1457.19,364.2975,259.5,67.5,Wholesale,,,,,,,,,,
18197,2010-05-13 10:46:00,2010-05-13 10:46:00,1,166,230.1,230.1,166.0,9.0,Retail,1,1,1,111,At Risk / Lost Customer,Churned,575.0,United Kingdom,230.1,2010-05
18198,2011-01-07 13:39:00,2011-12-05 14:49:00,17,4074,5425.56,319.15058823529415,239.64705882352942,9.294117647058824,Retail,3,3,3,333,Best Customer,Active,3.0,United Kingdom,5425.56,2011-01
18199,2010-01-25 11:32:00,2010-01-25 11:32:00,1,99,344.75,344.75,99.0,20.0,Retail,1,1,1,111,At Risk / Lost Customer,Churned,683.0,United Kingdom,344.75,2010-01
18200,2011-08-25 18:45:00,2011-08-25 18:45:00,1,104,150.35,150.35,104.0,29.0,Retail,2,1,1,211,At Risk / Lost Customer,Active,105.0,United Kingdom,150.35,2011-08
18201,2009-12-17 08:55:00,2009-12-17 08:55:00,1,191,447.53000000000003,447.53000000000003,191.0,27.0,Retail,1,1,2,112,At Risk / Lost Customer,Churned,722.0,United Kingdom,447.53000000000003,2009-12
18202,2011-02-01 13:36:00,2011-05-24 12:12:00,3,581,1396.99,465.66333333333336,193.66666666666666,22.666666666666668,Retail,2,2,2,222,Average Customer,Churned,199.0,United Kingdom,1396.99,2011-02
18203,2009-12-08 13:19:00,2011-07-05 13:07:00,4,111,492.52,123.13,27.75,14.75,Retail,2,2,2,222,Average Customer,Churned,156.0,United Kingdom,492.52,2009-12
18204,2011-05-31 15:26:00,2011-09-29 16:44:00,3,1190,1975.35,658.4499999999999,396.6666666666667,62.0,Wholesale,,,,,,,,,,
18205,2011-09-26 12:02:00,2011-11-03 13:22:00,2,192,517.36,258.68,96.0,16.0,Retail,3,1,2,312,Average Customer,Active,35.0,United Kingdom,517.36,2011-09
18206,2010-06-04 13:47:00,2010-06-04 13:47:00,1,246,314.65999999999997,314.65999999999997,246.0,19.0,Retail,1,1,1,111,At Risk / Lost Customer,Churned,552.0,United Kingdom,314.65999999999997,2010-06
18207,2010-07-28 14:26:00,2010-07-28 14:26:00,1,325,544.47,544.47,325.0,31.0,Retail,1,1,2,112,At Risk / Lost Customer,Churned,498.0,United Kingdom,544.47,2010-07
18208,2010-05-23 11:54:00,2010-05-23 11:54:00,1,82,360.08,360.08,82.0,17.0,Retail,1,1,1,111,At Risk / Lost Customer,Churned,565.0,United Kingdom,360.08,2010-05
18209,2011-11-11 12:07:00,2011-11-11 12:07:00,1,58,139.10000000000002,139.10000000000002,58.0,8.0,Retail,3,1,1,311,Average Customer,Active,28.0,United Kingdom,139.10000000000002,2011-11
18210,2010-11-22 09:39:00,2011-12-08 11:02:00,7,1499,2768.83,395.54714285714283,214.14285714285714,20.571428571428573,Retail,3,3,3,333,Best Customer,Active,1.0,United Kingdom,2768.83,2010-11
18211,2011-03-06 12:09:00,2011-11-14 08:10:00,5,359,600.07,120.01400000000001,71.8,8.4,Retail,3,2,2,322,Loyal Customer,Active,25.0,United Kingdom,600.07,2011-03
18212,2010-01-31 14:42:00,2011-01-17 16:14:00,2,158,514.37,257.185,79.0,21.0,Retail,1,1,2,112,At Risk / Lost Customer,Churned,325.0,United Kingdom,514.37,2010-01
18213,2011-04-17 10:21:00,2011-04-17 10:21:00,1,232,232.48000000000002,232.48000000000002,232.0,15.0,Retail,2,1,1,211,At Risk / Lost Customer,Churned,236.0,United Kingdom,232.48000000000002,2011-04
18214,2010-06-03 19:47:00,2010-06-27 11:21:00,4,989,1780.34,445.085,247.25,13.5,Retail,1,2,3,123,Average Customer,Churned,530.0,United Kingdom,1780.34,2010-06
18215,2010-03-26 13:03:00,2011-09-11 16:05:00,5,1131,2232.4900000000002,446.49800000000005,226.2,17.8,Retail,2,2,3,223,Loyal Customer,Active,88.0,United Kingdom,2232.4900000000002,2010-03
18216,2011-11-08 16:55:00,2011-11-08 16:55:00,1,200,481.75,481.75,200.0,26.0,Retail,3,1,2,312,Average Customer,Active,30.0,United Kingdom,481.75,2011-11
18217,2010-07-01 15:39:00,2011-11-10 13:18:00,4,740,945.04,236.26,185.0,10.0,Retail,3,2,2,322,Loyal Customer,Active,28.0,United Kingdom,945.04,2010-07
18218,2010-02-17 15:11:00,2011-05-12 12:53:00,4,1028,1121.84,280.46,257.0,9.5,Retail,2,2,2,222,Average Customer,Churned,210.0,United Kingdom,1121.84,2010-02
18219,2009-12-07 13:17:00,2011-12-07 11:43:00,17,1586,3352.7000000000003,197.21764705882356,93.29411764705883,11.176470588235293,Retail,3,3,3,333,Best Customer,Active,2.0,United Kingdom,3352.7000000000003,2009-12
18220,2009-12-15 11:42:00,2011-04-27 09:03:00,6,1352,1921.76,320.29333333333335,225.33333333333334,4.166666666666667,Retail,2,3,3,233,Loyal Customer,Churned,226.0,United Kingdom,1921.76,2009-12
18221,2010-11-14 15:46:00,2011-11-17 14:40:00,6,1000,1424.94,237.49,166.66666666666666,14.0,Retail,3,3,3,333,Best Customer,Active,21.0,United Kingdom,1424.94,2010-11
18222,2011-09-08 10:45:00,2011-09-08 10:45:00,1,335,443.0,443.0,335.0,19.0,Retail,2,1,2,212,Average Customer,Active,92.0,United Kingdom,443.0,2011-09
18223,2009-12-04 12:20:00,2011-12-05 09:11:00,26,6644,14000.85,538.4942307692307,255.53846153846155,22.153846153846153,Retail,3,3,3,333,Best Customer,Active,4.0,United Kingdom,14000.85,2009-12
18224,2011-03-21 10:30:00,2011-03-21 10:30:00,1,69,158.95000000000002,158.95000000000002,69.0,10.0,Retail,2,1,1,211,At Risk / Lost Customer,Churned,263.0,United Kingdom,158.95000000000002,2011-03
18225,2009-12-04 16:52:00,2011-12-06 13:27:00,26,7282,13014.8,500.5692307692307,280.0769230769231,21.692307692307693,Retail,3,3,3,333,Best Customer,Active,2.0,United Kingdom,13014.8,2009-12
18226,2010-03-05 10:05:00,2011-10-26 13:36:00,26,7883,11878.88,456.88,303.1923076923077,20.307692307692307,Retail,2,3,3,233,Loyal Customer,Active,43.0,United Kingdom,11878.88,2010-03
18227,2010-08-12 16:45:00,2011-05-06 12:23:00,2,22,388.75,194.375,11.0,3.0,Retail,2,1,1,211,At Risk / Lost Customer,Churned,217.0,United Kingdom,388.75,2010-08
18228,2011-09-21 10:48:00,2011-10-14 09:21:00,2,238,779.9,389.95,119.0,15.0,Retail,2,1,2,212,Average Customer,Active,56.0,United Kingdom,779.9,2011-09
18229,2009-12-03 14:42:00,2011-11-28 09:48:00,28,3071,10150.51,362.5182142857143,109.67857142857143,7.178571428571429,Retail,3,3,3,333,Best Customer,Active,11.0,United Kingdom,10150.51,2009-12
18230,2010-07-02 10:01:00,2011-11-30 13:22:00,9,1996,4291.06,476.7844444444445,221.77777777777777,15.555555555555555,Retail,3,3,3,333,Best Customer,Active,8.0,United Kingdom,4291.06,2010-07
18231,2010-01-10 12:13:00,2011-05-31 14:18:00,28,2915,6854.17,244.7917857142857,104.10714285714286,13.357142857142858,Retail,2,3,3,233,Loyal Customer,Churned,191.0,United Kingdom,6854.17,2010-01
18232,2011-05-26 16:30:00,2011-09-19 11:49:00,4,302,592.97,148.2425,75.5,9.25,Retail,2,2,2,222,Average Customer,Active,81.0,United Kingdom,592.97,2011-05
18233,2011-01-18 08:44:00,2011-01-18 08:44:00,1,4,440.0,440.0,4.0,1.0,Retail,1,1,2,112,At Risk / Lost Customer,Churned,325.0,United Kingdom,440.0,2011-01
18234,2010-06-06 11:22:00,2010-06-06 11:22:00,1,80,179.6,179.6,80.0,30.0,Retail,1,1,1,111,At Risk / Lost Customer,Churned,551.0,United Kingdom,179.6,2010-06
18235,2011-05-06 13:35:00,2011-09-29 08:27:00,3,1578,1796.48,598.8266666666667,526.0,34.666666666666664,Wholesale,,,,,,,,,,
18236,2010-04-15 13:39:00,2011-11-10 08:06:00,12,696,1795.3500000000001,149.6125,58.0,8.166666666666666,Retail,3,3,3,333,Best Customer,Active,29.0,United Kingdom,1795.3500000000001,2010-04
18237,2011-07-28 13:05:00,2011-12-07 12:49:00,5,622,987.1,197.42000000000002,124.4,12.2,Retail,3,2,2,322,Loyal Customer,Active,2.0,United Kingdom,987.1,2011-07
18238,2010-07-12 12:51:00,2010-07-12 12:51:00,1,114,270.92,270.92,114.0,14.0,Retail,1,1,1,111,At Risk / Lost Customer,Churned,514.0,United Kingdom,270.92,2010-07
18239,2010-10-13 10:11:00,2011-05-05 12:38:00,6,844,1712.26,285.37666666666667,140.66666666666666,16.0,Retail,2,3,3,233,Loyal Customer,Churned,218.0,United Kingdom,1712.26,2010-10
18240,2011-10-24 13:06:00,2011-10-24 13:06:00,1,126,422.58,422.58,126.0,6.0,Retail,2,1,1,211,At Risk / Lost Customer,Active,45.0,United Kingdom,422.58,2011-10
18241,2010-04-01 11:55:00,2011-11-30 12:10:00,21,1471,2986.9900000000002,142.23761904761906,70.04761904761905,7.571428571428571,Retail,3,3,3,333,Best Customer,Active,9.0,United Kingdom,2986.9900000000002,2010-04
18242,2010-01-11 08:49:00,2011-09-28 13:43:00,8,2021,3605.21,450.65125,252.625,17.5,Retail,2,3,3,233,Loyal Customer,Active,71.0,United Kingdom,3605.21,2010-01
18243,2010-10-21 14:29:00,2010-10-21 14:29:00,1,221,515.78,515.78,221.0,26.0,Retail,1,1,2,112,At Risk / Lost Customer,Churned,413.0,United Kingdom,515.78,2010-10
18244,2010-07-25 10:30:00,2010-10-05 11:15:00,2,856,568.64,284.32,428.0,9.5,Retail,1,1,2,112,At Risk / Lost Customer,Churned,430.0,United Kingdom,568.64,2010-07
18245,2010-03-08 15:26:00,2011-12-02 14:48:00,20,5098,6324.9800000000005,316.249,254.9,22.9,Retail,3,3,3,333,Best Customer,Active,6.0,United Kingdom,6324.9800000000005,2010-03
18246,2010-04-09 10:19:00,2011-11-16 11:49:00,3,214,758.8199999999999,252.93999999999997,71.33333333333333,1.6666666666666667,Retail,3,2,2,322,Loyal Customer,Active,23.0,United Kingdom,758.8199999999999,2010-04
18247,2010-03-18 15:52:00,2010-10-21 09:49:00,3,335,839.73,279.91,111.66666666666667,12.333333333333334,Retail,1,2,2,122,Average Customer,Churned,414.0,United Kingdom,839.73,2010-03
18248,2011-06-06 13:18:00,2011-08-09 10:19:00,2,511,804.02,402.01,255.5,23.5,Retail,2,1,2,212,Average Customer,Active,122.0,United Kingdom,804.02,2011-06
18249,2011-11-22 15:07:00,2011-11-22 15:07:00,1,128,95.34,95.34,128.0,8.0,Retail,3,1,1,311,Average Customer,Active,16.0,United Kingdom,95.34,2011-11
18250,2011-02-02 13:16:00,2011-02-02 13:16:00,1,199,349.27,349.27,199.0,21.0,Retail,1,1,1,111,At Risk / Lost Customer,Churned,309.0,United Kingdom,349.27,2011-02
18251,2009-12-22 12:01:00,2011-09-13 15:03:00,9,39639,26278.86,2919.8733333333334,4404.333333333333,12.0,Wholesale,,,,,,,,,,
18252,2009-12-18 16:13:00,2011-10-20 12:43:00,7,932,1533.69,219.09857142857143,133.14285714285714,18.571428571428573,Retail,2,3,3,233,Loyal Customer,Active,50.0,United Kingdom,1533.69,2009-12
18253,2010-03-07 12:38:00,2010-03-07 12:38:00,1,128,317.88,317.88,128.0,7.0,Retail,1,1,1,111,At Risk / Lost Customer,Churned,642.0,United Kingdom,317.88,2010-03
18254,2010-05-07 14:37:00,2010-05-07 14:37:00,1,188,267.9,267.9,188.0,16.0,Retail,1,1,1,111,At Risk / Lost Customer,Churned,580.0,United Kingdom,267.9,2010-05
18255,2010-09-09 16:31:00,2011-09-11 13:16:00,2,201,303.15,151.575,100.5,9.5,Retail,2,1,1,211,At Risk / Lost Customer,Active,88.0,United Kingdom,303.15,2010-09
18256,2010-11-17 08:53:00,2010-11-17 08:53:00,1,180,110.7,110.7,180.0,10.0,Retail,1,1,1,111,At Risk / Lost Customer,Churned,387.0,United Kingdom,110.7,2010-11
18257,2010-02-18 16:20:00,2011-10-31 14:48:00,12,2369,4600.15,383.3458333333333,197.41666666666666,22.916666666666668,Retail,3,3,3,333,Best Customer,Active,38.0,United Kingdom,4600.15,2010-02
18258,2010-05-16 11:35:00,2010-09-01 14:20:00,6,1981,2059.67,343.27833333333336,330.1666666666667,8.333333333333334,Retail,1,3,3,133,Loyal Customer,Churned,463.0,United Kingdom,2059.67,2010-05
18259,2009-12-08 08:38:00,2011-11-15 12:34:00,7,1274,3941.9,563.1285714285715,182.0,12.142857142857142,Retail,3,3,3,333,Best Customer,Active,24.0,United Kingdom,3941.9,2009-12
18260,2009-12-15 13:50:00,2011-06-20 12:37:00,23,5244,9947.26,432.4895652173913,228.0,17.82608695652174,Retail,2,3,3,233,Loyal Customer,Churned,172.0,United Kingdom,9947.26,2009-12
18261,2011-09-05 09:34:00,2011-10-27 15:36:00,2,146,324.24,162.12,73.0,10.5,Retail,3,1,1,311,Average Customer,Active,42.0,United Kingdom,324.24,2011-09
18262,2010-04-16 09:05:00,2011-07-22 16:04:00,3,552,577.54,192.51333333333332,184.0,14.0,Retail,2,2,2,222,Average Customer,Churned,139.0,United Kingdom,577.54,2010-04
18263,2011-04-01 11:48:00,2011-11-14 09:00:00,3,1468,1213.1599999999999,404.3866666666666,489.3333333333333,20.333333333333332,Retail,3,2,2,322,Loyal Customer,Active,25.0,United Kingdom,1213.1599999999999,2011-04
18264,2010-07-29 10:02:00,2010-07-29 10:02:00,1,241,603.25,603.25,241.0,36.0,Retail,1,1,2,112,At Risk / Lost Customer,Churned,498.0,United Kingdom,603.25,2010-07
18265,2011-07-04 15:26:00,2011-09-28 14:10:00,2,311,801.51,400.755,155.5,23.0,Retail,2,1,2,212,Average Customer,Active,71.0,United Kingdom,801.51,2011-07
18266,2010-10-01 15:33:00,2010-10-01 15:33:00,1,138,251.1,251.1,138.0,14.0,Retail,1,1,1,111,At Risk / Lost Customer,Churned,433.0,United Kingdom,251.1,2010-10
18267,2010-02-05 08:43:00,2010-02-05 08:43:00,1,135,269.37,269.37,135.0,17.0,Retail,1,1,1,111,At Risk / Lost Customer,Churned,672.0,United Kingdom,269.37,2010-02
18268,2009-12-11 10:27:00,2011-07-28 19:13:00,6,711,1490.23,248.37166666666667,118.5,11.166666666666666,Retail,2,3,3,233,Loyal Customer,Active,133.0,United Kingdom,1490.23,2009-12
18269,2010-12-08 13:53:00,2010-12-08 13:53:00,1,76,168.6,168.6,76.0,7.0,Retail,1,1,1,111,At Risk / Lost Customer,Churned,365.0,United Kingdom,168.6,2010-12
18270,2010-10-03 10:49:00,2011-11-01 13:57:00,3,209,444.55,148.18333333333334,69.66666666666667,5.666666666666667,Retail,3,2,2,322,Loyal Customer,Active,37.0,United Kingdom,444.55,2010-10
18271,2009-12-08 11:27:00,2010-04-09 09:26:00,2,319,680.85,340.425,159.5,10.5,Retail,1,1,2,112,At Risk / Lost Customer,Churned,609.0,United Kingdom,680.85,2009-12
18272,2010-03-04 12:53:00,2011-12-07 12:43:00,9,2880,4385.9800000000005,487.33111111111117,320.0,25.11111111111111,Retail,3,3,3,333,Best Customer,Active,2.0,United Kingdom,4385.9800000000005,2010-03
18273,2010-04-28 12:24:00,2011-12-07 13:16:00,4,140,357.0,89.25,35.0,1.0,Retail,3,2,1,321,Average Customer,Active,1.0,United Kingdom,357.0,2010-04
18274,2011-11-09 17:03:00,2011-11-09 17:03:00,1,88,175.92,175.92,88.0,11.0,Retail,3,1,1,311,Average Customer,Active,29.0,United Kingdom,175.92,2011-11
18275,2009-12-08 16:23:00,2010-05-10 15:46:00,2,417,741.85,370.925,208.5,9.5,Retail,1,1,2,112,At Risk / Lost Customer,Churned,577.0,United Kingdom,741.85,2009-12
18276,2009-12-10 17:14:00,2011-10-27 10:54:00,6,1246,1656.52,276.08666666666664,207.66666666666666,15.666666666666666,Retail,2,3,3,233,Loyal Customer,Active,43.0,United Kingdom,1656.52,2009-12
18277,2010-08-02 10:26:00,2011-10-12 15:22:00,5,449,1180.05,236.01,89.8,12.8,Retail,2,2,2,222,Average Customer,Active,57.0,United Kingdom,1180.05,2010-08
18278,2010-10-31 12:13:00,2011-09-27 11:58:00,2,140,414.20000000000005,207.10000000000002,70.0,12.0,Retail,2,1,1,211,At Risk / Lost Customer,Active,73.0,United Kingdom,414.20000000000005,2010-10
18279,2010-07-08 14:48:00,2010-07-08 14:48:00,1,630,231.33999999999997,231.33999999999997,630.0,13.0,Wholesale,,,,,,,,,,
18280,2010-11-10 15:51:00,2011-03-07 09:52:00,2,194,488.15000000000003,244.07500000000002,97.0,15.0,Retail,1,1,2,112,At Risk / Lost Customer,Churned,277.0,United Kingdom,488.15000000000003,2010-11
18281,2010-05-11 10:49:00,2011-06-12 10:53:00,2,146,201.14,100.57,73.0,8.5,Retail,2,1,1,211,At Risk / Lost Customer,Churned,180.0,United Kingdom,201.14,2010-05
18282,2011-08-05 13:35:00,2011-12-02 11:43:00,2,103,178.05,89.025,51.5,6.0,Retail,3,1,1,311,Average Customer,Active,7.0,United Kingdom,178.05,2011-08
18283,2010-02-19 17:16:00,2011-12-06 12:02:00,22,1679,2664.9,121.13181818181819,76.31818181818181,41.13636363636363,Retail,3,3,3,333,Best Customer,Active,3.0,United Kingdom,2664.9,2010-02
18284,2010-10-04 11:33:00,2010-10-04 11:33:00,1,494,461.68,461.68,494.0,28.0,Retail,1,1,2,112,At Risk / Lost Customer,Churned,431.0,United Kingdom,461.68,2010-10
18285,2010-02-17 10:24:00,2010-02-17 10:24:00,1,145,427.0,427.0,145.0,12.0,Retail,1,1,2,112,At Risk / Lost Customer,Churned,660.0,United Kingdom,427.0,2010-02
18286,2009-12-16 10:45:00,2010-08-20 11:57:00,2,608,1296.43,648.215,304.0,33.5,Retail,1,1,2,112,At Risk / Lost Customer,Churned,476.0,United Kingdom,1296.43,2009-12
18287,2010-05-17 11:55:00,2011-10-28 09:29:00,7,3013,4182.99,597.5699999999999,430.42857142857144,21.857142857142858,Retail,3,3,3,333,Best Customer,Active,42.0,United Kingdom,4182.99,2010-05
